"","Site","Alt_m","Area_ha","Perim_m","Easting","Northing","No.of.Des","Any.Anc","Pos_Hetero_Index","Buffer1","Buffer2","Buffer3","Richness","no_NVC","sd_pH","sd_SOM","no_MSG","sd_LBA","sd_meandbh","sd_treedensity","no_trees","sd_R","mean_R","sd_N","mean_N","sd_W","mean_W","sd_L","mean_L","meandbh","meanph","meanSOM","meanLBA","meantreedensity","area_ratio"
"1",49,42.5625,18.67706992,3784.901264,1884,2338,0,1,3,17.7,14.02,11.83,45,4,1.04410347507642,13.1898906358215,3,0.669236690766229,4.26306853490925,0.149707701316042,0,1.2518988301989,5.48969072164948,1.62408465266865,5.12621359223301,1.65493542822911,5.51456310679612,1.47580534651115,4.68446601941748,12.1675,4.40175,30.20717125,0.8598882705,0.3415625,49.3462540163108
"2",50,124,13.56158267,2128.348707,2595,5822,1,1,16,60.25,62.05,60.62,116,7,0.610638405687032,2.98795387778972,2,1.81705177526497,17.0773334667135,0.264082531291514,3,1.4069959612387,5.23300970873786,1.82106629281475,4.62528216704289,1.8678849559203,5.4627539503386,1.84006551177047,5.0744920993228,18.78875,5.2319375,12.526772625,2.0152825999375,0.306875,63.7188005207833
"3",51,109.5,9.42501258,2188.570764,2188,2215,0,1,4,28.18,27.41,22.79,33,4,0.343757836274317,4.98577559997773,2,0.560439156284614,2.71075504549317,0.198870770434806,0,1.31863007329791,5.64878048780488,1.52508546548275,5.30697674418605,1.47178048503548,5.33023255813954,1.36308011284912,4.52558139534884,15.279375,4.481375,17.60625,1.671302748,1.041875,43.0646919671636
"4",52,191.5625,16.18931772,2087.952053,2648,2407,0,1,9,11.31,12.91,14.53,48,2,0.225,5.14378265481737,3,0.657540137349275,5.994491777179,0.152772979722637,0,1.61499618309658,4.44978165938865,1.90507102455682,3.96168582375479,2.060412372633,5.11111111111111,1.96809955443684,4.69731800766283,16.87375,3.95625,19.2625,1.0325531479375,0.451875,77.5368270393899
"5",53,75,13.35838278,4702.494672,3509,3420,0,0,78,10.1,5.99,6.32,89,4,1.20381338531629,26.8412245125541,2,1.11748616392408,8.86624683373222,0.295397331290134,1,1.16635960871513,5.9775,1.60740896316464,5.84671532846715,1.59245744585888,6.21654501216545,1.39914010062813,5.48175182481752,15.585625,6.3375,33.925,1.5500569064375,0.416875,28.4070131105935
"6",54,103.4375,7.970669264,1157.4305,3392,5015,0,0,17,50.59,56.06,57.17,49,4,0.79212961902288,14.71624117901,3,0.662811689861409,13.0924537902564,0.131299593804906,1,1.61379767059003,4.61111111111111,1.91916385865662,4.2152466367713,2.00665478713584,4.79820627802691,1.94897128558419,4.69506726457399,22.925625,4.293,19.515671875,0.838044384,0.159375,68.8652084423212
"7",55,226.0625,22.31570572,2465.491107,2594,2162,3,1,1,28.49,20.2,20.24,57,4,0.676505503180376,22.6290210541231,2,1.32281215990872,0.900332346044134,0.241296627618373,0,0.957670865276056,6.27376425855513,1.22403763923573,5.52808988764045,0.92011461747747,5.35580524344569,1.19954418609739,4.83520599250936,8.83125,6.5156875,27.9472251875,0.9023488586875,0.6190625,90.5122133948951
"8",56,149.5625,21.71435794,4225.455344,3230,7487,1,1,6,11.85,18.73,18.65,72,5,0.634585323918961,3.50285398116377,3,0.720792975507026,4.38095404373674,0.197466241840641,0,1.3310848334557,5.3,1.69494358021189,4.94970414201183,1.55156483324967,5.40236686390533,1.54738623420733,4.79585798816568,15.35875,4.8185,11.89260625,1.7233353763125,0.418125,51.3893916091993
"9",57,143.1875,53.08094992,4296.845734,4704,5142,0,0,7,27.14,25.06,34.4,76,7,0.80590501663244,2.75955885372788,2,1.34224235316677,4.91824020018001,0.481850166891466,2,1.12618180613428,5.95454545454545,1.62191222114837,5.48447204968944,1.46175683181283,5.54347826086957,1.57393584575574,5.09316770186335,10.7475,5.6986875,8.0901919375,1.754505865875,0.693125,123.534688480859
"10",58,156.8125,17.20038523,4283.998861,3058,1885,1,1,5,29.77,31.52,34,91,6,0.798891638459184,14.1473575755957,4,1.1983948766316,12.9297104247027,0.194353361603721,1,1.41524118746491,5.02447552447552,1.79017375205571,4.38436482084691,1.96828768079542,5.77524429967427,1.8074711475083,5.25081433224756,21.18875,4.844625,19.6656806875,2.104008048625,0.3328125,40.1503029951436
"11",59,9.25,52.46149046,6945.11773,2434,6896,1,1,10,77.96,77.04,73.45,112,7,0.347009555874376,16.0573676172936,3,0.665166483992771,5.40191953062841,0.173140434012711,2,1.43137472576605,5.47229551451187,1.97300990362454,4.58852867830424,2.46048572947247,6.81047381546135,1.95256082250619,6.00249376558603,10.845,4.99164285714286,22.2924843571429,0.683015902857143,0.263928571428571,75.5372226929838
"12",60,48.125,16.27987583,1820.24667,3468,4762,2,1,16,51.47,55.39,62.44,85,6,0.67557047189764,19.0966391022085,2,1.28705439091209,4.14618333530972,0.350155768908639,1,1.24308844834213,6.07079646017699,1.92004181357358,4.27777777777778,1.71228463056134,4.55555555555556,2.01100958330873,4.87037037037037,10.533125,6.1964375,41.08125,1.696950906875,0.6715625,89.4377454347987
"13",61,105.6875,20.61640971,1970.471277,4135,5560,0,0,6,61.51,58.77,54.65,82,5,0.507769628703149,6.09947528191155,3,0.478576496488239,6.45851892206461,0.296642145522176,0,1.55261704241229,4.76644736842105,1.90995229028666,4.03235294117647,2.18790033147978,5.32647058823529,2.07560339334586,5.22058823529412,10.63,4.6495625,15.0812963125,0.3994485973125,0.4821875,104.626796394556
"14",62,112.125,20.01703033,3020.358522,3410,4930,0,1,18,45.39,53.17,54.01,94,5,0.781294897376571,17.0372427733637,2,0.839651406286568,13.0950915581628,0.133000234962198,5,1.50319509437066,5.0156862745098,1.81174058995862,4.45555555555556,1.51109987361276,5.31481481481481,1.74024295600289,5.65925925925926,15.773125,4.748375,21.337355625,0.7231799025625,0.1365625,66.2736896437886
"15",63,47.6875,5.371254194,1803.257973,4013,5612,0,0,7,43.55,46.13,40.62,91,5,0.5684763931104,2.56825087812592,3,1.18892012230261,5.49970241619187,0.178123819962674,0,1.20722857548269,5.99122807017544,1.79169982738851,5.45730027548209,1.54876493230857,5.20110192837466,1.68279187744893,4.9504132231405,14.3946666666667,5.68446666666667,8.5326354,1.9900680464,0.467666666666667,29.7863881620004
"16",64,184.125,14.32123374,2686.327725,3670,4890,0,1,16,58.54,56.39,45.98,77,6,0.629698892990398,8.88757888043849,2,0.94884609497163,21.6105145704585,0.145481957644238,4,1.49232366279233,4.99519230769231,1.4440905367446,4.78301886792453,1.13312847834639,5.59905660377358,1.40720130247178,5.31603773584906,22.0975,4.3961875,17.950438125,1.0602875205625,0.15875,53.3115658477597
"17",65,53.125,10.00272477,1516.901355,3183,1431,0,0,11,15.14,14.2,15.27,43,6,0.398902154878445,3.40992240041495,1,1.11634398644102,3.87402240356626,0.136894119669181,0,0.872643269698809,6.39748953974895,1.48447072149278,5.73493975903614,1.45241265700694,5.43373493975904,1.39871593622231,4.6425702811245,17.763125,7.4854375,17.23240875,2.6040857854375,0.45,65.9418276411257
"18",66,80.3125,14.86101432,2875.092063,2403,2114,0,0,18,5.34,7.36,11.9,118,9,0.304118272732047,3.93741479121711,3,1.04614128175827,10.3046301688448,0.208158343174933,1,1.28155959079022,5.61758691206544,1.59994253573678,5.11023622047244,1.76376670089829,6.03937007874016,1.6293692015907,5.42322834645669,15.918125,5.13326666666667,11.1526666666667,1.36683824125,0.2971875,51.6888294161035
"19",67,83.125,45.41089719,6417.270738,3527,5425,0,0,23,20.12,22.93,23.56,64,6,0.471357737463454,2.13672052362259,3,1.90483451260795,7.71773444736213,0.18084062965311,0,1.62255122635836,4.89230769230769,1.89589978431762,4.32558139534884,1.78954679241262,5.05581395348837,1.79748429576538,4.75813953488372,17.50625,4.779375,7.2552935,1.379478242875,0.2475,70.7635676349113
"20",68,17.6875,4.836788476,1062.280594,2507,6851,1,1,8,37.8,38.3,48.95,79,5,0.667723196142433,2.90120126544066,3,1.07293406547759,6.2389990850563,0.100982156014483,0,1.17482881513905,5.71942446043165,1.9182715734146,5.04845814977974,1.93612065132161,5.67180616740088,1.73338375139775,4.87665198237885,17.118125,5.454,9.2209726875,2.031481437,0.3140625,45.5321174397732
"21",69,99.75,20.04104907,3097.157084,4885,5040,0,0,8,44.38,58.74,62.33,64,6,0.675913801210381,3.9444773195403,2,1.61895673634405,7.38936214545387,0.174293514413666,1,1.41849366711793,5.50660792951542,1.84216320733375,5.13991769547325,1.69866237529765,5.39917695473251,1.59544807043493,4.66666666666667,14.090625,4.7845,11.962402125,2.041298914,0.3196875,64.7078870281802
"22",70,95.375,14.70348755,3450.669472,4847,5140,0,0,6,13.85,18.14,15.36,55,4,1.01127480398093,3.25821057749953,2,1.3583746323295,16.7948220070949,0.129831621725988,0,1.07049907415554,6.14883720930233,1.46447751743126,5.95433789954338,1.13801849181879,5.67123287671233,1.36742168616012,5.34703196347032,21.759375,5.9570625,9.6077090625,1.3892957199375,0.224375,42.6105359244329
"23",71,69,12.5263151,1444.219174,3685,2137,0,1,8,25.76,31.79,37.83,77,4,0.744507667298777,4.94067724777349,1,0.644693417713581,1.32844128586852,0.376121517376144,0,1.11001268159643,6.02732240437158,1.5953152093086,5.54145077720207,1.47358592810791,5.41968911917098,1.48238201202685,4.82383419689119,10.376875,5.23125,10.63125,1.1967504515,1.0259375,86.7341697542093
"24",72,94.375,14.50761869,1605.812439,3348,4885,0,0,12,23.86,32.36,40.4,69,2,0.322243897020047,5.95694272816742,2,0.727434980635865,11.2853404726368,0.0934612219051303,0,1.48934365733356,4.4775641025641,1.90518030111159,3.82865168539326,2.02724557959185,4.92415730337079,2.03794321158092,4.81179775280899,31.158125,4.6019375,19.5625,1.3861050400625,0.22625,90.3444159333729
"25",73,118.5625,16.80375741,1758.861805,3334,4918,0,1,15,74.86,64.58,59.9,66,3,0.181123819789773,12.3110908669108,2,0.776584060606429,13.0390427658628,0.0826337299977033,1,1.41817828437265,4.05839416058394,1.83018739081907,3.48407643312102,2.08000184711728,4.92356687898089,2.12195098275618,4.71974522292994,27.543125,4.50246666666667,39.38125,1.14434966775,0.18125,95.537678754699
"26",74,71.1875,311.6379448,11340.11341,1708,7847,2,1,12,61.17,62.83,70.3,97,4,0.50578960429167,34.5557780797014,4,0.562165898564484,14.1016984792613,0.127992745330127,3,1.44297835893076,3.625,1.59495469083974,2.85945945945946,2.29668140524203,5.22432432432432,2.2386770847364,5.55675675675676,20.52,4.47613333333333,45.015932,0.580278343066667,0.16,274.810254124257
"27",75,180.5,16.98959892,3030.054644,2757,3683,1,1,1,66.14,50.67,51.57,88,5,0.666439666561548,7.60913228726136,2,1.29155973333722,3.69341525555955,0.202557604975309,0,1.36607932528918,5.44478527607362,1.64841058728896,4.93567251461988,1.48483614771238,5.42982456140351,1.48247524306132,4.95906432748538,10.863125,4.9843125,16.4122840625,1.6407458508125,0.578125,56.0702723749295
"28",76,258.5,97.71073069,5774.602885,2327,7281,1,1,20,99.05,97.41,95.93,57,6,0.459368656418785,37.1894393194839,4,0.577116639488722,20.4589674613196,0.122368551924095,6,1.06933613274184,2.8271186440678,0.988382381702633,2.08517350157729,2.37344703092553,6.17665615141956,2.06604890554464,6.41324921135647,17.138125,4.5236875,57.475729875,0.32765829625,0.0840625,169.207705942536
"29",77,186.8125,108.3968643,4976.124385,2975,8486,0,1,11,86.78,81.94,80.35,84,5,0.56509280089767,32.6951786543924,4,0.718862304777752,10.8266727002455,0.0922051284597864,0,1.31960885165549,3.62461538461538,1.34691914022736,2.98265895953757,1.80560918031047,5.33236994219653,1.77225553201889,5.75722543352601,17.6557142857143,4.52978571428571,27.1769123571429,0.782873669357143,0.235357142857143,217.833912324923
"30",78,296.625,14.20407786,1700.462599,2685,2440,0,1,1,44.69,42.78,51.02,19,2,0.315078131844574,7.80867886948509,2,1.04607641895879,9.14622900434928,0.181262930573242,0,1.47713266295035,3.56666666666667,1.96552069562706,2.75308641975309,2.44898568068446,4.04938271604938,2.58599027047906,3.98765432098765,19.04625,4.5343125,23.266356875,0.876946136625,0.326875,83.5306690564854
"31",79,106.875,104.8382896,6479.057694,5245,1294,0,1,11,49.86,47.46,47.28,88,5,0.343543269504699,7.49467576584637,2,2.53447007987103,5.86897242817151,0.531209613849518,0,1.40300054180222,4.45283018867925,1.94547756171687,3.88,2.09902828290651,5.11,2.12394901546385,5.02333333333333,14.6471428571429,4.54285714285714,12.4357142857143,2.08537237342857,0.5875,161.811014118745
"32",80,97.625,47.84037887,5301.252134,5643,1187,0,1,9,38.49,43.94,45.49,78,5,0.510555253294554,1.75725875537251,4,1.23016619537097,4.95711403775759,0.428006522535969,1,1.43446316083124,4.84192439862543,1.96699862356222,4.08157099697885,2.10233475144245,4.93353474320242,2.11040589816782,4.81570996978852,12.689375,4.475,8.34375,1.1264327721875,0.683125,90.2435456015607
"33",81,88.9375,12.20450345,2479.096687,2588,2239,0,0,11,29.35,15.73,14.04,101,7,0.638605352180307,12.4096803851337,2,1.90611171102138,10.1735038212014,0.186793111935817,0,1.16839080194188,5.71988795518207,1.50303837391597,5.22102425876011,1.58583828846047,5.90296495956873,1.54446020504899,5.30458221024259,18.8325,5.0174375,21.12430525,2.1388600921875,0.30625,49.2296388196496
"34",82,108.375,29.04845103,2577.783577,3658,2087,0,1,9,68.62,63.04,53.35,66,3,0.379598785687254,4.40969710654015,2,0.7887397494973,8.81385473207355,0.0621767832953135,0,1.43719514349238,4.78486055776892,2.0453926996192,4.1038062283737,1.96210739674734,4.87889273356401,2.05827490355968,4.66782006920415,36.2773333333333,4.48666666666667,11.34,2.10944856713333,0.254666666666667,112.687703068565
"35",83,108.75,6.725816569,1269.437839,2825,5924,2,0,11,44.14,46.28,42.65,150,5,0.684078197980597,4.74273588132361,2,0.764837889491828,13.7714074738032,0.116472968456,6,1.46876605306896,5.29142857142857,1.70593126211419,4.80790960451977,1.51965647107237,5.53860640301318,1.42734598533252,6.22222222222222,11.9606666666667,4.96353333333333,13.8416462,0.483543469266667,0.104666666666667,52.9826381597248
"36",84,122.0625,19.72809155,2658.2783,3613,4546,0,0,18,83.91,81.41,78.55,42,4,0.583041475797391,16.6430964131991,4,1.30230105930407,10.8887697499151,0.160394046024159,1,1.44824387146565,4.89130434782609,2.11987667741281,4.11363636363636,2.24787617119571,4.80454545454545,2.21063413512255,4.44090909090909,19.825,3.8431875,18.6918660625,2.187947477375,0.353125,74.2137930027868
"37",85,94.375,38.28882441,3557.400036,2715,2973,2,1,6,77.12,77.19,71.04,73,5,0.379314996627693,16.2269159054437,3,0.718636715365979,13.892763583967,0.134020753989821,1,1.4792649042519,4.69327731092437,1.9527016785902,4.10112359550562,2.07129820461198,5.29213483146067,1.98007591469985,5.0187265917603,25.905,4.3985,27.289956875,1.5269858354375,0.2353125,107.631483731171
"38",86,215.5625,27.5145763,3561.194866,2783,2467,2,1,7,77.98,83.35,84.4,57,2,0.211448496487127,12.7008861306309,3,0.923275745181149,12.9379546135907,0.144625954332778,0,1.49421883030127,4.01363636363636,1.97520363209008,3.26792452830189,2.27002870092655,4.8,2.35936633254308,4.79245283018868,26.301875,4.28375,24.810014375,1.35346192875,0.2575,77.2622036572373
"39",87,198.5625,32.00468203,4664.208689,2916,3694,0,1,4,47.18,58.31,61.6,56,3,0.412711339800592,14.3608565902376,2,0.823232847702388,16.6492813533598,0.175337769272149,0,1.54879359822641,4.63157894736842,1.83352329151078,3.96335078534031,1.97213993043294,4.92670157068063,2.10862366126184,5.42931937172775,37.296875,4.600125,22.74473375,1.8417586931875,0.2775,68.6176030362436
"40",88,172.125,36.03671053,2507.412069,5137,1427,1,1,15,60.83,53.22,52.18,97,4,0.425391976103609,3.99564346090422,2,1.32210914548198,7.18982982529258,0.399893735884922,0,1.36518120990466,5.37931034482759,1.85652542668339,4.97794117647059,1.70870996462804,5.30392156862745,1.70345768313706,4.7843137254902,14.194375,4.16875,12.5625,1.4536001945625,0.73375,143.720734918422
"41",89,148.0625,36.07308379,4134.617959,2384,2256,0,1,14,23.4,18.3,17.57,46,4,0.257875939164552,20.31176588417,2,0.980394020698901,7.6619274119941,0.211143710933257,0,1.59854516701869,4.31891891891892,1.89184071464476,3.88095238095238,1.96856128641997,4.98095238095238,1.86835478463699,4.56666666666667,15.42375,4.1375,29.9625,1.39678154625,0.43125,87.2464739129722
"42",90,171.5625,49.09123693,5900.793973,2770,804,0,0,18,65.38,65.73,59.36,60,4,0.682135281932508,8.59497702871139,3,0.751715184377499,3.43084926318057,0.113863953909918,0,1.4510154317348,5.176,1.79231152885128,4.66544117647059,1.90739595332739,5.51470588235294,1.61888679135959,4.61764705882353,15.3353333333333,4.3644,18.9579317333333,1.70667020906667,0.391,83.1942907253237
"43",91,105.8125,15.25461143,2075.007466,5347,1320,1,1,13,45.36,50.31,47.15,124,6,0.551879904119935,19.9765457712884,3,1.98116406862374,9.18112489217494,0.389211657438102,0,1.54294094848928,5.41221374045802,1.86991433207506,4.96852300242131,1.81624272304097,5.68523002421307,1.6371134893105,5.3365617433414,16.604,4.88,14.9666666666667,1.79293310733333,0.54,73.5159351470015
"44",92,85.5625,23.91711365,3233.219222,2563,1927,0,1,11,34.59,37.62,31.52,52,5,0.72283997479848,12.0561016516245,3,0.578669113359078,2.52497128696546,0.235774433162999,0,1.2832335257512,5.42352941176471,1.84780610237315,4.79359430604982,1.9246547435979,5.34163701067616,1.66675224318514,4.46263345195729,11.23,4.8961875,19.3631520625,1.21098579325,0.475625,73.9730652572497
"45",93,92.875,43.35048969,3903.092709,3360,1972,0,1,5,26.22,20.76,20.33,60,7,0.572291472212077,3.94376441496802,2,1.4309899161284,3.0654264928935,0.182737288659613,0,1.44152716136323,5.56315789473684,1.76466139832725,5.1044776119403,1.56367343996938,5.37313432835821,1.5108727009275,4.59203980099502,13.764375,4.8759375,11.1221131875,2.086091153,0.519375,111.06702536181
"46",94,174.4375,46.35329671,3921.848763,4835,1975,0,0,12,54.75,38.19,32.03,107,6,0.606080302710238,4.10444880586907,3,1.27346873441094,4.38071070147299,0.258817624013513,0,1.30541838482393,5.67272727272727,1.85314067356621,5.10601719197708,1.56987141572095,5.15472779369628,1.88204866300283,4.96848137535817,12.954375,4.625,9.4875,1.4042673724375,0.3371875,118.192463583278
"47",95,76.6875,10.02089609,1454.909472,4153,5568,1,1,16,51.54,58.17,52.35,84,3,0.223570527915423,4.37627538553049,3,1.45122449076061,2.51920878782737,0.242238690826493,0,1.49956759044943,5.05801104972376,2.00276480401785,4.48756218905473,1.85219696980844,4.94278606965174,1.87748503659931,4.45024875621891,11.235625,4.31806666666667,12.675625,1.5055101045625,0.714375,68.8764234672602
"48",96,99.8125,8.376714166,1763.345136,2540,2185,0,1,5,18.31,16.19,15.07,64,7,0.482036720592944,4.78251580981279,2,1.13805876825636,3.25166213907083,0.281570003137171,0,1.22974323877835,5.45804195804196,1.52739473032906,4.98006644518272,1.59278550658553,5.58471760797342,1.39096913242288,4.67109634551495,13.36,4.69925,15.521467,2.648141713625,0.71375,47.5046773032866
"49",97,204.375,7.523604319,2247.36404,2315,2332,0,0,4,16.27,24.45,19.75,62,5,0.761959773107041,12.5571022431117,2,0.856365406846934,7.19953166879624,0.194261153690936,2,1.34201014979408,5.22846441947566,1.3512449139411,5.06617647058824,1.30814930820076,5.875,1.25403083543726,5.05514705882353,11.801875,4.4791875,24.414313875,0.6853826159375,0.2390625,33.4774615286627
"50",98,108.25,18.14330082,4012.994256,3335,8516,0,1,9,68.76,58.44,59.93,123,3,0.881572284221602,15.6613573115067,3,0.65678377690518,6.31620737793066,0.169273523154171,1,1.46670461272536,5.05116279069767,1.8655065103741,4.6837416481069,1.81099390781398,5.7260579064588,1.64425285509239,5.69487750556793,13.1861538461538,5.14923076923077,13.5918973076923,0.562163839230769,0.230769230769231,45.2113799885788
"51",99,80.25,17.03512645,3346.444744,5340,1725,1,1,6,8.44,7.13,6.5,47,6,1.12842072532072,5.48976903909118,3,1.29540989779828,1.5379160892051,0.438655433961087,0,1.15466030981693,5.74038461538461,1.80398892671697,5.14096916299559,1.60291438600702,4.89867841409692,1.64088013648618,4.46696035242291,10.4576923076923,5.2,25.7384615384615,2.52565924776923,0.795384615384615,50.9051478604064
"52",100,191.5,19.38419353,2504.664288,4700,1875,0,1,11,44,41.91,39.84,34,4,0.365091312778963,17.2573655772446,2,0.918702966083345,7.82334700325464,0.113914715906243,0,1.32543126497129,5.05384615384615,1.94099303045136,4.37671232876712,1.96641618969172,4.84931506849315,2.04291464241247,4.4041095890411,19.31125,4.34375,15.975,1.834763740875,0.2771875,77.3923819765821
"53",101,42.5625,52.43766689,3455.857356,3808,916,0,1,6,75.33,51.5,40.42,56,4,0.646492224108947,13.7088943755505,3,1.36459483542376,2.59584250934708,0.201319604940337,0,1.4864654499125,5.45669291338583,2.03950975704303,4.49300699300699,1.97640355746505,4.82517482517482,1.91843237439312,4.45454545454545,11.77375,4.8409375,12.30375,1.5746005991875,0.524375,151.735622996588
"54",102,136.3125,31.28421395,2746.350803,4105,2970,1,1,10,42.1,22.17,13.89,66,6,0.753851223164536,30.2479413900076,3,1.07701388605282,10.5158489116825,0.311517120984813,0,1.40149048693916,4.63087248322148,2.0007880220952,3.70285714285714,2.8094959782652,5.45714285714286,2.4127874987154,5.01714285714286,14.51625,4.28125,42.70625,2.8979965044375,0.776875,113.911936944932
"55",103,103.25,5.911478226,984.1075225,4121,1414,0,0,11,13.17,16.02,15.86,77,4,0.103077640640442,3.49454336549617,1,1.31234510647779,1.70723899908595,0.60680301237991,0,0.690225164590705,6.55516014234875,1.55044439399678,5.96896551724138,1.14847003220239,5.19310344827586,1.53992330947659,5.84827586206897,8.90375,8.65625,17.9875,0.7445329150625,0.8778125,60.0694343945532
"56",1,81.5625,65.80376473,3631.911458,4355,2710,0,0,9,30.25,21.96,20.91,93,3,0.444222166638872,9.71768147931045,3,0.973543903942089,9.13740515226652,0.207103033938826,0,1.3871182271121,5.23860589812332,1.80392763311335,4.63819095477387,1.59434472946975,5.27386934673367,1.6943535696428,5.16834170854271,19.804375,4.3,19.75,1.438628542125,0.53375,181.182183241429
"57",2,102.125,18.40945887,2599.198759,5503,1266,0,0,11,39.41,38.26,39.52,101,4,1.07716835576741,4.41195346001443,3,0.964767478434145,10.0501169976606,0.456091639183765,1,1.37497260426815,5.24509803921569,1.86300514047141,4.67065868263473,1.84061509061944,5.22455089820359,1.84290951409824,4.99101796407186,17.64625,4.78125,11.1,1.2903846388125,0.631875,70.8274379027587
"58",3,156.8125,22.20204377,1450.674945,2955,1479,0,0,10,35.66,18.39,20.31,64,3,0.573486803933372,2.32798023263763,2,0.76798193350525,5.91496222263829,0.232382586840466,0,1.60844151675937,4.97008547008547,1.94564360311867,4.31417624521073,1.67747160727726,4.96168582375479,1.88439853916472,5.05363984674329,17.8793333333333,4.7826,10.318023,1.0694504992,0.364666666666667,153.046303353643
"59",4,151.1875,12.03048588,2583.175449,4567,4850,2,1,9,55.25,39.17,38.93,66,5,1.15019059290189,5.03835380686888,2,0.823730193255397,3.66090101614343,0.52683291152572,2,1.17763187071265,5.88212927756654,1.72802196393278,5.11785714285714,1.47072473087216,5.25714285714286,1.61565561366151,4.85714285714286,8.536875,6.2805,11.1323988125,0.8660241936875,0.793125,46.5724691083498
"60",5,183.0625,44.8554907,2980.509919,4274,1735,1,1,8,20.09,21.27,21.95,131,9,1.82855817517518,6.35074470698778,2,0.835111899583115,9.9814936883214,0.419587967534819,6,1.35565975468535,5.94166666666667,1.66310150243936,5.43935309973046,1.25859469666597,5.31536388140162,1.66879493069867,5.42048517520216,8.041875,6.23125,14.55625,0.7218299995,0.4390625,150.49602893135
"61",6,101,88.98900349,4745.13393,3790,1432,0,0,20,39.2,29.77,27.22,106,4,1.08535708409721,2.88922567481324,4,1.37385403316391,3.7983461313226,0.325964594191864,0,1.3268070648394,5.65158371040724,1.70098709099692,4.86016949152542,1.75321581633801,5.47669491525424,1.65980631321039,4.97033898305085,12.5675,5.575,11.06875,1.5342262248125,0.555625,187.537390519976
"62",7,198.1875,24.90943787,2251.87774,3537,1570,0,1,7,13.25,9.37,13.31,60,5,0.424848242513332,7.02023277010015,2,0.520234583648242,9.84057239188859,0.322086944783548,3,1.02563185106944,6.01111111111111,1.40664610781876,5.39350180505415,1.04036163214636,5.34657039711191,1.4089131849355,4.97833935018051,13.36125,6.2038125,15.2249519375,0.8175504006875,0.43,110.616297801318
"63",8,123.3125,30.44571183,2613.736713,4724,2435,1,1,5,28.94,34.72,29.15,113,4,0.914125264939111,3.23326460408053,2,3.6380282087555,1.42567863957251,0.462636916670802,0,1.00079320362316,6.25570776255708,1.49046130673007,5.59023668639053,1.34499420951349,5.64349112426035,1.42829489199109,5.36686390532544,10.565625,5.73125,14.725,3.200006641875,0.720625,116.48346858569
"64",9,52.8125,51.1485469,8305.46411,4435,5458,2,1,4,24.02,12.31,10.27,60,5,1.16990908300603,3.20567481776721,2,1.69884541466312,8.97306429914924,0.21005926743025,0,0.84595560217914,6.35064935064935,1.26204261014955,5.88888888888889,0.922196124285614,5.53846153846154,1.27330625910004,4.92735042735043,15.341875,6.8020625,9.9789641875,1.77831324775,0.3453125,61.5842127815781
"65",10,146.75,57.77718792,3242.725717,4715,1880,0,0,13,56.69,46.78,40.76,72,4,1.15347301658947,4.32510115488644,2,0.908250090044136,18.4498626914493,0.254373208429399,0,0.978655194029272,6.28352490421456,1.55663876067709,5.72324723247232,1.25659664319326,5.31365313653137,1.51766960607714,4.8929889298893,19.8875,7.9875,13.3625,1.097471214875,0.4084375,178.174760872012
"66",11,81.5,25.43497616,2049.96298,5011,3267,0,1,14,21.27,20.45,20.39,68,4,0.366060104354463,3.46933591147739,3,1.03959195458103,11.1258428706922,0.10685221492011,0,1.24015591949294,5.95384615384615,1.66781049249748,5.35502958579882,1.67824509329113,5.71301775147929,1.64617507191388,5.21597633136095,24.159375,4.475,12.38125,2.22832185175,0.3090625,124.07529505728
"67",12,128.8125,26.37244199,3550.652462,3797,1895,1,1,12,14.88,15.78,17.31,83,5,0.5300550285898,6.94670185531715,4,1.01030134935101,1.6842980733825,0.252861745821704,0,0.999978609396889,6.376,1.30134046878296,5.82105263157895,1.11003740033149,5.60263157894737,1.26021448017259,5.01578947368421,9.8225,7.96875,26.675,1.176992779,0.7915625,74.2749178418465
"68",13,96.25,84.91371374,4562.85115,4170,2627,0,1,6,28.95,23.88,22.29,102,6,1.65489173865443,9.42414452350981,2,1.52882994461915,7.4500639538642,0.434063047455858,4,1.46694209124208,5.64192139737991,1.95377498414998,4.96385542168675,1.83750952347639,5.13654618473896,2.02851642101315,5.23293172690763,10.154375,5.65,13.8125,1.5987761364375,0.5059375,186.097926380965
"69",14,89.8125,23.45172422,2613.238767,3918,1756,0,0,10,20.06,16.35,13.82,59,4,0.252847640223647,19.5416536318364,3,1.63518493492741,2.26920984779578,0.22102955119169,0,1.16584951831811,5.78740157480315,2.38652137101426,4.68181818181818,2.30804073467831,4.68831168831169,2.30807751122228,4.35064935064935,10.2575,4.1229375,25.61,1.741743145875,0.5740625,89.7419880500342
"70",15,84.75,4.207443166,1137.525613,4823,5022,0,0,6,41.64,50.47,58.39,44,4,0.81917274182701,4.32043977673222,2,1.55746439421763,7.04339427102749,0.109558638354514,0,1.41218553040852,5.07547169811321,1.74040289487546,4.5748502994012,1.79046283412363,5.64670658682635,1.79994709298674,5.31137724550898,43.838,5.72186666666667,10.8336839333333,2.6556929898,0.275666666666667,36.987678500739
"71",16,99,61.21988139,3824.044449,4582,1750,0,0,11,43.35,42.23,35.53,86,4,1.05733548759764,8.28725929766088,2,1.01455525216798,3.66219509538564,0.175165398029025,0,1.29722810325698,5.6625,1.54112605221132,5.27884615384615,1.27832142021589,5.40384615384615,1.43761005139441,4.88701923076923,12.230625,4.60625,13,1.8887598644375,0.389375,160.09197122698
"72",17,117.75,32.70605592,4894.95023,4569,4851,2,1,8,51.02,39.27,39.67,65,4,1.70403046865226,16.9861348573532,2,0.885856924250831,1.80384985121109,0.396206115190422,0,1.22817795532853,5.78991596638655,1.87226641617906,4.98091603053435,1.74124197216447,5.11832061068702,1.70048174068129,4.6030534351145,10.152,5.24186666666667,21.8764459333333,1.59946335973333,0.851,66.8159110577923
"73",18,134.8125,10.64283215,2634.715286,3157,2947,0,1,7,40.01,37.46,37.13,95,7,0.656179393027039,4.66607148307041,1,2.36007535731343,18.8204820607762,0.227478020916307,1,1.10672639113889,6.09846153846154,1.62516738649157,5.46449704142012,1.20656772056926,5.25739644970414,1.50572334153412,5.17159763313609,14.99625,5.2030625,15.234301875,2.2404709795625,0.510625,40.3946195118405
"74",19,68,48.06352947,3575.975042,3742,1877,2,1,14,40.4,24.82,22.75,63,2,0.515752524634312,7.81409880166869,1,0.689659594520338,1.79040358578729,0.231910318514147,0,0.979879251707258,6.21575342465753,1.58134415508606,5.28990228013029,1.42362120098034,5.37785016286645,1.39337569110691,4.7328990228013,10.80625,6.475,20.32672,1.221171425625,0.5834375,134.406781103032
"75",20,110.125,38.60619626,3738.886386,4870,1147,0,1,14,35.69,37.78,37.72,102,4,0.866201968365346,2.79820388821115,2,0.749341543805272,9.52952849480673,0.449027537203084,1,1.12049364930285,6.21188630490956,1.58366388651748,5.66161616161616,1.32574316393065,5.41666666666667,1.58568103659828,5.28787878787879,12.4025,7.205875,12.71375,0.9244381819375,0.6465625,103.255868925459
"76",21,73.5,12.51788812,1410.712781,5030,3340,1,1,12,14.98,14.47,12.73,59,4,0.629517010625342,3.04126481363703,3,0.938541896491968,7.72350956495815,0.159958327906573,1,0.696394998913257,6.46551724137931,1.52037078150905,5.94666666666667,1.32557385398303,5.57333333333333,1.4763690432407,5.26,20.505,5.61875,10.84375,1.7159722685625,0.37,88.734491447129
"77",22,95.625,35.6826072,2831.914722,3703,1321,0,1,10,14.68,9.8,10.93,69,5,0.628357223241685,2.7323458216543,2,1.12792902159027,4.80615421447682,0.183747732412312,2,0.88337669641519,6.39249146757679,1.39828244587766,5.72093023255814,1.30483384464316,5.66777408637874,1.29505405506376,4.9468438538206,10.06375,7.3395,11.8606986875,1.0936669425,0.3378125,126.001700979186
"78",23,69.625,7.912139656,1144.860247,3698,2283,1,1,97,33.43,30.29,28.74,104,3,0.550151494287407,1.70626297308865,2,0.96118692402514,2.42653628312732,0.271535563969068,0,1.14510779100719,5.88454376163873,1.65965958362072,5.15696649029982,1.55883927025788,5.31040564373898,1.5476268855929,4.97530864197531,11.67875,5.45,7.525,1.953677931375,0.4853125,69.1100916180209
"79",24,124.375,11.38723876,1610.047033,3782,1574,0,1,6,14.64,18.46,19.47,65,4,0.426645832824682,3.56174114724807,2,0.49516352485862,5.90688129783109,0.360082745120248,8,0.993835749611929,6.46666666666667,1.56077869364215,5.85561497326203,1.33019583703562,5.22994652406417,1.80730314585893,5.36898395721925,5.5475,6.77,15.525,0.429882776,0.295625,70.726124930538
"80",25,45,9.052129629,1331.403055,5291,2629,0,0,NA,9.52,6,6.58,69,3,1.02011028815516,4.79335912139563,3,0.793666191584029,3.6360583053631,0.374254675989492,0,0.698154012299,6.54285714285714,1.23074846497469,6.02347417840376,0.989812788627903,5.51643192488263,1.08388818030588,5.32394366197183,12.695,6.80625,16.11875,1.529194767875,0.7178125,67.9894010683339
"81",26,135.9375,9.688680598,2238.797143,3668,1512,0,1,14,7.46,10.72,13.28,81,7,0.808815419816742,8.93429677032632,2,1.87610241279601,12.1022821367156,0.191724357259756,2,1.13321420517096,6.03267973856209,1.47835498236651,5.66455696202532,1.40039318225223,5.74683544303798,1.38456066602165,4.93987341772152,16.920625,5.037125,12.866535625,2.5510714094375,0.3696875,43.2762773004843
"82",27,89.8125,9.077027209,1185.034356,5565,2478,0,0,9,8.67,10.48,9.54,37,3,1.41179554704875,2.11903083192923,2,1.05797540019292,10.0610814528062,0.603896290075263,1,0.820855565474749,6.82051282051282,1.15863385261862,6.39593908629442,0.858471293505812,5.38071065989848,1.2722687497841,5.23350253807107,15.025,7.6375,10.66875,1.7164631424375,0.7559375,76.5971649939236
"83",28,49.375,5.087040292,1769.575042,4683,3484,0,1,6,12.75,10.19,10.81,48,3,0.960642666829521,8.11054270173499,1,0.865670060107682,2.75852610101844,0.231076286104827,0,0.698025489028397,6.62109375,1.38109841023497,6.24905660377359,1.09360373317505,5.32075471698113,1.41883515466458,5.04528301886792,14.575625,5.53675,12.573125,1.17723821575,0.409375,28.7472425371153
"84",29,55.75,26.33209824,3255.458027,4810,1845,0,0,14,41.42,35.36,28.66,76,8,1.93953942646526,7.88769036795051,2,1.20408811740922,17.5995274037448,0.289697881658397,1,1.07352681423469,6.09440559440559,1.69570993217882,5.64765100671141,1.28473918156516,5.18120805369128,1.70649317384729,5.15436241610738,19.5242857142857,6.07857142857143,17.0785714285714,1.39043524857143,0.370357142857143,80.8860013602012
"85",30,90.125,70.65017076,3919.491553,3795,1130,1,1,13,16.92,12.7,11.25,66,5,0.490374376539667,12.2961393891861,2,0.74471336918916,15.8142441594068,0.18988593067067,1,1.40852310213636,5.417004048583,1.84992175747903,4.65055762081784,1.66590265275292,5.02973977695167,1.69388618338535,4.71375464684015,20.18375,4.5333125,24.45905,0.9105709956875,0.245,180.253407373525
"86",31,107.0625,34.79787233,2655.024928,5588,2496,0,1,11,11.53,7.63,8.62,90,6,0.656360187574881,2.34435492193482,1,1.56379279228472,2.27969734833377,0.512812506347755,0,0.982968466719725,6.35736677115987,1.57498601073404,5.70481927710843,1.40394209206846,5.38253012048193,1.59418966475767,5.16265060240964,10.2125,6.6118125,11.9,1.241788127375,0.9575,131.064201932796
"87",32,59.625,63.29192078,3366.6149,5353,2085,0,0,17,58.07,39.03,34.94,55,4,0.220605228103657,8.35805998223671,3,0.932045300946812,3.9707075356079,0.168359424545623,0,1.40584430763586,4.96648044692737,2.0214549355791,4.28571428571429,2.04360359686578,4.82266009852217,2.0504061168731,4.58620689655172,13.28125,4.075,18.1625,1.3700289211875,0.3496875,187.998695009637
"88",33,54.8125,9.806348871,1455.609466,5013,3158,0,1,7,24.26,23.15,23.35,44,4,1.21475306132563,3.77710206375205,2,1.62199885524997,6.37174985777063,0.163658371310483,0,0.632332151243619,6.59774436090226,1.22150292378401,6.25555555555556,0.896710220378275,5.56666666666667,1.24834462880555,5.13333333333333,17.893125,7.13125,15.9625,2.6930566713125,0.3709375,67.3693672654366
"89",34,44.5,5.002907942,980.4309804,3539,1307,0,0,11,12.21,9.05,12.62,56,4,0.417444482336674,3.39577286400509,1,0.741332419941169,4.33468472517514,0.122888838657816,0,0.846536311772887,6.56643356643357,1.92997790112227,5.64516129032258,1.79705539151563,5.30645161290323,1.76735425974665,4.85161290322581,17.31625,7.9348125,16.4208575,1.7401478058125,0.39875,51.0276403134354
"90",35,70,95.48456536,5651.57918,3436,4870,2,1,15,86.06,61.86,43.95,71,6,1.11708865471815,8.8092036163946,3,1.26918586823316,13.4049706576827,0.142017824585508,0,1.50431141610939,5.41428571428571,1.89986191467173,4.5301724137931,1.941750456431,5.26293103448276,1.85757628113755,4.88793103448276,23.25875,5.7034375,16.5032130625,1.2800762879375,0.3165625,168.952008489776
"91",36,100,12.78587112,3546.451865,3610,4668,0,1,16,20.53,19.08,20.86,79,6,0.844935017225191,3.56410504723459,3,0.794370807914665,7.43041631852931,0.123866527628196,1,1.59957866067263,5.27722772277228,1.6610604928842,4.88924050632911,1.70404145592298,5.53164556962025,1.53746004945066,5.14240506329114,21.0225,5.056375,12.5366941875,1.3067061943125,0.269375,36.0525719979002
"92",37,94.25,20.40030257,2182.187059,3410,4920,0,1,9,35.3,45.68,49.1,63,3,0.646143479293364,6.82279573302018,3,0.551571090661387,7.27698186063426,0.159769365023461,0,1.46637345974585,5.0974358974359,1.93767841215257,4.30593607305936,1.86591276061587,4.99543378995434,1.9656895276229,4.78995433789954,20.55625,4.4479375,19.53119625,0.8878680800625,0.245625,93.4855812926897
"93",38,119.8125,38.23508484,5975.116874,3178,7490,2,1,12,39.91,40.31,38.93,102,5,0.761374302542073,5.12121360508266,2,2.00363016785782,18.5299165315623,0.188763520487055,0,1.52363063393619,5.11290322580645,1.86945979931852,4.62311557788945,1.65515604593565,5.27638190954774,1.68596579600275,4.87185929648241,25.6926666666667,5.0364,10.3963089333333,3.086222083,0.369333333333333,63.9905221040535
"94",39,107.6875,21.90465444,2566.955256,3264,4915,0,0,19,39.98,38.36,42.67,107,6,0.682907726197325,17.761418559157,2,0.557711146730365,12.4359519137057,0.0835557448653293,12,1.57513553113035,4.86253369272237,1.64916284314057,4.13577023498695,1.48064949923753,5.39425587467363,1.53941112495078,6.30548302872063,5.4425,5.3478125,28.934080625,0.1665289543125,0.0303125,85.3332148614592
"95",40,138.4375,12.11916689,2645.363294,3455,8504,1,1,13,42.18,36.51,35.8,135,8,0.557143652929835,14.1606593537636,3,0.592162771152714,5.40777060503371,0.273525592952469,0,1.42567221743998,5.29320388349515,1.79154481350303,4.7196261682243,1.50843939490445,5.67663551401869,1.55919294573333,5.7981308411215,13.806875,5.683875,17.5825,0.70796281325,0.379375,45.8128640307655
"96",41,154.4375,16.66209356,1673.225564,2649,3531,2,1,6,78.25,88.73,90.82,81,5,0.536652118074021,4.87676273301204,2,1.25638605155532,6.46449324515593,0.103754517973918,0,1.12528647824225,5.53080568720379,1.21032108393949,5.0260663507109,1.19923688553653,6.14218009478673,1.1523225505597,5.82464454976303,16.739375,5.2321875,13.2563048125,1.70946819,0.34625,99.5806776951682
"97",42,188.6875,25.93542076,3962.953431,3150,8367,0,1,17,76.06,79.26,78.8,92,7,0.733489729535004,28.8210149890666,4,0.741503833057252,9.42240642918075,0.18424168909343,1,1.52800069300932,4.04406779661017,1.71092744652505,3.225,2.09768307774813,5.53125,1.96997197360838,5.709375,19.406875,5.303125,37.58375,0.6331045508125,0.22375,65.4446770863405
"98",43,164.9375,68.40071514,5347.789514,3239,5131,1,1,21,86.03,90.02,91.19,106,5,0.631466807652363,21.2114635608362,2,0.725886840881157,19.8982517552841,0.0906360625431916,5,1.56731901981158,4.59815950920245,1.62057982635363,3.93413173652695,1.67964681674388,5.87125748502994,1.44791737616525,6.09281437125748,20.533125,5.3069375,24.53769,0.6464808633125,0.0803125,127.904650998199
"99",44,153.5625,39.71151479,3918.143068,3653,4468,0,1,6,22.69,26.7,32.54,98,7,1.06553798618351,3.23838870364677,3,0.930192419320387,11.5444892878233,0.127501225484307,8,1.52532577600273,5.40492957746479,1.54608864484129,4.96515679442509,1.40555518931828,5.44947735191638,1.4441344230596,5.90592334494773,9.830625,5.714,8.4538800625,0.5654866776875,0.0921875,101.352896259275
"100",45,59.5,12.8303422,2625.788925,4148,5569,0,0,6,57.83,61.92,52.56,75,6,0.811963994994031,9.09994900494839,2,1.54280514734139,11.5642934464958,0.334012069392709,1,1.3225024284101,5.45593869731801,1.8022731607438,5.00358422939068,1.61425280687195,5.39068100358423,1.58211295609481,4.76702508960573,16.281875,4.5839375,15.90579225,1.5262495246875,0.3840625,48.8628087270952
"101",46,43.25,15.05026529,2358.791739,4711,5185,0,1,6,24.23,17.89,16.08,89,8,1.28311791232259,2.14360556693631,3,0.685474808248626,5.33736226027763,0.207971737478302,1,1.48165666368572,6.03921568627451,1.63847911849012,5.73384030418251,1.62697738423674,5.32319391634981,1.5809965565258,5.33840304182509,13.2376923076923,6.45607692307692,10.7902407692308,1.23126265915385,0.333076923076923,63.8049771040003
"102",47,89.25,40.15502983,4860.385206,2205,8780,1,1,13,99.29,98.41,97.83,144,5,0.821687204780505,17.2736944871464,2,0.826436282531384,16.9301890002248,0.206621382807621,2,1.53193973676456,4.37201365187713,1.65934019424385,3.6807131280389,1.87311686711478,5.53970826580227,1.78791693070568,5.77633711507293,19.449375,5.6184375,18.443429,0.667097565,0.2215625,82.6169699068909
"103",48,42.8125,15.75518878,1992.329717,3052,1802,0,1,7,22.61,28.35,25.55,73,6,0.848171919127016,11.3365813596109,3,1.32713019851962,3.65768354305001,0.272614528810702,0,1.24373398595643,5.61754385964912,1.69229079798732,5.08852459016393,1.70389469105498,5.42622950819672,1.56873024498663,4.58360655737705,12.2421428571429,4.76428571428571,19.45,1.83123996778571,0.720714285714286,79.0792239134181
