Site,Plot,Yr,Amalgams,cover
1,1,1,9201728.0,50.0
1,2,1,9201728.0,30.0
1,3,1,9201728.0,5.0
1,3,2,9201728.0,5.0
1,4,1,9201728.0,5.0
1,4,2,9201023.0,0.5
1,4,2,9201728.0,0.5
1,5,1,9201728.0,10.0
1,5,2,9201023.0,0.5
1,5,2,9201728.0,5.0
1,6,1,9201728.0,5.0
1,6,2,9201023.0,0.5
1,6,2,9201728.0,1.0
1,7,1,9201023.0,0.5
1,7,1,9201728.0,10.0
1,7,2,9201023.0,0.5
1,7,2,9201728.0,0.5
1,8,1,9201728.0,5.0
1,8,2,9201728.0,80.0
1,9,1,9201728.0,5.0
1,9,2,9201728.0,1.0
1,10,1,9201728.0,15.0
1,10,2,9201728.0,15.0
1,11,1,9201728.0,10.0
1,11,2,9201728.0,0.5
1,12,1,9201728.0,5.0
1,13,1,9201728.0,10.0
1,13,2,9201728.0,5.0
1,14,1,9201728.0,1.0
1,14,2,9201728.0,0.5
1,15,1,9201728.0,40.0
1,15,2,9201023.0,0.5
1,15,2,9201728.0,0.5
1,16,1,9201728.0,15.0
2,1,1,9201023.0,0.5
2,1,1,9201728.0,5.0
2,1,2,9201023.0,0.5
2,1,2,9201728.0,10.0
2,2,1,9201023.0,0.5
2,2,1,9201728.0,15.0
2,2,2,9201023.0,0.5
2,2,2,9201728.0,10.0
2,3,1,9201023.0,0.5
2,3,1,9201728.0,15.0
2,3,2,9201023.0,1.0
2,3,2,9201728.0,1.0
2,4,1,9201728.0,30.0
2,4,2,9201023.0,0.5
2,4,2,9201728.0,20.0
2,5,1,9201023.0,1.0
2,5,1,9201728.0,20.0
2,5,2,9201023.0,1.0
2,6,1,9201728.0,5.0
2,6,2,9201023.0,1.0
2,6,2,9201728.0,15.0
2,7,1,9201728.0,25.0
2,7,2,9201023.0,0.5
2,7,2,9201728.0,0.5
2,8,1,9201023.0,0.5
2,8,1,9201728.0,5.0
2,8,2,9201023.0,0.5
2,9,1,9201728.0,1.0
2,9,2,9201023.0,1.0
2,9,2,9201728.0,0.5
2,10,1,9201728.0,5.0
2,10,2,9201023.0,0.5
2,10,2,9201728.0,0.5
2,11,1,9201023.0,0.5
2,11,1,9201728.0,60.0
2,11,2,9201023.0,0.5
2,11,2,9201728.0,0.5
2,11,2,9201815.0,1.0
2,12,1,9201023.0,0.5
2,12,1,9201728.0,30.0
2,12,2,9201023.0,0.5
2,12,2,9201728.0,0.5
2,12,2,9201815.0,1.0
2,13,1,9201023.0,0.5
2,13,2,9201728.0,1.0
2,14,1,9201023.0,0.5
2,14,1,9201728.0,10.0
2,14,2,9201023.0,0.5
2,14,2,9201728.0,0.5
2,14,2,9201815.0,0.5
2,15,1,9201023.0,0.5
2,15,1,9201728.0,5.0
2,15,2,9201023.0,0.5
2,15,2,9201728.0,0.5
2,16,1,9201728.0,1.0
2,16,2,9201023.0,1.0
2,16,2,9201687.0,0.5
2,16,2,9201728.0,40.0
3,1,1,9201728.0,10.0
3,1,1,9201815.0,0.5
3,2,1,9201728.0,70.0
3,2,2,9201023.0,0.5
3,3,1,9201728.0,1.0
3,3,2,9201687.0,0.5
3,3,2,9201728.0,5.0
3,4,1,9201687.0,0.5
3,4,1,9201728.0,1.0
3,4,2,9201728.0,5.0
3,5,1,9201728.0,50.0
3,5,1,9201815.0,0.5
3,5,2,9201728.0,5.0
3,6,1,9201687.0,1.0
3,6,1,9201728.0,1.0
3,6,2,9201728.0,5.0
3,7,1,9201687.0,0.5
3,7,1,9201728.0,5.0
3,7,2,9201728.0,1.0
3,8,1,9201728.0,5.0
3,8,2,9201728.0,1.0
3,9,1,9201728.0,25.0
3,9,2,9201728.0,1.0
3,10,1,9201687.0,0.5
3,10,1,9201728.0,1.0
3,10,2,9201023.0,0.5
3,10,2,9201728.0,5.0
3,11,1,9201728.0,40.0
3,11,2,9201728.0,1.0
3,12,1,9201728.0,5.0
3,12,2,9201023.0,0.5
3,12,2,9201728.0,1.0
3,13,1,9201687.0,0.5
3,13,1,9201728.0,0.5
3,13,2,9201728.0,10.0
3,14,1,9201687.0,0.5
3,14,1,9201728.0,1.0
3,15,1,9201728.0,5.0
3,15,2,9201728.0,5.0
3,16,1,9201728.0,1.0
3,16,2,9201023.0,0.5
3,16,2,9201728.0,5.0
4,1,1,9201023.0,0.5
4,1,1,9201728.0,0.5
4,1,2,9201728.0,5.0
4,2,1,9201728.0,1.0
4,2,2,9201728.0,10.0
4,3,1,9201728.0,1.0
4,4,1,9201728.0,1.0
4,4,2,9201728.0,30.0
4,5,1,9201728.0,1.0
4,5,2,9201728.0,5.0
4,6,1,9201728.0,1.0
4,6,2,9201728.0,5.0
4,7,2,9201728.0,10.0
4,8,1,9201728.0,0.5
4,8,2,9201728.0,10.0
4,9,1,9201728.0,1.0
4,10,1,9201023.0,0.5
4,10,1,9201728.0,1.0
4,10,2,9201728.0,50.0
4,11,1,9201728.0,1.0
4,12,1,9201023.0,0.5
4,12,1,9201728.0,15.0
4,13,1,9201728.0,15.0
4,13,2,9201728.0,10.0
4,14,1,9201023.0,0.5
4,14,1,9201728.0,5.0
4,14,2,9201728.0,5.0
4,15,1,9201023.0,0.5
4,15,1,9201728.0,10.0
4,16,1,9201023.0,0.5
4,16,1,9201728.0,15.0
4,16,2,9201728.0,10.0
5,1,1,9201728.0,1.0
5,2,1,9201728.0,1.0
5,2,2,9201728.0,1.0
5,3,1,9201728.0,1.0
5,3,2,9201023.0,0.5
5,3,2,9201728.0,20.0
5,4,1,9201728.0,10.0
5,4,2,9201728.0,45.0
5,5,1,9201728.0,40.0
5,5,2,9201728.0,30.0
5,6,1,9201728.0,30.0
5,6,2,9201728.0,5.0
5,7,1,9201728.0,1.0
5,7,2,9201728.0,5.0
5,8,1,9201728.0,75.0
5,8,2,9201728.0,0.5
5,9,1,9201728.0,0.5
5,10,1,9201728.0,0.5
5,11,1,9201728.0,0.5
5,12,1,9201728.0,1.0
5,13,1,9201728.0,0.5
5,14,1,9201728.0,0.5
5,15,1,9201728.0,1.0
5,15,2,9201728.0,0.5
5,16,1,9201728.0,1.0
5,16,2,9201023.0,0.5
5,16,2,9201728.0,25.0
6,1,1,9201023.0,0.5
6,1,1,9201728.0,60.0
6,1,2,9201023.0,1.0
6,1,2,9201728.0,0.5
6,2,1,9201023.0,0.5
6,2,1,9201615.0,0.5
6,2,1,9201728.0,5.0
6,2,2,9201728.0,5.0
6,3,1,9201023.0,0.5
6,3,1,9201728.0,5.0
6,3,2,9201023.0,0.5
6,3,2,9201728.0,5.0
6,4,1,9201023.0,0.5
6,4,1,9201728.0,5.0
6,4,2,9201023.0,1.0
6,4,2,9201728.0,50.0
6,5,1,9201023.0,0.5
6,5,1,9201728.0,10.0
6,5,2,9201023.0,1.0
6,5,2,9201728.0,50.0
6,6,1,9201728.0,90.0
6,6,2,9201023.0,0.5
6,6,2,9201728.0,0.5
6,7,1,9201023.0,0.5
6,7,1,9201728.0,20.0
6,7,2,9201023.0,1.0
6,7,2,9201728.0,0.5
6,8,1,9201728.0,65.0
6,8,2,9201023.0,5.0
6,8,2,9201728.0,5.0
6,9,1,9201023.0,0.5
6,9,1,9201728.0,50.0
6,9,2,9201023.0,1.0
6,9,2,9201728.0,0.5
6,10,1,9201023.0,0.5
6,10,1,9201728.0,75.0
6,10,2,9201728.0,0.5
6,11,1,9201728.0,70.0
6,11,2,9201728.0,5.0
6,12,1,9201023.0,0.5
6,12,1,9201728.0,65.0
6,12,2,9201728.0,25.0
6,13,1,9201728.0,60.0
6,13,2,9201023.0,0.5
6,13,2,9201728.0,1.0
6,14,1,9201728.0,10.0
6,14,2,9201728.0,10.0
6,15,1,9201728.0,10.0
6,15,2,9201023.0,0.5
6,15,2,9201728.0,20.0
6,16,1,9201023.0,0.5
6,16,1,9201728.0,25.0
6,16,2,9201023.0,0.5
6,16,2,9201728.0,60.0
7,1,1,9201728.0,1.0
7,1,2,9201023.0,0.5
7,1,2,9201728.0,0.5
7,2,1,9201728.0,1.0
7,2,2,9201728.0,0.5
7,3,1,9201728.0,25.0
7,3,2,9201728.0,0.5
7,4,1,9201728.0,1.0
7,4,1,9201815.0,0.5
7,4,2,9201728.0,1.0
7,5,1,9201728.0,1.0
7,5,2,9201023.0,0.5
7,5,2,9201728.0,0.5
7,6,1,9201728.0,5.0
7,6,2,9201728.0,1.0
7,7,1,9201728.0,0.5
7,8,1,9201023.0,0.5
7,8,1,9201728.0,1.0
7,8,2,9201728.0,1.0
7,9,1,9201728.0,1.0
7,9,2,9201728.0,15.0
7,11,1,9201728.0,1.0
7,12,1,9201728.0,1.0
7,12,1,9201815.0,0.5
7,12,2,9201728.0,1.0
7,13,1,9201728.0,0.5
7,14,1,9201023.0,0.5
7,14,1,9201728.0,5.0
7,14,2,9201023.0,0.5
7,14,2,9201728.0,1.0
7,15,1,9201728.0,10.0
7,15,2,9201023.0,0.5
7,15,2,9201728.0,1.0
7,16,1,9201728.0,5.0
7,16,2,9201023.0,0.5
7,16,2,9201728.0,0.5
8,1,1,9201728.0,5.0
8,1,2,9201728.0,35.0
8,2,1,9201728.0,5.0
8,2,1,9201815.0,0.5
8,2,2,9201728.0,60.0
8,3,1,9201728.0,1.0
8,3,2,9201728.0,15.5
8,4,1,9201728.0,20.0
8,4,2,9201728.0,10.0
8,5,1,9201728.0,1.0
8,5,2,9201728.0,35.0
8,6,1,9201728.0,5.0
8,6,2,9201728.0,30.0
8,7,1,9201728.0,20.0
8,7,2,9201728.0,0.5
8,8,1,9201728.0,20.0
8,8,2,9201728.0,10.0
8,9,1,9201728.0,10.0
8,9,1,9201815.0,0.5
8,9,2,9201728.0,60.0
8,10,1,9201728.0,1.0
8,10,2,9201728.0,4.0
8,11,2,9201728.0,0.5
8,12,2,9201728.0,2.0
8,13,1,9201728.0,1.0
8,13,2,9201728.0,10.0
8,13,2,9201815.0,1.0
8,14,1,9201728.0,40.0
8,14,2,9201728.0,2.0
8,16,1,9201728.0,0.5
8,16,2,9201728.0,10.0
9,1,1,9201728.0,5.0
9,1,2,9201728.0,5.0
9,2,1,9201728.0,5.0
9,2,2,9201728.0,10.0
9,4,1,9201728.0,1.0
9,4,2,9201728.0,5.0
9,5,1,9201728.0,10.0
9,6,1,9201728.0,5.0
9,6,2,9201023.0,0.5
9,6,2,9201728.0,10.0
9,7,1,9201728.0,10.0
9,7,2,9201728.0,0.5
9,8,1,9201728.0,5.0
9,8,2,9201728.0,5.0
9,9,1,9201728.0,10.0
9,9,2,9201728.0,10.0
9,10,1,9201728.0,0.5
9,10,2,9201728.0,5.0
9,11,1,9201728.0,10.0
9,12,1,9201728.0,35.0
9,12,2,9201728.0,5.0
9,13,1,9201728.0,1.0
9,13,2,9201728.0,10.0
9,14,1,9201728.0,0.5
9,15,1,9201728.0,0.5
9,15,2,9201728.0,15.0
9,16,1,9201728.0,0.5
9,16,1,9201815.0,0.5
9,16,2,9201728.0,60.0
10,1,1,9201728.0,10.0
10,1,1,9201815.0,1.0
10,2,1,9201728.0,60.0
10,2,2,9201728.0,1.0
10,3,1,9201023.0,0.5
10,3,1,9201728.0,40.0
10,3,2,9201728.0,0.5
10,4,1,9201728.0,90.0
10,5,1,9201728.0,1.0
10,6,1,9201728.0,0.5
10,7,1,9201728.0,1.0
10,7,2,9201023.0,0.5
10,8,1,9201728.0,60.0
10,8,2,9201728.0,0.5
10,9,1,9201728.0,40.0
10,9,2,9201728.0,0.5
10,10,1,9201728.0,1.0
10,10,2,9201023.0,0.5
10,10,2,9201728.0,0.5
10,11,1,9201728.0,0.5
10,12,1,9201728.0,5.0
10,12,2,9201728.0,0.5
10,13,1,9201728.0,10.0
10,13,2,9201728.0,0.5
10,14,1,9201728.0,50.0
10,14,2,9201728.0,0.5
10,15,1,9201728.0,30.5
10,15,2,9201728.0,0.5
10,16,1,9201728.0,80.0
11,1,1,9201728.0,10.0
11,1,2,9201728.0,40.0
11,2,1,9201728.0,30.0
11,2,2,9201728.0,10.0
11,3,1,9201728.0,70.0
11,3,2,9201728.0,0.5
11,4,1,9201728.0,20.0
11,4,2,9201728.0,60.0
11,5,1,9201728.0,1.0
11,5,2,9201728.0,30.0
11,6,1,9201728.0,20.0
11,6,2,9201728.0,90.0
11,7,1,9201728.0,10.0
11,7,2,9201728.0,50.0
11,8,1,9201728.0,70.0
11,8,2,9201728.0,80.0
11,9,1,9201728.0,85.0
11,9,2,9201728.0,90.0
11,10,1,9201728.0,45.0
11,10,2,9201728.0,85.0
11,11,1,9201728.0,75.0
11,11,2,9201728.0,90.0
11,12,1,9201728.0,75.0
11,12,2,9201728.0,75.0
11,13,1,9201728.0,60.0
11,13,2,9201728.0,90.0
11,14,1,9201728.0,60.0
11,14,2,9201728.0,40.0
11,15,1,9201728.0,30.0
11,15,2,9201728.0,90.0
11,16,1,9201728.0,25.0
11,16,2,9201728.0,60.0
12,1,1,9201728.0,5.0
12,1,2,9201023.0,0.5
12,1,2,9201728.0,10.0
12,2,1,9201728.0,10.0
12,3,1,9201728.0,5.0
12,4,1,9201728.0,5.0
12,4,2,9201728.0,10.0
12,5,1,9201728.0,15.0
12,5,2,9201728.0,10.0
12,6,1,9201728.0,10.0
12,6,2,9201728.0,0.5
12,7,1,9201728.0,5.0
12,7,2,9201815.0,0.5
12,8,1,9201728.0,5.0
12,8,2,9201728.0,1.0
12,9,1,9201728.0,0.5
12,9,2,9201728.0,0.5
12,10,1,9201023.0,0.5
12,10,1,9201728.0,10.0
12,10,2,9201023.0,0.5
12,10,2,9201728.0,1.0
12,11,1,9201728.0,10.0
12,11,2,9201728.0,5.0
12,11,2,9201815.0,0.5
12,12,1,9201023.0,0.5
12,12,1,9201728.0,5.0
12,12,2,9201728.0,5.0
12,13,1,9201023.0,0.5
12,13,1,9201728.0,5.0
12,13,2,9201728.0,1.0
12,14,1,9201023.0,0.5
12,14,1,9201728.0,10.0
12,14,2,9201728.0,5.0
12,15,1,9201728.0,1.0
12,15,2,9201728.0,1.0
12,16,1,9201728.0,40.0
13,1,1,9201728.0,10.0
13,2,1,9201728.0,65.0
13,3,1,9201728.0,55.0
13,4,1,9201728.0,85.0
13,5,1,9201728.0,75.0
13,5,2,9201728.0,0.5
13,6,1,9201728.0,85.0
13,6,2,9201728.0,65.0
13,7,1,9201728.0,100.0
13,8,1,9201728.0,70.0
13,8,2,9201023.0,0.5
13,8,2,9201728.0,35.0
13,9,1,9201728.0,90.0
13,9,2,9201728.0,1.0
13,10,1,9201728.0,100.0
13,10,2,9201728.0,20.0
13,11,1,9201728.0,80.0
13,11,2,9201023.0,0.5
13,11,2,9201728.0,15.0
13,11,2,9201815.0,1.0
13,12,1,9201728.0,85.0
13,12,2,9201023.0,0.5
13,12,2,9201728.0,1.0
13,13,1,9201728.0,100.0
13,13,2,9201728.0,1.0
13,14,1,9201728.0,45.0
13,14,2,9201728.0,5.0
13,15,1,9201728.0,70.0
13,15,2,9201023.0,0.5
13,15,2,9201728.0,0.5
13,16,1,9201728.0,75.0
13,16,2,9201023.0,0.5
13,16,2,9201728.0,20.0
14,1,1,9201728.0,60.0
14,1,2,9201728.0,5.0
14,1,2,9201815.0,0.5
14,2,1,9201728.0,0.5
14,2,2,9201728.0,1.0
14,3,1,9201728.0,45.0
14,3,2,9201728.0,0.5
14,4,1,9201728.0,1.0
14,4,2,9201728.0,85.0
14,5,1,9201728.0,0.5
14,5,2,9201728.0,80.0
14,6,2,9201728.0,65.0
14,7,1,9201728.0,30.0
14,7,2,9201615.0,70.0
14,8,1,9201728.0,1.0
14,9,2,9201023.0,0.5
14,9,2,9201728.0,0.5
14,10,1,9201728.0,1.0
14,10,2,9201615.0,100.0
14,11,1,9201023.0,0.5
14,11,1,9201728.0,1.0
14,11,2,9201728.0,0.5
14,12,1,9201023.0,5.0
14,12,1,9201728.0,25.0
14,12,2,9201023.0,0.5
14,12,2,9201728.0,40.0
14,13,1,9201728.0,35.0
14,13,2,9201728.0,1.0
14,14,1,9201698.0,0.5
14,14,1,9201728.0,0.5
14,14,2,9201728.0,0.5
14,15,1,9201023.0,0.5
14,15,1,9201728.0,0.5
14,15,2,9201728.0,0.5
14,16,1,9201728.0,25.0
14,16,2,9201728.0,70.0
15,1,1,9201023.0,0.5
15,1,1,9201728.0,0.5
15,2,1,9201728.0,1.0
15,5,1,9201728.0,1.0
15,6,1,9201728.0,1.0
15,7,1,9201728.0,0.5
15,9,1,9201728.0,0.5
15,11,1,9201728.0,0.5
15,12,1,9201023.0,1.0
15,12,1,9201728.0,1.0
15,13,1,9201728.0,1.0
15,14,1,9201728.0,0.5
15,14,2,9201815.0,0.5
15,15,2,9201728.0,0.5
15,16,1,9201023.0,0.5
15,16,1,9201728.0,0.5
16,1,1,9201023.0,0.5
16,1,1,9201728.0,30.0
16,1,2,9201023.0,0.5
16,1,2,9201728.0,10.0
16,2,1,9201023.0,0.5
16,2,1,9201728.0,10.0
16,2,2,9201023.0,0.5
16,2,2,9201728.0,5.0
16,3,1,9201023.0,0.5
16,3,1,9201728.0,0.5
16,3,1,9201815.0,0.5
16,3,2,9201023.0,0.5
16,3,2,9201728.0,5.0
16,4,1,9201728.0,40.0
16,4,2,9201023.0,0.5
16,4,2,9201728.0,30.0
16,5,1,9201728.0,10.0
16,5,2,9201023.0,0.5
16,5,2,9201728.0,1.0
16,6,1,9201728.0,40.0
16,6,2,9201728.0,45.0
16,6,2,9201815.0,0.5
16,7,1,9201728.0,45.0
16,7,2,9201728.0,45.0
16,8,1,9201023.0,0.5
16,8,1,9201728.0,65.0
16,8,2,9201023.0,0.5
16,8,2,9201728.0,0.5
16,9,1,9201728.0,30.0
16,9,2,9201023.0,0.5
16,9,2,9201728.0,0.5
16,10,1,9201023.0,0.5
16,10,1,9201728.0,40.0
16,10,2,9201023.0,0.5
16,10,2,9201728.0,5.0
16,11,1,9201023.0,0.5
16,11,1,9201728.0,25.0
16,11,2,9201023.0,0.5
16,11,2,9201728.0,20.0
16,12,1,9201023.0,1.0
16,12,1,9201728.0,80.0
16,12,2,9201023.0,0.5
16,12,2,9201728.0,70.0
16,12,2,9201815.0,0.5
16,13,1,9201023.0,0.5
16,13,1,9201728.0,20.0
16,13,2,9201728.0,30.0
16,14,1,9201728.0,20.0
16,14,2,9201023.0,0.5
16,14,2,9201728.0,10.0
16,15,1,9201023.0,0.5
16,15,1,9201728.0,40.0
16,15,2,9201023.0,0.5
16,15,2,9201728.0,10.0
16,16,1,9201023.0,5.0
16,16,1,9201728.0,50.0
16,16,2,9201728.0,20.0
17,1,1,9201023.0,0.5
17,1,1,9201728.0,1.0
17,1,2,9201023.0,0.5
17,1,2,9201728.0,10.0
17,2,1,9201023.0,0.5
17,2,1,9201728.0,5.0
17,2,2,9201023.0,0.5
17,2,2,9201728.0,25.0
17,3,1,9201728.0,1.0
17,3,2,9201728.0,20.0
17,4,1,9201728.0,1.0
17,4,2,9201728.0,20.0
17,5,1,9201023.0,0.5
17,5,1,9201728.0,1.0
17,6,1,9201023.0,0.5
17,6,1,9201728.0,20.0
17,6,2,9201023.0,0.5
17,6,2,9201728.0,20.0
17,7,2,9201728.0,20.0
17,8,1,9201023.0,0.5
17,8,1,9201728.0,1.0
17,8,2,9201728.0,20.0
17,9,1,9201728.0,1.0
17,9,1,9201815.0,0.5
17,9,2,9201728.0,20.0
17,10,1,9201728.0,1.0
17,10,2,9201728.0,20.0
17,11,1,9201728.0,70.0
17,11,2,9201728.0,30.0
17,12,2,9201728.0,5.0
17,13,2,9201728.0,10.0
17,14,1,9201728.0,1.0
17,14,2,9201728.0,10.0
17,15,1,9201023.0,0.5
17,15,1,9201728.0,5.0
17,16,1,9201728.0,1.0
17,16,2,9201728.0,25.0
18,1,1,9201023.0,0.5
18,1,1,9201728.0,1.0
18,1,2,9201728.0,10.0
18,2,1,9201728.0,15.0
18,2,2,9201728.0,5.0
18,3,1,9201023.0,0.5
18,3,1,9201728.0,5.0
18,3,2,9201728.0,10.0
18,4,1,9201023.0,0.5
18,4,1,9201728.0,5.0
18,4,2,9201728.0,10.0
18,5,1,9201023.0,0.5
18,5,1,9201728.0,5.0
18,5,2,9201728.0,40.0
18,6,1,9201023.0,0.5
18,6,2,9201728.0,1.0
18,7,1,9201728.0,20.0
18,7,2,9201728.0,45.0
18,8,1,9201728.0,5.0
18,9,1,9201728.0,20.0
18,9,2,9201728.0,20.0
18,10,1,9201023.0,0.5
18,10,1,9201728.0,5.0
18,10,2,9201728.0,30.0
18,11,1,9201023.0,0.5
18,11,1,9201728.0,5.0
18,11,2,9201728.0,30.0
18,12,1,9201728.0,5.0
18,12,2,9201728.0,35.0
18,13,1,9201023.0,0.5
18,13,1,9201728.0,5.0
18,13,1,9201815.0,0.5
18,13,2,9201728.0,15.0
18,14,1,9201023.0,0.5
18,14,1,9201728.0,5.0
18,14,2,9201728.0,35.0
18,15,1,9201728.0,5.0
18,15,2,9201728.0,0.5
18,16,1,9201728.0,10.0
19,1,1,9201728.0,1.0
19,2,1,9201728.0,15.0
19,2,2,9201728.0,1.0
19,3,1,9201728.0,1.0
19,3,2,9201728.0,1.0
19,4,1,9201728.0,5.0
19,4,2,9201728.0,1.0
19,5,1,9201728.0,1.0
19,5,2,9201728.0,1.0
19,6,1,9201728.0,1.0
19,6,2,9201728.0,1.0
19,7,2,9201728.0,5.0
19,8,1,9201023.0,0.5
19,8,1,9201728.0,5.0
19,8,2,9201728.0,0.5
19,9,1,9201728.0,1.0
19,9,2,9201728.0,1.0
19,10,1,9201728.0,15.0
19,10,2,9201728.0,5.0
19,11,1,9201023.0,0.5
19,11,1,9201728.0,10.0
19,11,2,9201728.0,5.0
19,12,1,9201728.0,35.0
19,12,2,9201728.0,5.0
19,13,1,9201728.0,1.0
19,14,2,9201728.0,10.0
19,15,1,9201728.0,1.0
19,15,2,9201728.0,1.0
19,16,1,9201728.0,1.0
20,1,1,9201728.0,1.0
20,1,2,9201728.0,1.0
20,2,1,9201023.0,0.5
20,2,1,9201728.0,40.0
20,3,1,9201023.0,0.5
20,3,1,9201728.0,1.0
20,3,2,9201728.0,35.0
20,4,1,9201728.0,0.5
20,4,1,9201815.0,0.5
20,4,2,9201728.0,85.0
20,4,2,9201815.0,0.5
20,5,1,9201728.0,10.0
20,5,2,9201728.0,15.0
20,6,1,9201728.0,5.0
20,7,2,9201815.0,0.5
20,8,2,9201728.0,1.0
20,9,1,9201728.0,0.5
20,9,2,9201728.0,1.0
20,10,1,9201728.0,10.0
20,10,2,9201728.0,5.0
20,11,1,9201615.0,10.0
20,11,2,9201728.0,40.0
20,12,1,9201728.0,1.0
20,12,2,9201728.0,55.0
20,12,2,9201815.0,0.5
20,13,1,9201728.0,5.0
20,14,1,9201728.0,70.0
20,14,2,9201728.0,45.0
20,15,1,9201023.0,0.5
20,15,1,9201728.0,70.0
20,15,2,9201728.0,10.0
20,16,1,9201815.0,0.5
20,16,2,9201728.0,15.0
20,16,2,9201815.0,0.5
21,1,1,9201728.0,1.0
21,2,1,9201728.0,10.0
21,3,1,9201728.0,5.0
21,3,2,9201728.0,0.5
21,4,1,9201728.0,5.0
21,4,2,9201815.0,0.5
21,5,1,9201728.0,0.5
21,5,2,9201728.0,1.0
21,6,1,9201728.0,0.5
21,7,1,9201728.0,10.0
21,7,2,9201728.0,20.0
21,8,1,9201728.0,0.5
21,9,1,9201728.0,0.5
21,9,2,9201728.0,0.5
21,11,1,9201728.0,0.5
21,12,1,9201728.0,1.0
21,14,1,9201728.0,5.0
21,14,2,9201728.0,0.5
21,15,2,9201728.0,0.5
21,15,2,9201815.0,0.5
21,16,1,9201728.0,0.5
21,16,2,9201728.0,5.0
22,1,1,9201728.0,55.0
22,2,1,9201728.0,5.0
22,2,2,9201728.0,20.0
22,3,1,9201728.0,0.5
22,3,2,9201728.0,50.0
22,4,1,9201728.0,5.0
22,4,2,9201728.0,5.0
22,5,1,9201728.0,35.0
22,5,2,9201728.0,30.0
22,6,1,9201728.0,5.0
22,7,1,9201728.0,10.0
22,7,2,9201728.0,30.0
22,8,1,9201815.0,0.5
22,8,2,9201728.0,60.0
22,9,1,9201728.0,25.0
22,9,2,9201728.0,15.0
22,10,1,9201728.0,10.0
22,10,2,9201728.0,10.0
22,11,2,9201728.0,60.0
22,11,2,9201815.0,1.0
22,12,1,9201728.0,0.5
22,12,2,9201728.0,20.0
22,13,1,9201728.0,0.5
22,13,2,9201728.0,60.0
22,14,1,9201728.0,30.0
22,14,2,9201728.0,5.0
22,15,1,9201728.0,20.0
22,15,2,9201728.0,70.0
22,16,1,9201728.0,0.5
22,16,2,9201023.0,0.5
22,16,2,9201728.0,5.0
23,1,1,9201023.0,0.5
23,1,1,9201728.0,5.0
23,1,2,9201728.0,65.0
23,2,1,9201023.0,0.5
23,2,1,9201728.0,20.0
23,2,2,9201728.0,80.0
23,3,1,9201023.0,0.5
23,3,1,9201728.0,60.0
23,3,2,9201728.0,90.0
23,4,1,9201023.0,0.5
23,4,1,9201728.0,65.0
23,4,2,9201728.0,20.0
23,5,1,9201023.0,0.5
23,5,1,9201728.0,10.0
23,5,2,9201728.0,50.0
23,6,1,9201728.0,50.0
23,6,2,9201023.0,0.5
23,6,2,9201728.0,85.0
23,7,1,9201728.0,40.0
23,7,2,9201728.0,75.0
23,8,1,9201728.0,30.0
23,8,2,9201023.0,1.0
23,8,2,9201728.0,45.0
23,9,1,9201728.0,10.0
23,9,2,9201023.0,1.0
23,9,2,9201728.0,45.0
23,10,1,9201728.0,30.0
23,10,2,9201728.0,60.0
23,11,1,9201728.0,10.0
23,11,2,9201728.0,55.0
23,12,1,9201728.0,5.0
23,12,2,9201728.0,35.0
23,13,1,9201023.0,0.5
23,13,1,9201728.0,10.0
23,13,2,9201728.0,45.0
23,14,1,9201728.0,20.0
23,14,2,9201728.0,55.0
23,15,1,9201728.0,25.0
23,15,2,9201023.0,1.0
23,15,2,9201728.0,20.0
23,16,1,9201023.0,0.5
23,16,1,9201728.0,45.0
23,16,2,9201728.0,30.0
24,1,1,9201728.0,25.0
24,2,1,9201728.0,10.0
24,3,1,9201728.0,25.0
24,4,1,9201728.0,15.0
24,5,1,9201728.0,10.0
24,6,1,9201728.0,5.0
24,6,2,9201728.0,1.0
24,7,1,9201728.0,15.0
24,8,1,9201687.0,0.5
24,8,1,9201728.0,5.0
24,8,2,9201728.0,0.5
24,8,2,9201815.0,0.5
24,9,1,9201728.0,5.0
24,9,2,9201728.0,5.0
24,10,1,9201728.0,65.0
24,10,2,9201728.0,100.0
24,12,1,9201728.0,15.0
24,13,1,9201728.0,20.0
24,13,2,9201728.0,1.0
24,14,1,9201728.0,10.0
24,14,2,9201728.0,1.0
24,15,1,9201728.0,10.0
24,15,2,9201728.0,0.5
24,16,1,9201728.0,35.0
24,16,2,9201728.0,5.0
25,1,1,9201728.0,15.0
25,1,2,9201728.0,1.0
25,2,1,9201728.0,0.5
25,3,1,9201728.0,1.0
25,4,1,9201728.0,5.0
25,4,2,9201728.0,15.0
25,5,1,9201728.0,1.0
25,5,2,9201728.0,0.5
25,6,1,9201728.0,1.0
25,6,2,9201728.0,0.5
25,7,1,9201728.0,5.0
25,7,2,9201728.0,5.0
25,8,1,9201728.0,25.0
25,8,2,9201728.0,10.0
25,9,1,9201728.0,65.0
25,9,2,9201728.0,5.0
25,10,1,9201728.0,5.0
25,10,2,9201728.0,5.0
25,11,1,9201728.0,60.0
25,12,1,9201815.0,0.5
25,12,2,9201728.0,0.5
25,13,1,9201728.0,1.0
25,13,2,9201728.0,0.5
25,14,1,9201728.0,25.0
25,14,2,9201728.0,20.0
25,15,1,9201728.0,20.0
25,15,2,9201728.0,0.5
25,16,1,9201728.0,75.0
25,16,2,9201728.0,40.0
26,1,1,9201023.0,0.5
26,1,1,9201728.0,5.0
26,2,1,9201728.0,0.5
26,2,2,9201728.0,5.0
26,3,1,9201728.0,5.0
26,4,1,9201728.0,10.0
26,4,2,9201023.0,0.5
26,4,2,9201728.0,5.0
26,5,2,9201728.0,20.0
26,6,1,9201728.0,5.0
26,6,2,9201728.0,50.0
26,7,1,9201728.0,40.0
26,7,1,9201815.0,0.5
26,7,2,9201728.0,35.0
26,8,1,9201728.0,30.0
26,8,2,9201728.0,40.0
26,9,1,9201728.0,20.0
26,9,2,9201728.0,0.0
26,10,1,9201023.0,0.5
26,10,1,9201728.0,35.0
26,10,1,9201815.0,0.5
26,10,2,9201728.0,40.0
26,11,1,9201023.0,0.5
26,11,1,9201728.0,1.0
26,11,2,9201728.0,0.5
26,12,1,9201728.0,30.0
26,13,1,9201023.0,0.5
26,13,2,9201728.0,1.0
26,14,1,9201023.0,0.5
26,14,1,9201728.0,1.0
26,14,2,9201023.0,0.5
26,14,2,9201728.0,15.0
26,15,1,9201728.0,20.0
26,15,2,9201728.0,1.0
26,16,1,9201728.0,35.0
26,16,1,9201815.0,1.0
26,16,2,9201615.0,0.5
27,3,2,9201728.0,5.0
27,4,1,9201815.0,1.0
27,4,2,9201728.0,30.0
27,5,1,9201815.0,1.0
27,5,2,9201728.0,10.0
27,7,2,9201728.0,5.0
27,8,1,9201815.0,1.0
27,8,2,9201728.0,5.0
27,9,1,9201815.0,1.0
27,9,2,9201815.0,0.5
27,11,1,9201815.0,1.0
27,11,2,9201728.0,5.0
27,12,1,9201815.0,1.0
27,12,2,9201728.0,10.0
27,13,1,9201815.0,1.0
27,14,1,9201815.0,1.0
27,14,2,9201728.0,10.0
27,15,1,9201728.0,1.0
27,15,1,9201815.0,1.0
27,16,1,9201728.0,1.0
27,16,1,9201815.0,1.0
27,16,2,9201728.0,1.0
28,1,1,9201728.0,0.5
28,1,2,9201728.0,70.0
28,1,2,9201815.0,1.0
28,2,1,9201815.0,0.5
28,2,2,9201728.0,35.0
28,2,2,9201815.0,1.0
28,3,1,9201815.0,0.5
28,3,2,9201728.0,75.0
28,3,2,9201815.0,0.5
28,4,1,9201815.0,0.5
28,4,2,9201728.0,1.0
28,4,2,9201815.0,0.5
28,5,1,9201728.0,0.5
28,5,1,9201815.0,0.5
28,5,2,9201728.0,25.0
28,6,1,9201728.0,1.0
28,6,2,9201728.0,10.0
28,7,1,9201728.0,1.0
28,8,1,9201728.0,1.0
28,8,2,9201728.0,5.0
28,8,2,9201815.0,0.5
28,9,2,9201728.0,55.0
28,11,1,9201728.0,0.5
28,11,1,9201815.0,0.5
28,11,2,9201815.0,1.0
28,12,1,9201728.0,75.0
28,12,2,9201728.0,10.0
28,12,2,9201815.0,0.5
28,13,1,9201728.0,75.0
28,13,2,9201728.0,5.0
28,13,2,9201815.0,0.5
28,14,1,9201728.0,20.0
28,15,2,9201728.0,5.0
28,15,2,9201815.0,0.5
28,16,1,9201728.0,1.0
28,16,2,9201728.0,0.5
29,1,1,9201728.0,0.5
29,2,1,9201728.0,40.0
29,2,2,9201728.0,5.0
29,3,1,9201728.0,80.0
29,3,2,9201728.0,0.5
29,4,1,9201728.0,1.0
29,4,1,9201815.0,0.5
29,4,2,9201728.0,0.5
29,5,1,9201728.0,10.0
29,6,1,9201728.0,1.0
29,6,1,9201815.0,0.5
29,6,2,9201728.0,1.0
29,7,1,9201728.0,1.0
29,7,1,9201815.0,0.5
29,7,2,9201728.0,1.0
29,8,1,9201728.0,30.0
29,8,2,9201728.0,5.0
29,9,1,9201728.0,0.5
29,9,2,9201728.0,0.5
29,10,1,9201728.0,5.0
29,10,2,9201728.0,50.0
29,11,1,9201728.0,70.0
29,11,2,9201728.0,1.0
29,12,2,9201728.0,1.0
29,13,1,9201728.0,5.0
29,13,2,9201023.0,0.5
29,13,2,9201728.0,0.5
29,14,1,9201728.0,30.0
29,14,1,9201815.0,0.5
29,14,2,9201728.0,0.5
29,15,1,9201728.0,1.0
29,15,1,9201815.0,0.5
29,15,2,9201728.0,0.5
29,16,1,9201728.0,5.0
30,1,1,9201728.0,0.5
30,1,2,9201728.0,5.0
30,2,1,9201728.0,0.5
30,2,2,9201728.0,15.0
30,3,1,9201728.0,0.5
30,3,2,9201023.0,0.5
30,3,2,9201728.0,1.0
30,4,1,9201728.0,0.5
30,4,2,9201023.0,0.5
30,4,2,9201728.0,20.0
30,5,1,9201728.0,0.5
30,5,2,9201023.0,0.5
30,5,2,9201728.0,5.0
30,6,1,9201728.0,1.0
30,6,2,9201023.0,0.5
30,6,2,9201728.0,1.0
30,7,1,9201728.0,1.0
30,7,2,9201023.0,0.5
30,7,2,9201728.0,20.0
30,8,1,9201728.0,100.0
30,8,2,9201728.0,20.0
30,9,1,9201728.0,0.5
30,9,2,9201728.0,1.0
30,10,1,9201728.0,1.0
30,10,2,9201023.0,0.5
30,10,2,9201728.0,5.0
30,11,1,9201728.0,0.5
30,11,2,9201728.0,10.0
30,12,1,9201728.0,0.5
30,12,2,9201728.0,5.0
30,13,1,9201728.0,10.0
30,13,2,9201728.0,30.0
30,14,1,9201728.0,1.0
30,14,2,9201728.0,40.0
30,15,1,9201728.0,75.0
30,15,2,9201728.0,0.5
30,16,1,9201728.0,15.0
30,16,2,9201728.0,35.0
31,1,2,9201728.0,1.0
31,1,2,9201815.0,0.5
31,2,1,9201728.0,5.0
31,2,2,9201728.0,10.0
31,3,1,9201728.0,1.0
31,3,2,9201728.0,1.0
31,4,1,9201728.0,1.0
31,4,2,9201815.0,0.5
31,5,1,9201815.0,1.0
31,5,2,9201728.0,90.0
31,5,2,9201815.0,0.5
31,6,1,9201728.0,5.0
31,6,1,9201815.0,5.0
31,6,2,9201728.0,0.5
31,7,1,9201728.0,10.0
31,7,2,9201728.0,95.0
31,8,2,9201728.0,90.0
31,8,2,9201815.0,1.0
31,9,1,9201728.0,5.0
31,9,2,9201728.0,0.5
31,11,1,9201728.0,10.0
31,12,1,9201728.0,5.0
31,13,1,9201728.0,10.0
31,13,2,9201728.0,1.0
31,14,1,9201728.0,5.0
31,14,2,9201728.0,5.0
31,15,1,9201728.0,20.0
31,15,2,9201728.0,0.5
31,16,1,9201728.0,10.0
31,16,2,9201728.0,15.0
31,16,2,9201815.0,0.5
32,1,1,9201728.0,10.0
32,1,2,9201023.0,0.5
32,1,2,9201728.0,0.5
32,2,1,9201728.0,1.0
32,2,2,9201023.0,0.5
32,2,2,9201728.0,0.5
32,3,1,9201023.0,0.5
32,3,1,9201728.0,30.0
32,3,2,9201023.0,0.5
32,3,2,9201728.0,0.5
32,5,1,9201728.0,1.0
32,6,1,9201023.0,0.5
32,6,1,9201728.0,0.5
32,6,2,9201023.0,1.0
32,7,1,9201728.0,10.0
32,7,2,9201023.0,0.5
32,7,2,9201728.0,1.0
32,8,1,9201023.0,0.5
32,8,1,9201728.0,1.0
32,8,2,9201023.0,0.5
32,9,1,9201728.0,0.5
32,9,2,9201023.0,0.5
32,9,2,9201728.0,1.0
32,10,1,9201023.0,0.5
32,10,1,9201728.0,1.0
32,10,2,9201728.0,70.0
32,11,1,9201728.0,1.0
32,11,2,9201023.0,0.5
32,11,2,9201728.0,0.5
32,12,1,9201728.0,0.5
32,12,2,9201023.0,0.5
32,13,1,9201728.0,0.5
32,13,2,9201023.0,0.5
32,13,2,9201728.0,0.5
32,14,2,9201023.0,0.5
32,15,1,9201728.0,30.0
32,16,1,9201728.0,0.5
32,16,2,9201728.0,0.5
33,1,1,9201728.0,1.0
33,1,2,9201728.0,0.5
33,1,2,9201815.0,0.5
33,2,1,9201728.0,25.0
33,2,1,9201815.0,1.0
33,3,1,9201728.0,25.0
33,3,2,9201728.0,5.0
33,3,2,9201815.0,0.5
33,4,1,9201815.0,1.0
33,4,2,9201728.0,0.5
33,4,2,9201815.0,0.5
33,5,1,9201728.0,15.0
33,5,2,9201728.0,1.0
33,7,2,9201728.0,1.0
33,8,1,9201815.0,0.5
33,8,2,9201728.0,10.0
33,9,1,9201815.0,0.5
33,9,2,9201728.0,1.0
33,9,2,9201815.0,0.5
33,10,2,9201728.0,0.5
33,10,2,9201815.0,0.5
33,11,1,9201728.0,0.5
33,11,2,9201815.0,0.5
33,12,1,9201815.0,1.0
33,13,1,9201815.0,1.0
33,14,2,9201728.0,2.0
33,15,1,9201815.0,0.5
33,15,2,9201728.0,2.0
34,1,1,9201728.0,0.5
34,1,2,9201728.0,1.0
34,2,1,9201728.0,0.5
34,2,2,9201728.0,0.5
34,3,1,9201728.0,0.5
34,3,2,9201728.0,0.5
34,4,1,9201728.0,0.5
34,5,1,9201728.0,1.0
34,5,2,9201728.0,0.5
34,6,1,9201728.0,5.0
34,7,1,9201728.0,0.5
34,8,1,9201728.0,0.5
34,8,1,9201815.0,1.0
34,9,1,9201728.0,0.5
34,11,1,9201728.0,1.0
34,12,1,9201728.0,0.5
34,13,1,9201728.0,1.0
34,13,2,9201728.0,10.0
34,14,1,9201023.0,0.5
34,14,1,9201728.0,1.0
34,14,2,9201728.0,1.0
34,15,1,9201728.0,1.0
34,15,2,9201728.0,5.0
34,16,1,9201728.0,0.5
35,1,1,9201728.0,15.0
35,1,2,9201728.0,90.0
35,2,1,9201728.0,10.0
35,2,2,9201023.0,0.5
35,2,2,9201728.0,50.0
35,3,1,9201023.0,0.5
35,3,1,9201728.0,0.5
35,3,2,9201023.0,0.5
35,3,2,9201728.0,5.0
35,4,1,9201728.0,1.0
35,5,1,9201728.0,1.0
35,5,2,9201023.0,0.5
35,5,2,9201728.0,1.0
35,6,1,9201728.0,0.5
35,7,1,9201728.0,0.5
35,7,2,9201023.0,0.5
35,7,2,9201728.0,0.5
35,8,1,9201023.0,0.5
35,8,1,9201728.0,1.0
35,8,2,9201023.0,0.5
35,8,2,9201728.0,5.0
35,9,1,9201023.0,0.5
35,9,1,9201728.0,1.0
35,9,2,9201023.0,0.5
35,9,2,9201728.0,0.5
35,10,1,9201023.0,0.5
35,10,1,9201728.0,1.0
35,10,2,9201023.0,0.5
35,10,2,9201728.0,5.0
35,11,1,9201728.0,1.0
35,12,1,9201728.0,0.5
35,12,2,9201728.0,20.0
35,13,1,9201728.0,0.5
35,13,2,9201023.0,0.5
35,14,2,9201023.0,0.5
35,14,2,9201728.0,0.5
35,15,1,9201023.0,0.5
35,16,1,9201728.0,1.0
35,16,2,9201023.0,0.5
35,16,2,9201728.0,0.5
36,1,2,9201728.0,5.0
36,2,1,9201023.0,0.5
36,2,1,9201728.0,0.5
36,2,2,9201023.0,0.5
36,2,2,9201728.0,1.0
36,3,1,9201728.0,0.5
36,3,2,9201023.0,0.5
36,3,2,9201728.0,1.0
36,4,1,9201728.0,0.5
36,4,2,9201728.0,1.0
36,5,1,9201023.0,0.5
36,5,1,9201728.0,1.0
36,5,2,9201728.0,1.0
36,6,1,9201728.0,0.5
36,6,2,9201728.0,5.0
36,7,2,9201728.0,0.5
36,8,1,9201728.0,0.5
36,8,2,9201728.0,0.5
36,9,1,9201728.0,5.0
36,9,2,9201728.0,0.5
36,10,1,9201023.0,0.5
36,10,1,9201728.0,0.5
36,10,2,9201728.0,5.0
36,11,1,9201023.0,0.5
36,11,2,9201728.0,5.0
36,13,1,9201728.0,0.5
36,13,2,9201728.0,1.0
36,15,1,9201728.0,0.5
36,15,2,9201023.0,0.5
37,1,1,9201687.0,0.5
37,1,1,9201728.0,1.0
37,2,1,9201023.0,1.0
37,2,1,9201728.0,0.5
37,3,1,9201023.0,0.5
37,3,1,9201728.0,0.5
37,3,2,9201728.0,0.5
37,4,1,9201728.0,1.0
37,4,2,9201728.0,1.0
37,5,1,9201023.0,0.5
37,5,1,9201728.0,1.0
37,6,1,9201728.0,1.0
37,7,1,9201023.0,0.5
37,7,1,9201728.0,1.0
37,8,1,9201728.0,1.0
37,8,2,9201023.0,0.5
37,8,2,9201728.0,0.5
37,9,1,9201728.0,1.0
37,9,2,9201728.0,1.0
37,10,1,9201728.0,1.0
37,10,2,9201728.0,1.0
37,11,1,9201728.0,1.0
37,11,2,9201023.0,0.5
37,11,2,9201728.0,0.5
37,12,2,9201023.0,0.5
37,14,2,9201023.0,0.5
37,14,2,9201728.0,1.0
37,15,1,9201728.0,0.5
37,16,1,9201728.0,0.5
37,16,2,9201023.0,0.5
38,1,1,9201728.0,0.5
38,2,1,9201728.0,0.5
38,2,2,9201023.0,0.5
38,3,1,9201023.0,0.5
38,4,1,9201687.0,0.5
38,4,2,9201687.0,75.0
38,8,1,9201687.0,0.5
38,14,2,9201687.0,1.0
39,1,1,9201728.0,1.0
39,1,2,9201023.0,0.5
39,2,1,9201023.0,0.5
39,2,1,9201728.0,0.5
39,2,2,9201728.0,1.0
39,3,1,9201728.0,0.5
39,4,1,9201728.0,1.0
39,5,1,9201728.0,0.5
39,5,2,9201728.0,1.0
39,6,1,9201728.0,1.0
39,6,2,9201728.0,1.0
39,7,1,9201728.0,0.5
39,7,2,9201728.0,25.0
39,8,1,9201728.0,0.5
39,9,1,9201728.0,0.5
39,9,2,9201728.0,5.0
39,10,1,9201728.0,1.5
39,11,1,9201728.0,1.0
39,12,1,9201728.0,0.5
39,13,1,9201728.0,1.0
39,15,1,9201728.0,1.0
39,16,1,9201728.0,0.5
40,2,2,9201728.0,1.0
40,4,1,9201728.0,0.5
40,9,1,9201728.0,1.0
41,1,1,9201728.0,0.5
41,1,2,9201728.0,0.5
41,2,1,9201728.0,0.5
41,2,2,9201728.0,0.5
41,3,1,9201728.0,0.5
41,4,1,9201728.0,0.5
41,6,1,9201728.0,0.5
41,7,1,9201728.0,0.5
41,8,1,9201728.0,1.0
41,11,1,9201728.0,0.5
41,13,1,9201728.0,0.5
41,16,1,9201728.0,0.5
41,16,2,9201728.0,0.5
42,1,1,9202138.0,0.5
42,2,1,9202138.0,0.5
42,6,1,9202138.0,1.0
42,7,1,920155.0,0.5
42,7,1,9202138.0,1.0
42,8,1,9202138.0,5.0
42,9,1,9202138.0,1.0
43,3,2,9201728.0,1.0
43,4,1,9201728.0,1.0
43,5,1,9201728.0,10.0
43,6,1,9201728.0,75.0
43,6,2,9201728.0,1.0
43,7,1,9201728.0,1.0
43,7,2,9201728.0,5.0
43,10,1,9201023.0,0.5
43,10,1,9201728.0,0.5
43,10,2,9201728.0,0.5
43,12,1,9201023.0,0.5
43,12,2,9201023.0,0.5
43,13,1,9201023.0,0.5
43,13,1,9201728.0,1.0
43,13,2,9201023.0,0.5
43,14,1,9201728.0,1.0
43,15,1,9201728.0,0.5
43,16,2,9201023.0,0.5
44,2,1,9201728.0,0.5
44,3,1,9201728.0,5.0
44,4,1,9201728.0,5.0
44,5,1,9201728.0,1.0
44,6,1,9201023.0,0.5
44,6,1,9201728.0,0.5
44,8,1,9201728.0,1.0
44,9,1,9201728.0,1.0
44,10,1,9201728.0,1.0
44,10,2,9201728.0,0.5
44,11,1,9201728.0,0.5
44,11,2,9201728.0,1.0
44,12,2,9201728.0,0.5
44,13,1,9201728.0,1.0
44,14,1,9201728.0,1.0
44,14,2,9201728.0,0.5
44,15,1,9201728.0,0.5
44,15,2,9201728.0,5.0
44,16,1,9201687.0,0.5
44,16,1,9201728.0,1.0
44,16,2,9201728.0,0.5
45,1,1,9201728.0,5.0
45,1,2,9201728.0,5.0
45,2,1,9201023.0,1.0
45,2,1,9201728.0,1.0
45,3,1,9201728.0,1.0
45,3,2,9201728.0,5.0
45,4,1,9201728.0,1.0
45,4,2,9201728.0,5.0
45,5,1,9201728.0,1.0
45,5,2,9201728.0,10.0
45,6,1,9201728.0,1.0
45,6,2,9201023.0,0.5
45,6,2,9201728.0,5.0
45,8,2,9201728.0,5.0
45,9,1,9201728.0,0.5
45,9,2,9201728.0,30.0
45,10,1,9201023.0,0.5
45,10,1,9201728.0,1.0
45,10,2,9201023.0,0.5
45,10,2,9201728.0,5.0
45,11,2,9201728.0,10.0
45,12,2,9201728.0,10.0
45,13,1,9201728.0,0.5
45,13,2,9201728.0,50.0
45,14,1,9201023.0,0.5
45,15,1,9201023.0,0.5
45,15,1,9201728.0,5.0
45,15,2,9201728.0,45.0
45,16,1,9201023.0,0.5
45,16,1,9201728.0,0.5
45,16,2,9201728.0,20.0
46,2,1,9201023.0,0.5
46,2,1,9201728.0,1.0
46,2,2,9201728.0,1.0
46,3,1,9201728.0,1.0
46,3,2,9201728.0,30.0
46,4,1,9201728.0,1.0
46,4,2,9201023.0,1.0
46,4,2,9201728.0,10.0
46,5,1,9201728.0,0.5
46,5,2,9201023.0,0.5
46,5,2,9201728.0,10.0
46,6,1,9201023.0,0.5
46,6,1,9201728.0,5.0
46,7,1,9201728.0,1.0
46,7,2,9201728.0,45.0
46,8,1,9201728.0,1.0
46,9,1,9201728.0,1.0
46,9,2,9201023.0,0.5
46,9,2,9201728.0,30.0
46,10,1,9201023.0,0.5
46,10,1,9201728.0,1.0
46,10,2,9201728.0,10.0
46,11,2,9201728.0,30.0
46,12,2,9201728.0,30.0
46,13,1,9201023.0,0.5
46,13,1,9201728.0,1.0
46,13,2,9201728.0,30.0
46,14,1,9201728.0,5.0
46,14,2,9201728.0,70.0
46,15,1,9201728.0,1.5
46,15,2,9201728.0,30.0
46,16,1,9201023.0,0.5
46,16,1,9201728.0,1.0
46,16,2,9201728.0,5.0
47,6,1,9201728.0,0.5
47,7,2,9201687.0,1.0
47,7,2,9201728.0,1.0
47,8,2,9201687.0,0.5
47,10,2,9201023.0,0.5
47,11,1,9201728.0,1.0
48,1,1,9201023.0,0.5
48,1,1,9201728.0,50.0
48,1,2,9201023.0,0.5
48,1,2,9201728.0,1.0
48,2,1,9201728.0,50.0
48,2,2,9201728.0,5.0
48,3,1,9201023.0,0.5
48,3,1,9201728.0,5.0
48,3,2,9201728.0,10.0
48,4,1,9201023.0,0.5
48,4,1,9201728.0,5.0
48,4,2,9201023.0,0.5
48,5,1,9201728.0,1.0
48,5,2,9201728.0,10.0
48,6,1,9201728.0,1.0
48,6,2,9201023.0,0.5
48,6,2,9201728.0,5.0
48,7,1,9201728.0,5.0
48,8,1,9201728.0,55.0
48,8,2,9201728.0,65.0
48,9,2,9201728.0,80.0
48,10,1,9201728.0,5.0
48,11,1,9201728.0,5.0
48,11,2,9201728.0,1.0
48,12,1,9201728.0,5.0
48,12,2,9201023.0,0.5
48,12,2,9201728.0,40.0
48,13,1,9201728.0,5.0
48,13,1,9201815.0,0.5
48,14,1,9201728.0,10.0
48,14,2,9201728.0,20.0
48,15,1,9201728.0,5.0
48,15,2,9201728.0,5.0
48,16,1,9201728.0,55.0
48,16,2,9201023.0,0.5
48,16,2,9201728.0,1.0
49,1,1,9201728.0,1.0
49,1,2,9201728.0,1.0
49,3,1,9201728.0,5.0
49,3,2,9201728.0,0.5
49,4,2,9201728.0,1.0
49,5,1,9201728.0,0.5
49,5,2,9201728.0,1.0
49,6,1,9201728.0,0.5
49,6,2,9201728.0,20.0
49,7,1,9201728.0,5.0
49,7,2,9201728.0,1.0
49,8,1,9201728.0,5.0
49,8,2,9201728.0,20.0
49,9,1,9201728.0,25.0
49,9,2,9201728.0,10.0
49,10,1,9201728.0,5.0
49,10,2,9201728.0,1.0
49,11,1,9201728.0,1.0
49,11,2,9201728.0,70.0
49,12,1,9201728.0,25.0
49,12,2,9201728.0,5.0
49,13,1,9201728.0,10.0
49,13,2,9201728.0,1.0
49,14,1,9201728.0,45.0
49,14,2,9201728.0,10.0
49,15,1,9201728.0,20.0
49,15,2,9201728.0,25.0
49,16,1,9201728.0,5.0
49,16,2,9201728.0,1.0
50,1,1,9201687.0,70.0
50,1,2,9201687.0,1.0
50,4,1,9201728.0,1.0
50,5,1,9201687.0,1.0
50,7,1,9201728.0,1.0
50,9,2,9201687.0,0.5
50,10,2,9201687.0,20.0
50,11,1,9201687.0,5.0
50,11,1,9201728.0,1.0
50,11,2,9201687.0,10.0
50,12,2,9201687.0,1.0
50,13,1,9201728.0,0.5
50,13,2,9201687.0,10.0
50,13,2,9201728.0,0.5
50,14,1,9201687.0,1.0
50,14,2,9201728.0,1.0
50,15,1,9201728.0,0.5
50,15,2,9201687.0,20.0
50,15,2,9201728.0,1.0
50,16,1,9201728.0,1.0
50,16,2,9201728.0,0.5
51,1,1,9201728.0,5.0
51,1,2,9201023.0,1.0
51,1,2,9201728.0,5.0
51,2,1,9201728.0,40.0
51,2,2,9201728.0,90.0
51,3,1,9201728.0,55.0
51,3,2,9201728.0,20.0
51,4,1,9201728.0,70.0
51,4,2,9201728.0,100.0
51,5,1,9201728.0,10.0
51,5,2,9201728.0,100.0
51,6,1,9201728.0,70.0
51,6,2,9201728.0,95.0
51,7,1,9201728.0,60.0
51,7,2,9201728.0,100.0
51,8,1,9201728.0,60.0
51,8,2,9201728.0,100.0
51,9,1,9201728.0,50.0
51,9,2,9201728.0,100.0
51,10,1,9201728.0,30.0
51,10,2,9201728.0,100.0
51,11,1,9201728.0,55.0
51,11,2,9201023.0,0.5
51,11,2,9201728.0,90.0
51,12,1,9201023.0,0.5
51,12,1,9201728.0,40.0
51,12,2,9201728.0,100.0
51,13,1,9201728.0,60.0
51,13,2,9201023.0,0.5
51,13,2,9201728.0,100.0
51,14,1,9201728.0,60.0
51,14,2,9201728.0,95.0
51,15,1,9201728.0,60.0
51,15,2,9201728.0,55.0
51,16,1,9201728.0,70.0
51,16,2,9201728.0,95.0
52,1,1,9201728.0,0.5
52,1,2,9201728.0,0.5
52,2,1,9201728.0,0.5
52,2,2,9201023.0,0.5
52,2,2,9201728.0,20.0
52,4,1,9201728.0,1.0
52,4,2,9201023.0,0.5
52,5,1,9201728.0,1.0
52,5,2,9201728.0,1.0
52,6,1,9201728.0,20.0
52,6,2,9201728.0,30.0
52,7,2,9201728.0,20.0
52,8,1,9201728.0,0.5
52,8,2,9201023.0,0.5
52,8,2,9201728.0,20.0
52,9,1,9201728.0,0.5
52,9,2,9201728.0,60.0
52,11,1,9201728.0,0.5
52,11,2,9201728.0,20.0
52,12,1,9201728.0,0.5
52,12,2,9201728.0,20.0
52,13,1,9201728.0,0.5
52,13,2,9201023.0,0.5
52,13,2,9201728.0,0.5
52,14,1,9201728.0,1.0
52,14,2,9201023.0,0.5
52,14,2,9201728.0,30.0
52,15,1,9201728.0,0.5
52,15,2,9201023.0,0.5
52,15,2,9201728.0,20.0
52,16,1,9201728.0,5.0
52,16,2,9201023.0,0.5
52,16,2,9201728.0,40.0
53,1,1,9201728.0,15.0
53,3,1,9201728.0,1.0
53,4,1,9201728.0,0.5
53,4,2,9201815.0,0.5
53,5,1,9201728.0,30.0
53,5,2,9201728.0,5.0
53,6,1,9201728.0,30.0
53,6,1,9201815.0,0.5
53,7,1,9201728.0,5.0
53,7,2,9201815.0,0.5
53,8,1,9201728.0,5.0
53,8,1,9201815.0,0.5
53,8,2,9201728.0,10.0
53,8,2,9201815.0,0.5
53,9,2,9201728.0,0.5
53,10,1,9201728.0,20.0
53,10,2,9201728.0,40.0
53,11,1,9201728.0,1.0
53,11,2,9201687.0,1.0
53,11,2,9201728.0,0.5
53,11,2,9201815.0,0.5
53,12,1,9201728.0,10.0
53,12,2,9201728.0,0.5
53,12,2,9201815.0,0.5
53,13,2,9201728.0,0.5
53,14,1,9201728.0,1.0
53,14,2,9201728.0,0.5
53,15,2,9201728.0,0.5
53,16,1,9201728.0,1.0
54,1,1,9201023.0,0.5
54,1,1,9201728.0,5.0
54,2,1,9201023.0,0.5
54,2,1,9201728.0,5.0
54,3,1,9201687.0,0.5
54,3,1,9201728.0,20.0
54,3,2,9201687.0,0.5
54,4,1,9201728.0,5.0
54,5,1,9201728.0,40.0
54,6,1,9201023.0,0.5
54,6,1,9201728.0,30.0
54,6,2,9201023.0,0.5
54,7,1,9201023.0,0.5
54,7,1,9201728.0,5.0
54,8,1,9201023.0,0.5
54,8,1,9201728.0,1.0
54,8,2,9201728.0,0.5
54,9,1,9201023.0,0.5
54,9,1,9201728.0,65.0
54,10,1,9201023.0,0.5
54,10,1,9201728.0,15.0
54,10,2,9201023.0,0.5
54,11,1,9201728.0,95.0
54,11,2,9201023.0,1.0
54,11,2,9201728.0,0.5
54,12,1,9201728.0,5.5
54,12,2,9201728.0,0.5
54,13,1,9201023.0,0.5
54,13,1,9201728.0,30.0
54,13,2,9201023.0,0.5
54,14,1,9201728.0,65.0
54,14,2,9201023.0,0.5
54,14,2,9201728.0,0.5
54,15,1,9201728.0,90.0
54,15,2,9201728.0,0.5
54,16,1,9201728.0,50.0
54,16,2,9201023.0,0.5
54,16,2,9201728.0,0.5
55,1,1,9201728.0,1.0
55,1,2,9201728.0,25.0
55,2,1,9201728.0,5.0
55,2,2,9201728.0,20.0
55,3,1,9201728.0,10.0
55,3,2,9201728.0,5.0
55,4,1,9201728.0,1.0
55,4,2,9201728.0,80.0
55,5,1,9201728.0,1.0
55,5,2,9201728.0,1.0
55,8,1,9201728.0,5.0
55,8,2,9201728.0,5.0
55,9,1,9201728.0,10.0
55,9,2,9201728.0,1.0
55,10,1,9201728.0,0.5
55,11,1,9201728.0,1.0
55,11,2,9201728.0,20.0
55,12,1,9201728.0,10.0
55,12,2,9201728.0,5.0
55,13,2,9201728.0,1.0
55,14,1,9201728.0,5.0
55,14,2,9201728.0,1.0
55,15,1,9201023.0,0.5
55,15,1,9201728.0,5.0
56,1,1,9201728.0,0.5
56,2,2,9201728.0,5.0
56,3,2,9201728.0,10.0
56,4,1,9201023.0,0.5
56,4,1,9201728.0,0.5
56,4,2,9201728.0,10.0
56,5,2,9201023.0,0.5
56,9,2,9201728.0,1.0
56,10,1,9201728.0,1.0
56,10,2,9201728.0,5.0
56,11,1,9201728.0,1.0
56,12,1,9201728.0,1.0
56,12,2,9201728.0,1.0
56,16,2,9201728.0,1.0
57,1,1,9201728.0,1.0
57,1,2,9201728.0,10.0
57,2,1,9201728.0,1.0
57,2,2,9201728.0,10.0
57,3,1,9201728.0,1.0
57,3,2,9201728.0,5.0
57,4,1,9201728.0,1.0
57,4,2,9201728.0,10.0
57,5,1,9201728.0,1.0
57,6,1,9201728.0,5.0
57,6,2,9201023.0,0.5
57,6,2,9201728.0,5.0
57,8,1,9201728.0,5.0
57,8,2,9201023.0,0.5
57,8,2,9201728.0,20.0
57,9,1,9201728.0,1.0
57,9,2,9201728.0,10.0
57,10,1,9201728.0,5.0
57,12,1,9201728.0,1.0
57,13,1,9201728.0,5.0
57,14,1,9201023.0,0.5
57,14,1,9201728.0,1.0
57,14,2,9201023.0,0.5
57,14,2,9201728.0,0.5
57,15,1,9201728.0,5.0
57,15,2,9201728.0,5.0
57,16,1,9201728.0,1.0
57,16,2,9201728.0,5.0
58,1,1,9201728.0,5.0
58,1,2,9201728.0,0.5
58,2,1,9201728.0,1.0
58,2,2,9201023.0,0.5
58,3,1,9201728.0,10.0
58,3,2,9201728.0,0.5
58,4,1,9201728.0,0.5
58,4,2,9201728.0,1.0
58,5,1,9201023.0,0.5
58,5,1,9201728.0,0.5
58,5,2,9201023.0,1.0
58,5,2,9201728.0,1.0
58,6,1,9201728.0,1.0
58,6,2,9201023.0,1.0
58,6,2,9201728.0,1.0
58,7,1,9201728.0,5.0
58,7,2,9201728.0,0.5
58,8,1,9201728.0,0.5
58,8,2,9201023.0,0.5
58,8,2,9201728.0,1.0
58,9,1,9201728.0,1.0
58,9,2,9201023.0,0.5
58,9,2,9201728.0,1.0
58,10,1,9201728.0,0.5
58,10,2,9201023.0,1.0
58,10,2,9201728.0,0.5
58,11,1,9201023.0,0.5
58,11,1,9201728.0,0.5
58,12,1,9201728.0,1.0
58,12,2,9201728.0,1.0
58,13,1,9201728.0,1.0
58,13,2,9201728.0,75.0
58,14,1,9201728.0,1.0
58,14,2,9201728.0,1.0
58,15,1,9201728.0,1.0
58,15,2,9201728.0,25.0
58,16,2,9201023.0,1.0
58,16,2,9201728.0,1.0
59,1,1,9201728.0,0.5
59,3,1,9201728.0,0.5
59,3,2,9201728.0,5.0
59,4,1,9201728.0,0.5
59,5,2,9201728.0,1.0
59,8,1,9201815.0,0.5
59,9,1,9201728.0,0.5
59,15,2,9201728.0,0.5
59,16,1,9201728.0,0.5
60,1,1,9201675.0,0.5
60,1,1,9201728.0,0.5
60,1,2,9201023.0,1.0
60,1,2,9201728.0,0.5
60,2,1,9201023.0,0.5
60,2,1,9201728.0,5.0
60,2,2,9201728.0,1.0
60,3,1,9201023.0,0.5
60,3,1,9201728.0,1.0
60,3,1,9201815.0,0.5
60,3,2,9201023.0,1.0
60,3,2,9201728.0,0.5
60,4,1,9201728.0,5.0
60,4,2,9201023.0,0.5
60,4,2,9201728.0,1.0
60,5,1,9201023.0,0.5
60,5,1,9201728.0,1.0
60,5,2,9201023.0,0.5
60,5,2,9201728.0,0.5
60,6,1,9201023.0,0.5
60,6,1,9201728.0,1.0
60,6,2,9201728.0,1.0
60,7,1,9201023.0,0.5
60,7,1,9201728.0,1.0
60,7,2,9201023.0,0.5
60,7,2,9201728.0,0.5
60,8,1,9201728.0,10.0
60,9,1,9201728.0,1.0
60,9,2,9201023.0,1.0
60,9,2,9201728.0,1.0
60,10,1,9201728.0,5.0
60,10,2,9201728.0,5.0
60,11,1,9201023.0,0.5
60,11,1,9201728.0,1.0
60,11,2,9201728.0,5.0
60,12,1,9201728.0,5.0
60,12,2,9201728.0,0.5
60,13,1,9201023.0,0.5
60,13,1,9201728.0,1.0
60,13,2,9201023.0,0.5
60,13,2,9201728.0,0.5
60,14,1,9201728.0,1.0
60,14,2,9201023.0,0.5
60,14,2,9201728.0,1.0
60,15,1,9201728.0,5.0
60,15,2,9201728.0,5.0
60,16,1,9201023.0,0.5
60,16,1,9201728.0,1.0
60,16,2,9201728.0,1.0
61,1,1,9201728.0,0.5
61,1,2,9201728.0,30.0
61,2,1,9201728.0,1.0
61,2,1,9201815.0,0.5
61,3,1,9201728.0,0.5
61,4,1,9201728.0,1.0
61,4,2,9201728.0,40.0
61,5,1,9201023.0,0.5
61,5,1,9201728.0,1.0
61,5,2,9201728.0,40.0
61,6,1,9201728.0,1.0
61,6,2,9201728.0,5.0
61,7,1,9201728.0,1.0
61,7,2,9201728.0,1.0
61,8,1,9201023.0,0.5
61,8,1,9201728.0,1.0
61,8,2,9201728.0,1.0
61,9,1,9201728.0,1.0
61,9,2,9201728.0,10.0
61,10,2,9201728.0,40.0
61,11,1,9201023.0,1.0
61,11,1,9201728.0,1.0
61,11,2,9201728.0,10.0
61,12,1,9201728.0,1.0
61,12,2,9201728.0,10.0
61,13,1,9201728.0,1.0
61,13,2,9201728.0,1.0
61,14,2,9201728.0,40.0
61,15,1,9201023.0,0.5
61,15,1,9201728.0,1.0
61,15,2,9201728.0,5.0
61,16,1,9201728.0,1.0
61,16,2,9201023.0,0.5
61,16,2,9201728.0,0.5
62,1,1,9201728.0,0.5
62,1,2,9201023.0,0.5
62,2,1,9201728.0,0.5
62,3,1,9201728.0,1.0
62,4,2,9201728.0,0.5
62,5,2,9201023.0,0.5
62,6,1,9201728.0,0.5
62,7,2,9201728.0,5.0
62,8,2,9201728.0,5.0
62,9,1,9201728.0,0.5
62,10,1,9201023.0,0.5
62,10,1,9201728.0,0.5
62,11,1,9201728.0,0.5
62,12,1,9201728.0,0.5
62,13,1,9201728.0,0.5
62,14,1,9201023.0,0.5
62,14,1,9201728.0,0.5
62,14,2,9201023.0,0.5
62,14,2,9201728.0,0.5
62,15,1,9201728.0,0.5
62,16,1,9201728.0,0.5
63,1,1,9201023.0,1.0
63,1,1,9201728.0,1.0
63,2,2,9201023.0,0.5
63,2,2,9201728.0,40.0
63,3,1,9201728.0,10.0
63,3,2,9201728.0,20.0
63,4,1,9201728.0,1.0
63,5,1,9201023.0,1.0
63,5,1,9201728.0,1.0
63,6,1,9201023.0,1.0
63,6,1,9201728.0,10.0
63,6,2,9201023.0,5.0
63,6,2,9201728.0,1.0
63,7,1,9201023.0,0.5
63,7,1,9201728.0,1.0
63,7,2,9201023.0,0.5
63,7,2,9201728.0,15.0
63,8,2,9201728.0,0.5
63,9,1,9201023.0,1.0
63,9,1,9201728.0,5.0
63,9,2,9201023.0,0.5
63,9,2,9201728.0,6.0
63,10,1,9201023.0,1.0
63,10,1,9201728.0,10.0
63,10,2,9201023.0,5.0
63,10,2,9201728.0,70.0
63,11,1,9201023.0,0.5
63,11,1,9201728.0,10.0
63,11,2,9201023.0,0.5
63,11,2,9201728.0,40.0
63,12,1,9201728.0,1.0
63,12,2,9201728.0,6.0
63,13,1,9201728.0,5.0
63,14,1,9201728.0,10.0
63,15,1,9201023.0,1.0
63,15,1,9201728.0,1.0
63,15,2,9201023.0,0.5
63,15,2,9201728.0,1.0
63,16,1,9201728.0,5.0
63,16,2,9201023.0,0.5
64,1,1,9201728.0,0.5
64,2,1,9201023.0,0.5
64,2,1,9201728.0,1.0
64,2,2,9201023.0,0.5
64,2,2,9201728.0,5.0
64,3,1,9201023.0,0.5
64,3,1,9201687.0,0.5
64,3,1,9201728.0,5.0
64,4,1,9201728.0,15.0
64,5,1,9201023.0,0.5
64,5,1,9201728.0,1.0
64,5,2,9201023.0,0.5
64,5,2,9201728.0,0.5
64,6,1,9201023.0,0.5
64,6,1,9201728.0,0.5
64,7,1,9201023.0,0.5
64,7,1,9201728.0,20.0
64,7,2,9201023.0,0.5
64,8,1,9201728.0,0.5
64,9,1,9201728.0,1.0
64,10,1,9201728.0,5.0
64,10,2,9201023.0,1.0
64,10,2,9201728.0,0.5
64,13,2,9201023.0,0.5
64,14,1,9201728.0,1.0
64,15,1,9201023.0,0.5
64,15,2,9201728.0,0.5
64,16,2,9201023.0,0.5
65,1,1,9201023.0,30.0
65,1,1,9201728.0,10.0
65,1,2,9201728.0,20.0
65,2,1,9201728.0,25.0
65,2,2,9201728.0,50.0
65,3,1,9201728.0,40.0
65,3,2,9201728.0,0.5
65,4,1,9201728.0,70.0
65,4,2,9201728.0,70.0
65,5,1,9201023.0,0.5
65,5,1,9201728.0,5.0
65,5,2,9201023.0,0.5
65,5,2,9201728.0,55.0
65,6,1,9201728.0,0.5
65,6,2,9201728.0,10.0
65,7,1,9201728.0,10.0
65,7,2,9201023.0,0.5
65,7,2,9201728.0,40.0
65,8,1,9201728.0,25.0
65,8,2,9201728.0,30.0
65,9,1,9201728.0,1.0
65,9,2,9201728.0,90.0
65,10,1,9201728.0,10.0
65,11,1,9201023.0,0.5
65,11,1,9201728.0,0.5
65,11,2,9201728.0,15.0
65,12,1,9201728.0,1.0
65,12,2,9201728.0,15.0
65,13,1,9201728.0,15.0
65,13,2,9201023.0,0.5
65,13,2,9201728.0,1.0
65,14,1,9201728.0,30.0
65,14,2,9201023.0,0.5
65,14,2,9201728.0,50.0
65,15,1,9201728.0,5.0
65,15,2,9201728.0,1.0
65,16,1,9201023.0,0.5
65,16,1,9201728.0,15.0
65,16,2,9201023.0,0.5
65,16,2,9201728.0,75.0
66,1,1,9201728.0,1.0
66,1,2,9201728.0,90.0
66,2,1,9201728.0,1.0
66,2,2,9201728.0,20.0
66,3,2,9201728.0,1.0
66,4,1,9201023.0,1.0
66,4,1,9201728.0,1.0
66,4,2,9201023.0,0.5
66,4,2,9201728.0,10.0
66,5,1,9201728.0,1.0
66,5,2,9201023.0,1.5
66,5,2,9201728.0,5.0
66,6,1,9201728.0,1.0
66,6,2,9201728.0,5.0
66,7,1,9201728.0,0.5
66,7,2,9201728.0,10.0
66,8,1,9201728.0,10.0
66,8,2,9201728.0,1.0
66,9,1,9201728.0,1.0
66,9,2,9201728.0,1.0
66,11,1,9201728.0,5.0
66,11,2,9201728.0,0.5
66,12,1,9201728.0,1.0
66,12,2,9201728.0,1.0
66,13,1,9201728.0,5.0
66,13,2,9201728.0,100.0
66,14,1,9201728.0,0.5
66,14,2,9201728.0,80.0
66,15,1,9201023.0,0.5
66,15,1,9201728.0,5.0
66,15,2,9201728.0,90.0
66,16,1,9201728.0,5.0
66,16,2,9201728.0,85.0
67,1,2,9201023.0,0.5
67,1,2,9201687.0,5.0
67,2,1,9201728.0,0.5
67,2,2,9201687.0,100.0
67,3,1,9201687.0,0.5
67,3,1,9201728.0,0.5
67,3,2,9201687.0,50.0
67,3,2,9201728.0,5.0
67,4,1,9201023.0,0.5
67,4,1,9201728.0,1.0
67,4,2,9201728.0,15.0
67,5,1,9201728.0,0.5
67,5,1,9201815.0,0.5
67,5,2,9201728.0,0.5
67,6,2,9201023.0,0.5
67,6,2,9201687.0,0.5
67,7,1,9201728.0,0.5
67,7,2,9201728.0,5.0
67,8,1,9201728.0,10.0
67,8,2,9201728.0,5.0
67,9,1,9201023.0,0.5
67,9,2,9201728.0,15.0
67,10,1,9201728.0,10.0
67,10,2,9201728.0,5.0
67,11,2,9201728.0,10.0
67,12,1,9201728.0,0.5
67,12,2,9201728.0,5.0
67,13,2,9201728.0,5.0
67,14,1,9201728.0,0.5
67,15,1,9201023.0,0.5
68,1,1,9201728.0,5.0
68,2,1,9201728.0,1.0
68,2,2,9201728.0,0.5
68,3,1,9201728.0,0.5
68,3,2,9201728.0,0.5
68,4,1,9201728.0,1.0
68,4,2,9201728.0,0.5
68,5,1,9201728.0,1.0
68,5,2,9201728.0,1.0
68,6,1,9201728.0,1.0
68,6,2,9201728.0,0.5
68,7,1,9201728.0,5.0
68,8,1,9201728.0,1.0
68,9,1,9201728.0,1.0
68,9,2,9201728.0,1.0
68,10,1,9201728.0,0.5
68,10,2,9201023.0,0.5
68,10,2,9201728.0,1.0
68,11,1,9201728.0,1.0
68,11,2,9201023.0,0.5
68,11,2,9201728.0,1.0
68,12,1,9201728.0,10.0
68,12,2,9201728.0,1.0
68,13,1,9201728.0,15.0
68,13,2,9201728.0,1.0
68,14,1,9201728.0,0.5
68,14,2,9201728.0,0.5
68,15,1,9201728.0,1.0
68,15,2,9201728.0,0.5
68,16,1,9201728.0,15.0
68,16,2,9201728.0,0.5
69,1,1,9201728.0,20.0
69,1,2,9201728.0,25.0
69,2,1,9201728.0,5.0
69,2,2,9201728.0,50.0
69,3,1,9201728.0,1.0
69,3,2,9201728.0,5.0
69,4,1,9201728.0,5.0
69,4,2,9201023.0,0.5
69,4,2,9201728.0,15.0
69,5,1,9201728.0,20.0
69,5,2,9201728.0,60.0
69,6,1,9201728.0,35.0
69,6,2,9201728.0,90.0
69,7,1,9201728.0,1.0
69,7,2,9201023.0,0.5
69,8,1,9201728.0,1.0
69,8,2,9201023.0,0.5
69,8,2,9201728.0,5.0
69,10,1,9201728.0,5.0
69,10,2,9201023.0,0.5
69,10,2,9201728.0,0.5
69,11,1,9201728.0,5.0
69,11,2,9201728.0,5.0
69,12,1,9201728.0,10.0
69,12,2,9201728.0,5.0
69,13,1,9201728.0,95.0
69,13,2,9201728.0,0.5
69,14,1,9201728.0,5.0
69,14,2,9201728.0,0.5
69,15,1,9201728.0,5.0
69,15,2,9201728.0,25.0
69,16,1,9201728.0,5.0
69,16,2,9201023.0,0.5
69,16,2,9201728.0,0.5
70,1,1,9201728.0,1.0
70,1,2,9201728.0,40.0
70,2,1,9201728.0,1.0
70,2,2,9201728.0,20.0
70,3,1,9201728.0,5.0
70,3,1,9201815.0,0.5
70,3,2,9201728.0,30.0
70,4,1,9201728.0,65.0
70,4,1,9201815.0,0.5
70,4,2,9201728.0,20.0
70,5,1,9201728.0,5.0
70,5,2,9201728.0,25.0
70,6,1,9201728.0,0.5
70,6,2,9201728.0,50.0
70,7,1,9201728.0,5.0
70,8,1,9201728.0,0.5
70,8,1,9201815.0,0.5
70,8,2,9201728.0,25.0
70,9,1,9201728.0,1.0
70,9,2,9201728.0,15.0
70,10,1,9201728.0,10.0
70,10,2,9201728.0,5.0
70,11,1,9201728.0,1.0
70,11,2,9201728.0,10.0
70,12,1,9201728.0,5.0
70,12,2,9201728.0,15.0
70,13,1,9201728.0,5.0
70,14,1,9201728.0,1.0
70,14,2,9201728.0,20.0
70,15,1,9201728.0,0.5
70,15,2,9201728.0,15.0
70,16,2,9201728.0,10.0
71,1,1,9201728.0,1.0
71,1,2,9201728.0,50.0
71,2,1,9201728.0,1.0
71,2,2,9201728.0,5.0
71,2,2,9201815.0,0.5
71,3,1,9201728.0,5.0
71,3,2,9201728.0,1.0
71,4,1,9201023.0,0.5
71,4,1,9201728.0,10.0
71,4,2,9201023.0,0.5
71,4,2,9201728.0,5.0
71,5,1,9201023.0,0.5
71,5,1,9201728.0,1.0
71,5,2,9201728.0,5.0
71,6,1,9201023.0,0.5
71,6,1,9201728.0,15.0
71,6,2,9201728.0,0.5
71,7,1,9201023.0,0.5
71,7,1,9201728.0,5.0
71,7,2,9201728.0,45.0
71,8,2,9201728.0,5.0
71,9,1,9201728.0,75.0
71,9,2,9201023.0,0.5
71,9,2,9201728.0,1.0
71,10,1,9201023.0,0.5
71,10,1,9201728.0,5.0
71,10,1,9201815.0,0.5
71,10,2,9201728.0,35.0
71,11,1,9201728.0,5.0
71,11,2,9201728.0,30.0
71,12,1,9201023.0,0.5
71,12,1,9201728.0,20.0
71,12,2,9201728.0,10.0
71,13,1,9201728.0,5.0
71,13,2,9201728.0,35.0
71,14,1,9201728.0,1.0
71,14,2,9201728.0,5.0
71,14,2,9201815.0,0.5
71,15,1,9201023.0,0.5
71,15,1,9201728.0,30.5
71,15,2,9201023.0,0.5
71,15,2,9201728.0,15.0
71,16,1,9201728.0,10.0
71,16,2,9201023.0,0.5
71,16,2,9201728.0,10.0
72,1,1,9201728.0,0.5
72,1,2,9201728.0,1.0
72,2,1,9201728.0,0.5
72,2,2,9201728.0,1.0
72,3,1,9201728.0,0.5
72,3,2,9201023.0,0.5
72,4,1,9201728.0,0.5
72,4,2,9201728.0,1.0
72,5,1,9201728.0,1.0
72,5,2,9201023.0,0.5
72,6,1,9201728.0,0.5
72,7,1,9201728.0,1.0
72,7,2,9201023.0,0.5
72,7,2,9201728.0,0.5
72,8,1,9201728.0,0.5
72,8,2,9201023.0,0.5
72,8,2,9201728.0,0.5
72,9,1,9201023.0,0.5
72,9,1,9201728.0,1.0
72,9,2,9201728.0,0.5
72,10,1,9201728.0,1.0
72,10,2,9201728.0,0.5
72,12,1,9201728.0,0.5
72,12,2,9201023.0,0.5
72,13,1,9201728.0,0.5
72,14,1,9201023.0,0.5
72,14,1,9201728.0,0.5
72,15,1,9201023.0,0.5
72,16,2,9201023.0,0.5
73,1,1,9201023.0,0.5
73,1,1,9201728.0,1.0
73,1,2,9201728.0,0.5
73,2,1,9201023.0,1.0
73,2,1,9201728.0,1.0
73,2,2,9201023.0,1.0
73,2,2,9201728.0,1.0
73,3,1,9201728.0,0.5
73,3,2,9201023.0,1.0
73,4,1,9201728.0,0.5
73,4,2,9201023.0,0.5
73,4,2,9201728.0,15.0
73,5,1,9201728.0,1.0
73,5,2,9201023.0,0.5
73,5,2,9201728.0,1.0
73,6,1,9201728.0,0.5
73,6,2,9201023.0,0.5
73,6,2,9201728.0,1.0
73,7,1,9201728.0,0.5
73,8,1,9201728.0,0.5
73,8,2,9201023.0,0.5
73,8,2,9201728.0,0.5
73,9,2,9201023.0,0.5
73,10,1,9201728.0,0.5
73,10,2,9201728.0,10.0
73,11,2,9201728.0,1.0
73,13,1,9201728.0,0.5
73,13,2,9201728.0,0.5
73,14,1,9201023.0,0.5
73,14,1,9201728.0,0.5
73,14,2,9201023.0,0.5
73,14,2,9201728.0,1.0
73,15,1,9201728.0,0.5
73,15,2,9201728.0,1.0
73,16,1,9201023.0,0.5
73,16,1,9201728.0,1.0
73,16,2,9201023.0,0.5
74,1,1,9201687.0,0.5
74,1,2,9201687.0,1.0
74,1,2,9201728.0,1.0
74,2,1,9201687.0,0.5
74,2,2,9201687.0,1.0
74,3,1,9201687.0,0.5
74,4,1,9201687.0,0.5
74,4,2,9201687.0,0.5
74,4,2,9201728.0,0.5
74,5,1,9201023.0,0.5
74,5,1,9201687.0,0.5
74,5,2,9201687.0,0.5
74,5,2,9201728.0,1.0
74,6,1,9201728.0,0.5
74,7,2,9201728.0,0.5
74,8,1,9201728.0,0.5
74,8,2,9201023.0,0.5
74,8,2,9201728.0,1.0
74,9,2,9201023.0,0.5
74,10,1,9201728.0,0.5
74,10,2,9201687.0,0.5
74,10,2,9201728.0,0.5
74,12,1,9201728.0,0.5
74,12,2,9201023.0,0.5
74,12,2,9201728.0,1.0
74,13,1,9201023.0,0.5
74,13,1,9201728.0,0.5
74,13,2,9201687.0,0.5
74,13,2,9201728.0,1.0
74,14,1,9201023.0,0.5
74,14,1,9201728.0,0.5
74,14,2,9201023.0,0.5
74,14,2,9201728.0,5.0
75,1,1,9201728.0,1.0
75,1,2,9201728.0,5.0
75,2,1,9201728.0,1.0
75,2,2,9201023.0,0.5
75,3,1,9201728.0,1.0
75,3,2,9201728.0,10.0
75,4,1,9201728.0,1.0
75,5,1,9201728.0,0.5
75,5,2,9201728.0,1.0
75,6,2,9201023.0,0.5
75,7,1,9201728.0,0.5
75,7,2,9201023.0,1.0
75,8,1,9201728.0,1.0
75,8,2,9201728.0,1.0
75,10,1,9201023.0,0.5
75,10,1,9201728.0,0.5
75,11,1,9201728.0,1.0
75,11,2,9201728.0,10.0
75,12,1,9201728.0,1.0
75,12,2,9201728.0,25.0
75,13,1,9201728.0,5.0
75,13,2,9201728.0,1.0
75,14,1,9201728.0,1.0
75,14,2,9201728.0,0.5
75,15,1,9201728.0,1.0
75,15,2,9201728.0,25.0
75,16,1,9201023.0,0.5
75,16,1,9201728.0,1.0
76,1,1,9202138.0,0.5
76,8,2,9202138.0,1.0
76,9,2,9202138.0,1.0
76,11,2,9202138.0,1.0
76,15,1,9202138.0,1.0
77,2,1,9201023.0,0.5
77,2,1,9201728.0,0.5
77,2,2,9201728.0,1.0
77,3,2,9201023.0,0.5
77,3,2,9201728.0,0.5
77,4,1,9201728.0,0.5
77,4,2,9201023.0,0.5
77,4,2,9201728.0,0.5
77,6,2,9201023.0,0.5
77,7,1,9202138.0,0.5
77,7,2,9201023.0,0.5
77,8,1,9202138.0,1.0
77,8,2,9201023.0,0.5
77,8,2,9202138.0,0.5
77,9,1,9202138.0,5.0
77,9,2,9201023.0,0.5
77,10,1,9202138.0,1.0
77,10,2,9202138.0,5.0
77,11,1,9201023.0,0.5
77,11,1,9202138.0,0.5
77,11,2,9201023.0,0.5
77,11,2,9202138.0,5.0
77,12,1,9201023.0,0.5
77,12,2,9201023.0,0.5
77,13,1,9201728.0,0.5
77,13,2,9201023.0,0.5
77,13,2,9202138.0,1.0
77,14,1,9201023.0,0.5
77,15,1,9201023.0,0.5
78,2,1,9201023.0,0.5
78,5,2,9201023.0,1.0
78,8,1,9201728.0,0.5
78,8,2,9201728.0,25.0
78,9,1,9201728.0,0.5
78,9,2,9201728.0,70.0
78,10,1,9201728.0,0.5
78,10,2,9201728.0,75.0
78,11,2,9201023.0,0.5
78,11,2,9201728.0,25.0
79,1,1,9201728.0,1.0
79,1,2,9201023.0,0.5
79,1,2,9201728.0,1.0
79,3,1,9201728.0,10.0
79,4,1,9201687.0,0.5
79,4,1,9201728.0,60.0
79,4,2,9201687.0,15.0
79,4,2,9201728.0,0.5
79,5,1,9201687.0,0.5
79,5,1,9201728.0,5.0
79,5,2,9201728.0,1.0
79,6,1,9201728.0,50.0
79,6,2,9201023.0,0.5
79,6,2,9201687.0,0.5
79,6,2,9201728.0,1.0
79,7,1,9201728.0,1.0
79,7,2,9201023.0,1.0
79,7,2,9201687.0,25.0
79,7,2,9201728.0,10.0
79,8,1,9201023.0,0.5
79,8,1,9201728.0,50.0
79,8,2,9201687.0,1.0
79,8,2,9201728.0,5.0
79,9,1,9201023.0,0.5
79,9,1,9201728.0,50.0
79,9,2,9201687.0,0.5
79,9,2,9201728.0,10.0
79,10,1,9201728.0,30.0
79,10,2,9201023.0,0.5
79,10,2,9201728.0,5.0
79,11,1,9201728.0,5.0
79,11,2,9201687.0,5.0
79,11,2,9201728.0,0.5
79,12,1,9201023.0,0.5
79,12,1,9201728.0,50.0
79,12,2,9201728.0,1.0
79,13,1,9201023.0,0.5
79,13,1,9201728.0,0.5
79,13,2,9201023.0,0.5
79,13,2,9201687.0,1.0
79,13,2,9201728.0,5.0
79,14,1,9201687.0,1.0
79,14,1,9201728.0,5.0
79,14,2,9201023.0,0.5
79,14,2,9201687.0,10.0
79,14,2,9201728.0,5.0
79,15,1,9201023.0,0.5
79,15,1,9201728.0,5.0
79,15,2,9201728.0,20.0
79,16,1,9201023.0,0.5
79,16,1,9201687.0,0.5
79,16,1,9201728.0,1.0
79,16,2,9201023.0,0.5
79,16,2,9201728.0,10.0
80,1,1,9201728.0,25.0
80,1,2,9201023.0,0.5
80,1,2,9201728.0,10.0
80,2,1,9201023.0,1.0
80,2,1,9201728.0,5.0
80,2,2,9201023.0,0.5
80,2,2,9201728.0,20.0
80,3,1,9201023.0,0.5
80,3,1,9201728.0,5.0
80,3,2,9201728.0,15.0
80,4,1,9201023.0,0.5
80,4,1,9201728.0,20.0
80,4,2,9201728.0,5.0
80,5,1,9201023.0,0.5
80,5,1,9201728.0,5.0
80,5,2,9201728.0,35.0
80,6,1,9201728.0,20.0
80,6,2,9201023.0,0.5
80,6,2,9201728.0,20.0
80,7,1,9201023.0,0.5
80,7,1,9201728.0,70.0
80,8,1,9201023.0,0.5
80,8,1,9201728.0,5.0
80,8,2,9201023.0,0.5
80,8,2,9201728.0,0.5
80,9,1,9201728.0,10.0
80,9,2,9201728.0,10.0
80,10,1,9201728.0,20.0
80,10,2,9201728.0,1.0
80,10,2,9201815.0,0.5
80,11,1,9201728.0,10.0
80,11,2,9201728.0,5.0
80,12,1,9201728.0,5.0
80,12,2,9201728.0,10.0
80,13,1,9201728.0,20.0
80,13,2,9201728.0,30.0
80,14,1,9201728.0,40.0
80,14,2,9201728.0,70.0
80,15,1,9201023.0,0.5
80,15,1,9201728.0,50.0
80,15,2,9201728.0,1.0
80,16,1,9201728.0,5.0
80,16,2,9201728.0,10.0
81,1,1,9201023.0,0.5
81,1,1,9201728.0,50.0
81,1,2,9201728.0,10.0
81,1,2,9201815.0,0.5
81,2,1,9201023.0,0.5
81,2,1,9201728.0,25.0
81,2,2,9201728.0,10.0
81,3,1,9201728.0,60.0
81,3,2,9201728.0,10.0
81,4,1,9201023.0,0.5
81,4,1,9201728.0,30.0
81,4,2,9201728.0,50.0
81,5,1,9201728.0,40.0
81,5,2,9201023.0,0.5
81,5,2,9201728.0,80.0
81,6,1,9201728.0,25.0
81,6,2,9201023.0,0.5
81,6,2,9201728.0,50.0
81,6,2,9201815.0,0.5
81,7,1,9201728.0,10.0
81,7,2,9201728.0,50.0
81,8,1,9201728.0,1.0
81,8,2,9201728.0,20.0
81,9,1,9201728.0,20.0
81,9,2,9201728.0,90.0
81,10,2,9201728.0,1.0
81,11,2,9201728.0,1.0
81,12,1,9201728.0,1.0
81,12,2,9201728.0,40.0
81,13,1,9201728.0,5.0
81,13,2,9201728.0,70.0
81,14,1,9201728.0,30.0
81,14,2,9201728.0,50.0
81,15,1,9201728.0,30.0
81,15,2,9201023.0,0.5
81,15,2,9201728.0,20.0
81,16,1,9201728.0,1.0
81,16,2,9201728.0,1.0
82,1,1,9201023.0,0.5
82,1,1,9201728.0,5.0
82,1,2,9201023.0,0.5
82,1,2,9201728.0,25.0
82,2,1,9201023.0,0.5
82,2,1,9201728.0,15.0
82,2,2,9201728.0,15.0
82,3,1,9201023.0,1.0
82,3,1,9201728.0,5.0
82,3,2,9201728.0,15.0
82,4,1,9201728.0,1.0
82,4,2,9201023.0,1.0
82,4,2,9201728.0,1.0
82,5,1,9201728.0,1.0
82,5,2,9201023.0,0.5
82,6,1,9201023.0,0.5
82,6,2,9201023.0,1.0
82,6,2,9201728.0,5.0
82,7,1,9201023.0,0.5
82,7,1,9201728.0,1.0
82,8,1,9201728.0,10.0
82,8,2,9201728.0,1.0
82,9,1,9201728.0,10.0
82,9,2,9201728.0,1.0
82,10,1,9201728.0,15.0
82,10,2,9201023.0,0.5
82,10,2,9201728.0,1.0
82,11,1,9201728.0,20.0
82,11,2,9201728.0,5.0
82,12,1,9201728.0,15.0
82,12,2,9201023.0,1.0
82,12,2,9201728.0,10.0
82,13,1,9201728.0,70.0
82,13,2,9201023.0,0.5
82,13,2,9201728.0,15.0
82,14,1,9201728.0,70.0
82,14,2,9201023.0,0.5
82,14,2,9201728.0,25.0
82,15,1,9201728.0,60.0
82,15,2,9201023.0,1.0
82,16,1,9201728.0,10.0
82,16,2,9201023.0,0.5
82,16,2,9201728.0,25.0
83,1,1,9201728.0,1.0
83,1,1,9201815.0,0.5
83,1,2,9201023.0,0.5
83,1,2,9201728.0,1.0
83,2,1,9201728.0,1.0
83,2,2,9201728.0,1.0
83,3,1,9201728.0,5.0
83,3,2,9201728.0,5.0
83,4,1,9201023.0,0.5
83,4,1,9201728.0,1.0
83,4,2,9201728.0,10.0
83,5,1,9201728.0,1.0
83,5,2,9201023.0,0.5
83,5,2,9201728.0,5.5
83,6,1,9201728.0,1.0
83,6,2,9201728.0,1.0
83,7,1,9201728.0,1.0
83,7,2,9201728.0,10.0
83,8,1,9201728.0,1.0
83,9,1,9201728.0,1.0
83,10,1,9201728.0,5.0
83,11,1,9201728.0,5.0
83,12,1,9201728.0,5.0
83,12,2,9201728.0,5.0
83,13,1,9201728.0,1.0
83,13,2,9201728.0,0.5
83,14,1,9201728.0,1.0
83,15,1,9201728.0,5.0
83,15,2,9201728.0,0.5
83,16,1,9201728.0,5.0
84,1,1,9201728.0,40.0
84,1,2,9201023.0,1.0
84,2,1,9201023.0,0.5
84,2,1,9201728.0,50.0
84,2,2,9201023.0,0.5
84,2,2,9201728.0,10.0
84,3,1,9201728.0,5.0
84,3,2,9201023.0,0.5
84,3,2,9201728.0,10.0
84,4,1,9201687.0,0.5
84,4,1,9201728.0,30.0
84,4,2,9201023.0,0.5
84,4,2,9201687.0,0.5
84,4,2,9201728.0,5.0
84,5,1,9201023.0,0.5
84,5,1,9201687.0,5.0
84,5,1,9201728.0,1.0
84,5,2,9201023.0,0.5
84,5,2,9201728.0,5.0
84,6,1,9201023.0,1.0
84,6,1,9201728.0,10.0
84,6,2,9201023.0,1.0
84,6,2,9201728.0,1.0
84,7,1,9201023.0,0.5
84,7,1,9201728.0,5.0
84,7,2,9201728.0,5.0
84,8,1,9201728.0,10.0
84,8,2,9201023.0,0.5
84,8,2,9201687.0,5.0
84,8,2,9201728.0,10.0
84,9,1,9201023.0,1.0
84,9,1,9201728.0,35.0
84,9,2,9201687.0,25.0
84,9,2,9201728.0,5.0
84,10,1,9201023.0,1.0
84,10,1,9201728.0,45.0
84,10,2,9201023.0,0.5
84,10,2,9201728.0,10.0
84,11,1,9201728.0,95.0
84,11,2,9201728.0,30.0
84,12,1,9201023.0,0.5
84,12,1,9201687.0,20.0
84,12,1,9201728.0,1.0
84,12,2,9201023.0,0.5
84,12,2,9201687.0,5.0
84,12,2,9201728.0,10.0
84,13,1,9201728.0,5.0
84,13,2,9201687.0,0.5
84,13,2,9201728.0,1.0
84,14,1,9201023.0,0.5
84,14,1,9201687.0,1.0
84,14,1,9201728.0,5.0
84,14,2,9201023.0,0.5
84,14,2,9201687.0,10.0
84,14,2,9201728.0,15.0
84,15,1,9201023.0,0.5
84,15,1,9201728.0,0.5
84,15,2,9201687.0,5.0
84,15,2,9201728.0,1.0
84,16,1,9201728.0,0.5
84,16,2,9201023.0,1.0
84,16,2,9201687.0,1.0
84,16,2,9201728.0,60.0
85,1,1,9201023.0,0.5
85,1,2,9201728.0,1.0
85,2,2,9201728.0,5.0
85,4,2,9201728.0,0.5
85,5,2,9201728.0,0.5
85,6,2,9201728.0,1.0
85,8,1,9201728.0,0.5
85,9,1,9201728.0,0.5
85,9,2,9201687.0,0.5
85,9,2,9201728.0,1.0
85,10,1,9201728.0,1.0
85,10,2,9201687.0,0.5
85,10,2,9201728.0,0.5
85,11,1,9201023.0,0.5
85,11,1,9201728.0,0.5
85,11,2,9201728.0,1.0
85,13,2,9201728.0,0.5
85,14,1,9201728.0,0.5
85,15,1,9201728.0,0.5
85,16,1,9201728.0,0.5
85,16,2,9201728.0,1.0
86,1,1,9201728.0,0.5
86,1,2,9201728.0,1.0
86,2,1,9201728.0,0.5
86,2,2,9201728.0,1.0
86,3,1,9201728.0,1.0
86,7,1,9201728.0,1.0
86,7,2,9201728.0,30.0
86,8,1,9201728.0,5.0
86,8,2,9201728.0,5.0
86,9,1,9201728.0,0.5
86,9,2,9201728.0,5.0
86,10,1,9201728.0,0.5
86,10,2,9201728.0,1.0
86,11,1,9201728.0,20.0
86,11,2,9201728.0,1.0
86,12,1,9201728.0,1.0
86,12,2,9201728.0,1.0
86,13,1,9201728.0,30.0
86,13,2,9201728.0,1.0
86,14,1,9201023.0,0.5
86,14,1,9201728.0,0.5
86,14,2,9201023.0,0.5
86,14,2,9201728.0,1.0
86,15,1,9201728.0,0.5
86,15,2,9201728.0,1.0
86,16,1,9201728.0,1.0
86,16,2,9201728.0,45.0
87,1,1,9201728.0,0.5
87,4,1,9201728.0,0.5
87,5,1,9201023.0,0.5
87,5,1,9201728.0,0.5
87,7,1,9201728.0,0.5
87,7,2,9201728.0,10.0
87,9,1,9201728.0,0.5
87,11,2,9201023.0,0.5
87,15,1,9201728.0,1.0
88,1,1,9201023.0,2.0
88,1,1,9201728.0,5.0
88,1,2,9201728.0,1.0
88,2,1,9201023.0,0.5
88,2,1,9201728.0,10.0
88,2,2,9201023.0,0.5
88,2,2,9201728.0,5.0
88,3,1,9201728.0,20.0
88,3,2,9201728.0,5.0
88,3,2,9201815.0,0.5
88,4,1,9201728.0,20.0
88,4,2,9201023.0,0.5
88,4,2,9201728.0,0.5
88,5,1,9201023.0,0.5
88,5,2,9201023.0,1.0
88,5,2,9201728.0,1.0
88,6,1,9201728.0,5.0
88,6,2,9201023.0,0.5
88,6,2,9201728.0,5.0
88,7,1,9201728.0,15.0
88,7,2,9201023.0,0.5
88,7,2,9201728.0,1.0
88,7,2,9201815.0,0.5
88,8,1,9201023.0,5.0
88,8,1,9201728.0,10.0
88,8,2,9201728.0,1.0
88,9,1,9201023.0,1.0
88,9,1,9201728.0,10.0
88,9,2,9201023.0,0.5
88,9,2,9201728.0,0.5
88,10,1,9201023.0,5.0
88,10,1,9201728.0,5.0
88,10,2,9201023.0,1.0
88,10,2,9201728.0,1.0
88,11,1,9201023.0,1.0
88,11,1,9201728.0,10.0
88,12,1,9201023.0,0.5
88,12,1,9201687.0,0.5
88,12,1,9201728.0,20.0
88,12,2,9201023.0,0.5
88,12,2,9201728.0,0.5
88,13,1,9201023.0,1.0
88,13,1,9201728.0,5.0
88,13,2,9201687.0,0.5
88,13,2,9201728.0,0.5
88,14,1,9201728.0,5.0
88,14,2,9201023.0,0.5
88,14,2,9201728.0,0.5
88,15,1,9201023.0,1.0
88,15,2,9201023.0,0.5
88,16,1,9201728.0,15.0
88,16,2,9201728.0,1.0
88,16,2,9201815.0,0.5
89,2,1,9201728.0,0.5
89,3,1,9201728.0,0.5
89,4,1,9201728.0,0.5
89,5,1,9201728.0,0.5
89,5,2,9201023.0,0.5
89,5,2,9201728.0,20.0
89,6,1,9201728.0,0.5
89,6,2,9201023.0,5.0
89,6,2,9201728.0,0.5
89,7,1,9201728.0,0.5
89,7,2,9201023.0,5.0
89,7,2,9201728.0,10.0
89,8,1,9201728.0,70.0
89,8,2,9201023.0,0.5
89,8,2,9201728.0,35.0
89,9,1,9201728.0,20.0
89,9,2,9201728.0,70.0
89,10,1,9201728.0,20.0
89,10,2,9201023.0,0.5
89,10,2,9201728.0,15.0
89,11,1,9201728.0,80.0
89,11,2,9201728.0,40.0
89,12,1,9201728.0,70.0
89,12,2,9201728.0,50.0
89,13,1,9201728.0,5.0
89,13,2,9201023.0,0.5
89,13,2,9201728.0,70.0
89,14,1,9201023.0,0.5
89,15,1,9201023.0,0.5
89,15,1,9201728.0,0.5
89,15,2,9201023.0,0.5
89,15,2,9201728.0,50.0
89,16,1,9201728.0,5.0
89,16,2,9201023.0,0.5
89,16,2,9201728.0,50.0
90,1,1,9201023.0,0.5
90,1,1,9201728.0,45.0
90,1,2,9201023.0,0.5
90,1,2,9201728.0,5.0
90,2,1,9201023.0,0.5
90,2,1,9201728.0,5.0
90,3,1,9201023.0,0.5
90,3,1,9201728.0,55.0
90,3,2,9201023.0,0.5
90,3,2,9201728.0,1.0
90,4,1,9201728.0,20.0
90,4,2,9201023.0,0.5
90,4,2,9201728.0,5.0
90,5,1,9201728.0,45.0
90,5,2,9201023.0,0.5
90,5,2,9201728.0,0.5
90,6,1,9201023.0,0.5
90,6,1,9201728.0,25.0
90,6,2,9201023.0,1.0
90,6,2,9201728.0,1.0
90,7,1,9201728.0,30.0
90,7,2,9201728.0,15.0
90,8,1,9201728.0,40.0
90,8,2,9201023.0,0.5
90,8,2,9201728.0,1.0
90,9,1,9201728.0,5.0
90,9,2,9201728.0,40.0
90,10,1,9201728.0,65.0
90,10,2,9201023.0,3.0
90,10,2,9201728.0,25.0
90,11,1,9201728.0,95.0
90,11,2,9201023.0,0.5
90,11,2,9201728.0,1.0
90,12,1,9201728.0,1.0
90,13,1,9201728.0,15.0
90,13,2,9201023.0,0.5
90,13,2,9201728.0,1.0
90,14,1,9201728.0,30.0
90,14,2,9201728.0,5.0
90,15,1,9201728.0,15.0
90,15,2,9201728.0,1.0
90,16,1,9201728.0,65.0
90,16,2,9201728.0,1.0
91,1,1,9201023.0,0.5
91,1,1,9201687.0,10.0
91,1,1,9201728.0,1.0
91,1,2,9201687.0,0.5
91,2,1,9201687.0,5.0
91,2,2,9201023.0,1.0
91,2,2,9201687.0,5.0
91,2,2,9201728.0,5.0
91,3,1,9201728.0,15.0
91,3,2,9201023.0,0.5
91,3,2,9201728.0,10.0
91,4,1,9201023.0,0.5
91,4,1,9201687.0,0.5
91,4,2,9201728.0,1.0
91,5,1,9201728.0,5.5
91,5,2,9201023.0,0.5
91,5,2,9201728.0,5.0
91,5,2,9201815.0,0.5
91,6,1,9201023.0,0.5
91,6,1,9201687.0,1.0
91,6,1,9201728.0,1.0
91,6,2,9201687.0,0.5
91,6,2,9201728.0,10.0
91,7,1,9201687.0,1.0
91,7,1,9201728.0,30.0
91,7,2,9201687.0,0.5
91,7,2,9201728.0,5.0
91,8,1,9201687.0,1.0
91,8,1,9201728.0,5.0
91,8,2,9201728.0,15.0
91,9,1,9201687.0,1.0
91,9,1,9201728.0,30.0
91,9,2,9201728.0,5.0
91,10,1,9201023.0,0.5
91,10,1,9201687.0,1.0
91,10,1,9201728.0,25.0
91,10,2,9201023.0,0.5
91,10,2,9201687.0,5.0
91,11,1,9201023.0,1.0
91,11,1,9201687.0,10.0
91,11,1,9201728.0,1.0
91,11,2,9201687.0,5.0
91,11,2,9201728.0,1.0
91,12,1,9201687.0,1.0
91,12,1,9201728.0,5.0
91,12,2,9201687.0,1.0
91,12,2,9201728.0,5.0
91,13,1,9201023.0,0.5
91,13,1,9201687.0,5.0
91,13,2,9201687.0,1.0
91,13,2,9201728.0,1.0
91,14,1,9201023.0,0.5
91,14,1,9201687.0,5.0
91,14,1,9201728.0,1.0
91,14,2,9201687.0,0.5
91,15,1,9201023.0,0.5
91,16,1,9201023.0,1.5
91,16,1,9201728.0,10.0
91,16,2,9201023.0,0.5
91,16,2,9201728.0,1.0
92,1,1,9201728.0,40.0
92,1,2,9201728.0,0.5
92,2,1,9201728.0,5.0
92,2,2,9201728.0,50.0
92,3,1,9201023.0,0.5
92,3,1,9201728.0,5.0
92,3,2,9201728.0,5.0
92,4,1,9201728.0,10.0
92,4,2,9201728.0,35.0
92,5,1,9201728.0,10.0
92,5,2,9201728.0,60.0
92,6,2,9201728.0,5.0
92,7,1,9201023.0,0.5
92,7,1,9201728.0,5.0
92,7,2,9201023.0,1.0
92,7,2,9201728.0,80.0
92,8,1,9201023.0,0.5
92,8,1,9201728.0,10.0
92,8,2,9201728.0,20.0
92,9,1,9201023.0,0.5
92,9,1,9201728.0,30.0
92,9,2,9201023.0,1.0
92,9,2,9201728.0,25.0
92,10,1,9201728.0,5.0
92,10,2,9201023.0,1.0
92,10,2,9201728.0,25.0
92,11,1,9201728.0,5.0
92,11,2,9201023.0,1.0
92,11,2,9201728.0,20.0
92,12,1,9201023.0,0.5
92,12,1,9201728.0,5.0
92,12,2,9201728.0,20.0
92,13,1,9201023.0,0.5
92,13,1,9201728.0,5.0
92,13,2,9201728.0,55.0
92,14,1,9201728.0,5.0
92,14,2,9201728.0,20.0
92,15,1,9201728.0,20.0
92,15,2,9201023.0,0.5
92,15,2,9201728.0,20.0
92,16,1,9201728.0,20.0
92,16,2,9201023.0,1.0
92,16,2,9201728.0,20.0
93,1,1,9201728.0,40.0
93,1,2,9201728.0,1.0
93,2,1,9201728.0,80.0
93,2,2,9201728.0,0.5
93,3,1,9201728.0,80.0
93,4,1,9201728.0,25.0
93,4,2,9201728.0,1.0
93,5,1,9201728.0,20.0
93,6,1,9201728.0,30.0
93,6,2,9201728.0,1.0
93,7,1,9201023.0,0.5
93,7,1,9201728.0,40.0
93,8,1,9201728.0,5.0
93,8,2,9201728.0,1.0
93,9,1,9201728.0,20.0
93,9,2,9201728.0,50.0
93,10,1,9201728.0,25.0
93,10,2,9201728.0,25.0
93,11,2,9201728.0,20.0
93,12,1,9201728.0,75.0
93,13,1,9201728.0,90.0
93,13,2,9201728.0,0.5
93,14,1,9201023.0,0.5
93,14,1,9201728.0,85.0
93,15,1,9201023.0,0.5
93,15,1,9201728.0,5.0
93,15,2,9201728.0,5.0
93,16,1,9201023.0,0.5
93,16,1,9201728.0,1.0
93,16,2,9201728.0,0.5
94,1,1,9201023.0,0.5
94,1,1,9201728.0,5.0
94,1,2,9201023.0,1.0
94,2,1,9201023.0,0.5
94,2,1,9201728.0,1.0
94,2,2,9201023.0,0.5
94,2,2,9201728.0,50.0
94,3,1,9201023.0,0.5
94,3,1,9201728.0,0.5
94,3,2,9201023.0,0.5
94,3,2,9201728.0,0.5
94,4,1,9201023.0,0.5
94,4,1,9201728.0,1.0
94,5,1,9201728.0,10.5
94,5,2,9201728.0,0.5
94,6,1,9201023.0,0.5
94,6,1,9201728.0,5.0
94,6,2,9201023.0,1.0
94,7,1,9201023.0,0.5
94,7,1,9201728.0,1.0
94,7,2,9201023.0,0.5
94,8,1,9201023.0,0.5
94,8,1,9201728.0,1.0
94,9,1,9201728.0,10.0
94,9,2,9201728.0,80.0
94,10,1,9201023.0,0.5
94,10,1,9201728.0,5.0
94,10,1,9201815.0,0.5
94,10,2,9201023.0,0.5
94,10,2,9201728.0,5.0
94,11,1,9201023.0,0.5
94,11,1,9201728.0,5.0
94,11,2,9201023.0,0.5
94,11,2,9201728.0,0.5
94,12,1,9201728.0,40.0
94,12,2,9201728.0,1.0
94,13,1,9201023.0,0.5
94,13,1,9201728.0,80.0
94,13,2,9201728.0,50.0
94,14,1,9201728.0,80.0
94,14,2,9201023.0,0.5
94,14,2,9201728.0,0.5
94,15,1,9201023.0,0.5
94,15,1,9201728.0,0.5
94,15,2,9201728.0,75.0
94,16,1,9201728.0,0.5
94,16,2,9201023.0,0.5
95,1,1,9201023.0,0.5
95,1,1,9201728.0,1.0
95,1,1,9201815.0,0.5
95,1,2,9201728.0,55.0
95,2,1,9201023.0,1.0
95,2,1,9201728.0,1.0
95,2,2,9201728.0,1.0
95,2,2,9201815.0,0.5
95,3,2,9201728.0,5.0
95,4,1,9201023.0,1.0
95,4,1,9201728.0,1.0
95,4,2,9201023.0,0.5
95,4,2,9201728.0,1.0
95,4,2,9201815.0,0.5
95,5,1,9201023.0,0.5
95,5,1,9201728.0,1.0
95,5,2,9201728.0,55.0
95,6,1,9201023.0,0.5
95,6,1,9201728.0,1.0
95,6,2,9201728.0,1.0
95,7,1,9201728.0,1.0
95,7,2,9201023.0,0.5
95,7,2,9201728.0,0.5
95,7,2,9201815.0,0.5
95,8,1,9201728.0,5.0
95,8,2,9201023.0,0.5
95,8,2,9201728.0,0.5
95,9,1,9201728.0,1.0
95,9,2,9201728.0,1.0
95,10,1,9201023.0,0.5
95,10,1,9201728.0,1.0
95,10,2,9201023.0,0.5
95,10,2,9201728.0,1.0
95,11,1,9201728.0,15.0
95,12,1,9201023.0,1.0
95,12,1,9201728.0,1.0
95,12,2,9201023.0,0.5
95,12,2,9201728.0,0.5
95,13,1,9201023.0,1.0
95,13,1,9201728.0,1.0
95,13,2,9201023.0,0.5
95,13,2,9201728.0,0.5
95,14,2,9201023.0,0.5
95,14,2,9201728.0,1.0
95,15,2,9201023.0,0.5
95,15,2,9201728.0,0.5
95,16,1,9201023.0,1.0
95,16,1,9201728.0,1.0
95,16,2,9201023.0,1.0
95,16,2,9201728.0,0.5
96,1,1,9201023.0,0.5
96,1,1,9201728.0,5.0
96,2,1,9201728.0,10.0
96,3,1,9201728.0,50.0
96,3,2,9201728.0,0.5
96,4,1,9201023.0,0.5
96,4,1,9201728.0,0.5
96,4,2,9201023.0,0.5
96,4,2,9201728.0,1.0
96,5,1,9201023.0,0.5
96,5,2,9201023.0,0.5
96,5,2,9201728.0,5.0
96,6,1,9201023.0,0.5
96,6,1,9201728.0,1.0
96,6,2,9201023.0,0.5
96,7,1,9201728.0,15.0
96,8,1,9201728.0,10.0
96,8,2,9201728.0,0.5
96,9,1,9201728.0,15.0
96,9,2,9201023.0,0.5
96,10,1,9201023.0,0.5
96,10,1,9201728.0,5.0
96,10,2,9201023.0,0.5
96,11,1,9201023.0,0.5
96,11,1,9201728.0,5.0
96,11,2,9201023.0,0.5
96,11,2,9201728.0,0.5
96,12,1,9201728.0,1.0
96,12,2,9201728.0,1.0
96,13,1,9201728.0,10.0
96,13,2,9201728.0,0.5
96,14,2,9201023.0,0.5
96,14,2,9201728.0,0.5
96,15,1,9201023.0,0.5
96,15,1,9201728.0,1.0
96,16,1,9201023.0,0.5
96,16,1,9201728.0,15.0
96,16,2,9201023.0,0.5
96,16,2,9201728.0,0.5
97,1,1,9201728.0,0.5
97,1,2,9201728.0,0.5
97,2,1,9201728.0,1.0
97,2,2,9201728.0,0.5
97,3,2,9201728.0,10.0
97,4,1,9201728.0,5.0
97,4,2,9201728.0,1.0
97,5,1,9201728.0,1.0
97,5,2,9201728.0,1.0
97,6,1,9201728.0,1.0
97,6,2,9201023.0,0.5
97,7,1,9201728.0,40.0
97,7,2,9201023.0,0.5
97,7,2,9201728.0,15.0
97,8,1,9201728.0,5.0
97,8,2,9201023.0,0.5
97,8,2,9201728.0,0.5
97,9,1,9201023.0,0.5
97,9,1,9201728.0,10.0
97,9,2,9201728.0,1.0
97,10,1,9201023.0,0.5
97,10,1,9201728.0,50.0
97,10,2,9201728.0,50.0
97,11,1,9201728.0,1.0
97,11,2,9201728.0,1.0
97,12,1,9201728.0,5.0
97,12,2,9201728.0,0.5
97,13,1,9201728.0,5.0
97,14,1,9201728.0,5.0
97,14,2,9201728.0,0.5
97,15,1,9201023.0,0.5
97,15,2,9201728.0,0.5
97,16,2,9201728.0,0.5
98,1,1,9201728.0,0.5
98,1,2,9201728.0,0.5
98,3,1,9201728.0,0.5
98,4,1,9201728.0,0.5
98,6,1,9201728.0,0.5
98,6,2,9201728.0,1.0
98,7,2,9201728.0,0.5
98,9,2,9201023.0,0.5
98,9,2,9201728.0,0.5
98,10,2,9201728.0,0.5
98,13,2,9201728.0,0.5
98,15,2,9201728.0,0.5
98,16,1,9201728.0,0.5
99,1,1,9201023.0,0.5
99,1,1,9201728.0,80.0
99,1,2,9201023.0,0.5
99,1,2,9201728.0,70.0
99,2,1,9201023.0,0.5
99,2,1,9201728.0,5.0
99,2,2,9201023.0,0.5
99,2,2,9201615.0,0.5
99,2,2,9201728.0,30.0
99,3,1,9201687.0,1.0
99,3,1,9201728.0,15.0
99,3,2,9201023.0,1.0
99,3,2,9201615.0,0.5
99,3,2,9201728.0,15.0
99,4,1,9201728.0,60.0
99,4,2,9201023.0,0.5
99,4,2,9201728.0,5.0
99,5,1,9201728.0,50.0
99,5,2,9201023.0,0.5
99,5,2,9201728.0,15.0
99,6,1,9201728.0,10.0
99,6,2,9201023.0,0.5
99,6,2,9201728.0,30.0
99,7,1,9201728.0,60.0
99,7,1,9201815.0,0.5
99,7,2,9201023.0,0.5
99,7,2,9201728.0,40.0
99,7,2,9201815.0,0.5
99,8,1,9201728.0,25.0
99,8,2,9201023.0,0.5
99,8,2,9201615.0,0.5
99,8,2,9201728.0,40.0
99,9,1,9201728.0,90.0
99,9,2,9201023.0,0.5
99,9,2,9201615.0,0.5
99,9,2,9201728.0,25.0
99,10,1,9201023.0,65.0
99,10,1,9201728.0,31.0
99,11,1,9201728.0,90.0
99,11,2,9201023.0,1.0
99,11,2,9201728.0,70.0
99,12,1,9201023.0,0.5
99,12,1,9201728.0,40.0
99,12,2,9201023.0,0.5
99,12,2,9201615.0,1.0
99,12,2,9201728.0,5.0
99,13,1,9201728.0,60.0
99,14,1,9201728.0,70.0
99,15,1,9201023.0,5.0
99,15,1,9201728.0,25.0
99,15,2,9201023.0,5.0
99,15,2,9201615.0,0.5
99,15,2,9201728.0,15.0
99,16,1,9201023.0,1.0
99,16,1,9201728.0,80.0
99,16,2,9201023.0,1.0
99,16,2,9201615.0,0.5
99,16,2,9201728.0,15.0
100,1,1,9201728.0,40.0
100,1,2,9201023.0,0.5
100,1,2,9201728.0,0.5
100,2,1,9201728.0,5.0
100,2,2,9201728.0,15.0
100,3,1,9201728.0,20.0
100,3,2,9201023.0,0.5
100,3,2,9201728.0,15.0
100,4,1,9201728.0,15.0
100,4,2,9201023.0,0.5
100,5,1,9201728.0,1.0
100,5,2,9201023.0,0.5
100,5,2,9201728.0,0.5
100,6,1,9201728.0,1.0
100,6,2,9201023.0,0.5
100,6,2,9201728.0,0.5
100,7,1,9201728.0,10.0
100,7,2,9201023.0,0.5
100,7,2,9201728.0,30.0
100,8,1,9201728.0,5.0
100,8,2,9201023.0,0.5
100,8,2,9201728.0,30.0
100,9,1,9201023.0,0.5
100,9,1,9201728.0,1.0
100,9,2,9201728.0,60.0
100,10,1,9201023.0,0.5
100,10,1,9201728.0,30.0
100,10,2,9201023.0,0.5
100,10,2,9201728.0,0.5
100,11,1,9201023.0,0.5
100,11,2,9201023.0,0.5
100,12,1,9201023.0,0.5
100,12,1,9201728.0,0.5
100,12,2,9201023.0,0.5
100,12,2,9201728.0,0.5
100,13,2,9201023.0,0.5
100,14,2,9201023.0,0.5
100,16,1,9201023.0,1.0
100,16,1,9201687.0,0.5
100,16,1,9201728.0,10.0
100,16,2,9201023.0,0.5
100,16,2,9201728.0,0.5
101,1,1,9201728.0,0.5
101,1,2,9201023.0,0.5
101,1,2,9201728.0,65.0
101,2,1,9201728.0,0.5
101,2,2,9201023.0,0.5
101,2,2,9201728.0,0.5
101,3,1,9201023.0,0.5
101,3,1,9201687.0,30.0
101,3,1,9201728.0,15.0
101,3,2,9201728.0,0.5
101,4,1,9201023.0,0.5
101,4,1,9201728.0,5.5
101,4,2,9201023.0,0.5
101,4,2,9201728.0,1.0
101,5,1,9201728.0,0.5
101,5,2,9201023.0,1.0
101,5,2,9201728.0,25.0
101,6,1,9201728.0,1.0
101,6,2,9201023.0,0.5
101,6,2,9201728.0,30.0
101,7,2,9201023.0,0.5
101,7,2,9201728.0,1.0
101,8,1,9201728.0,0.5
101,8,2,9201023.0,0.5
101,8,2,9201728.0,25.0
101,9,2,9201023.0,1.0
101,10,1,9201728.0,0.5
101,11,1,9201023.0,1.0
101,11,1,9201728.0,0.5
101,11,2,9201023.0,1.0
101,11,2,9201728.0,0.5
101,12,1,9201728.0,1.0
101,12,2,9201023.0,0.5
101,12,2,9201728.0,20.0
101,13,1,9201728.0,0.5
101,13,2,9201023.0,1.0
101,13,2,9201728.0,10.0
101,14,1,9201728.0,0.5
101,14,2,9201023.0,1.0
101,14,2,9201728.0,1.0
101,15,1,9201023.0,0.5
101,15,1,9201728.0,0.5
101,15,2,9201023.0,1.0
101,15,2,9201728.0,80.0
101,16,1,9201023.0,0.5
101,16,1,9201728.0,0.5
101,16,2,9201023.0,0.5
101,16,2,9201728.0,20.0
102,1,1,9201023.0,0.5
102,1,1,9201728.0,0.5
102,2,1,9201023.0,0.5
102,2,1,9201815.0,0.5
102,2,2,9201728.0,0.5
102,3,1,9201023.0,0.5
102,3,2,9201728.0,12.0
102,4,1,9201023.0,0.5
102,4,1,9201728.0,0.5
102,4,2,9201728.0,5.0
102,5,1,9201728.0,1.0
102,5,2,9201023.0,5.0
102,5,2,9201728.0,0.5
102,6,1,9201728.0,0.5
102,6,2,9201023.0,0.5
102,7,1,9201023.0,0.5
102,7,1,9201728.0,20.0
102,7,2,9201687.0,5.0
102,8,1,9201023.0,0.5
102,8,1,9201728.0,10.0
102,8,2,9201023.0,0.5
102,9,1,9201023.0,0.5
102,9,2,9201023.0,0.5
102,9,2,9201728.0,0.5
102,10,1,9201023.0,0.5
102,10,1,9201728.0,5.0
102,10,2,9201023.0,5.0
102,11,1,9201023.0,0.5
102,11,2,9201023.0,0.5
102,12,2,9201023.0,8.0
102,13,1,9201023.0,0.5
102,13,2,9201023.0,5.0
102,13,2,9201687.0,0.5
102,13,2,9201728.0,5.0
102,14,1,9201023.0,0.5
102,14,2,9201023.0,1.0
102,14,2,9201728.0,0.5
102,15,1,9201023.0,1.0
102,15,2,9201023.0,0.5
102,15,2,9201728.0,0.5
102,16,1,9201023.0,0.5
103,1,1,9201728.0,1.0
103,2,1,9201728.0,1.0
103,2,2,9201728.0,5.0
103,3,1,9201728.0,1.0
103,4,1,9201728.0,0.5
103,4,1,9201815.0,0.5
103,4,2,9201728.0,20.0
103,5,1,9201675.0,0.5
103,5,2,9201728.0,5.0
103,6,1,9201728.0,1.0
103,6,1,9201815.0,0.5
103,6,2,9201728.0,0.5
103,7,1,9201728.0,1.0
103,7,2,9201728.0,1.0
103,8,1,9201728.0,10.0
103,8,2,9201675.0,0.5
103,9,1,9201675.0,0.5
103,9,1,9201728.0,10.0
103,9,2,9201728.0,0.5
103,10,1,9201728.0,40.0
103,11,1,9201728.0,5.0
103,12,1,9201728.0,15.0
103,13,1,9201728.0,90.0
103,13,2,9201728.0,1.0
103,14,1,9201728.0,5.0
103,14,1,9201815.0,0.5
103,15,1,9201728.0,25.0
103,16,1,9201728.0,0.5
103,16,1,9201815.0,0.5
