SITE,PLOT,y71,y03,diff
1,1,0.500691329,0.539961237,0.039269908
1,2,0.502654825,4.80663676,4.303981935
1,3,0.467311907,1.537416905,1.070104998
1,4,0.512472302,1.083849465,0.571377164
1,5,0.834485549,1.462804079,0.628318531
1,6,1.005309649,1.502073987,0.496764338
1,7,0.714712329,1.315541924,0.600829595
1,8,1.1545353,1.743583923,0.589048623
1,9,0.520326283,0.960149255,0.439822972
1,10,1.10348442,1.470658061,0.367173641
1,11,0.901244392,0.675442421,-0.225801972
1,12,0.600829595,1.072068493,0.471238898
1,13,0.50461832,1.003346154,0.498727834
1,14,0.484983366,1.574723318,1.089739952
1,15,0.41037054,1.623810703,1.213440162
1,16,0.677405916,0.645989989,-0.031415927
2,1,1.360702318,1.280199006,-0.080503312
2,2,2.155917959,1.521708942,-0.634209017
2,3,1.521708942,0.567450173,-0.954258769
2,4,0.549778714,1.384264263,0.834485549
2,5,1.682715565,0.490873852,-1.191841713
2,6,0.805033117,1.694496538,0.88946342
2,7,0.261144889,3.581415625,3.320270736
2,8,0.675442421,0.638136008,-0.037306413
2,9,0.078539816,2.326742059,2.248202243
2,10,0.045160394,0.255254403,0.210094009
2,11,1.301797456,0.746128255,-0.555669201
2,12,1.712167996,2.238384766,0.526216769
2,13,3.603014075,,
2,14,2.311034096,2.051852702,-0.259181394
2,15,3.638356992,0.206167018,-3.432189974
2,16,0.190459055,1.663080611,1.472621556
3,1,0.106028752,0.885536429,0.779507677
3,2,,0.720602815,
3,3,0.017671459,1.307687942,1.290016483
3,4,0.170824101,1.093666943,0.922842842
3,5,0.594939109,1.178097245,0.583158136
3,6,0.168860605,0.750055246,0.581194641
3,7,0.041233404,0.056941367,0.015707963
3,8,0.895353906,0.404480054,-0.490873852
3,9,0.524253274,1.3685563,0.844303026
3,10,0.001963495,0.331830724,0.329867229
3,11,,2.915790682,
3,12,0.581194641,2.446515279,1.865320638
3,13,0.017671459,0.891426915,0.873755457
3,15,0.090320789,1.288052988,1.197732199
3,16,0.086393798,0.402516559,0.316122761
4,1,0.428041999,1.270381529,0.84233953
4,2,0.257217899,0.918915851,0.661697953
4,3,0.161006623,0.634209017,0.473202393
4,4,0.345575192,,
4,5,0.651880476,0.343611696,-0.308268779
4,6,0.510508806,2.059706684,1.549197877
4,7,0.47909288,0.320049752,-0.159043128
4,8,2.293362637,0.214021,-2.079341638
4,9,0.135481183,0.07264933,-0.062831853
4,10,1.364629309,0.186532064,-1.178097245
4,11,2.629120352,,
4,12,0.765763209,2.76263804,1.99687483
4,13,0.557632696,1.627737694,1.070104998
4,14,0.498727834,0.585121632,0.086393798
4,15,1.111338401,1.268418034,0.157079633
4,16,1.965458904,1.592394776,-0.373064128
5,1,0.284706834,,
5,2,0.168860605,,
5,3,2.287472151,1.013163631,-1.27430852
5,4,0.033379422,0.773617191,0.740237769
5,5,0.808960108,1.676825079,0.867864971
5,6,0.604756586,,
5,7,0.204203522,0.720602815,0.516399292
5,8,2.644828315,2.758711049,0.113882734
5,9,0.481056375,0.088357293,-0.392699082
5,10,0.16689711,,
5,11,4.290237468,,
5,12,0.581194641,0.375027623,-0.206167018
5,13,0.19242255,1.808379271,1.615956721
5,14,1.030835089,,
5,15,0.41037054,1.376410281,0.966039741
5,16,0.188495559,0.958185759,0.7696902
6,1,1.172206759,2.797980957,1.625774198
6,2,3.281000828,0.850193512,-2.430807316
6,3,2.799944453,1.309651437,-1.490293015
6,4,1.820160244,1.863357143,0.043196899
6,5,3.443970946,1.03476208,-2.409208866
6,6,2.607521902,4.535674394,1.928152491
6,7,2.532909077,2.354230995,-0.178678082
6,8,1.60810274,4.221515128,2.613412389
6,9,2.165735436,2.034181243,-0.131554192
6,10,2.731222113,0.45749443,-2.273727683
6,11,0.805033117,0.019634954,-0.785398163
6,12,1.166316273,0.327903733,-0.838412539
6,13,1.282162502,0.392699082,-0.88946342
6,14,0.086393798,0.408407045,0.322013247
6,15,0.223838477,0.435895981,0.212057504
6,16,1.044579557,1.504037483,0.459457926
7,1,0.455530935,1.235038612,0.779507677
7,2,0.339684706,1.829977721,1.490293015
7,3,0.206167018,1.413716694,1.207549676
7,4,0.204203522,0.871791961,0.667588439
7,5,0.720602815,1.113301897,0.392699082
7,6,0.545851724,0.651880476,0.106028752
7,7,0.455530935,1.217367153,0.761836218
7,8,1.456913593,1.068141502,-0.388772091
7,9,0.316122761,,
7,10,0.567450173,0.441786467,-0.125663706
7,11,0.210094009,,
7,12,0.583158136,0.814850595,0.231692458
7,13,0.255254403,,
7,14,5.572399969,0.901244392,-4.671155577
7,15,0.420188017,0.808960108,0.388772091
7,16,0.270962366,0.712748833,0.441786467
8,1,0.810923604,0.592975613,-0.21794799
8,2,0.753982237,3.224059461,2.470077224
8,3,3.222095965,1.164352777,-2.057743188
8,4,0.653843971,1.472621556,0.818777585
8,5,2.805834939,1.606139244,-1.199695695
8,6,1.631664684,1.050470044,-0.581194641
8,7,2.799944453,0.669551934,-2.130392518
8,8,0.832522053,0.700967861,-0.131554192
8,9,0.428041999,3.987859175,3.559817176
8,10,2.318888077,4.213661147,1.894773069
8,11,,2.399391389,
8,12,0.742201264,8.39001588,7.647814616
8,13,0.541924733,1.278235511,0.736310778
8,14,0.975857218,3.899501881,2.923644663
8,15,2.664463269,1.955641427,-0.708821842
8,16,1.411753199,14.59466137,13.18290817
9,1,2.815652416,4.804673265,1.989020849
9,2,3.392920066,1.317505419,-2.075414647
9,3,0.928733328,1.12900986,0.200276532
9,4,2.144136986,5.925829143,3.781692157
9,5,3.634430001,2.972732048,-0.661697953
9,6,1.343030859,2.727295122,1.384264263
9,7,3.720823799,3.328124717,-0.392699082
9,8,0.278816348,0.989601686,0.710785338
9,9,2.214822821,0.869828466,-1.344994355
9,10,1.052433539,0.137444679,-0.91498886
9,11,0.651880476,0.779507677,0.127627202
9,12,1.005309649,1.142754328,0.137444679
9,13,1.686642556,0.331830724,-1.354811832
9,14,2.034181243,0.710785338,-1.323395905
9,15,3.481277359,0.971930227,-2.509347132
9,16,1.431388153,0.314159265,-1.117228887
10,1,3.26725636,0.021598449,-3.24565791
10,2,0.569413668,2.607521902,2.038108234
10,3,0.62439154,0.610647072,-0.013744468
10,4,2.615375884,1.290016483,-1.325359401
10,5,,1.651299639,
10,6,2.273727683,1.315541924,-0.958185759
10,7,0.728456797,1.1545353,0.426078504
10,8,1.370519795,0.155116137,-1.215403658
10,9,1.955641427,3.495021827,1.5393804
10,10,0.043196899,0.536034247,0.492837348
10,11,0.343611696,0.104065257,-0.23954644
10,12,0.19242255,0.88946342,0.69704087
10,13,0.380918109,1.297870465,0.916952356
10,14,1.981166867,0.693113879,-1.288052988
10,15,1.500110492,0.954258769,-0.545851724
10,16,0.763799714,0.783434668,0.019634954
11,1,4.698644513,2.085232124,-2.613412389
11,2,2.974695544,2.089159115,-0.885536429
11,3,2.295326133,5.248423227,2.953097094
11,4,1.244856089,1.739656932,0.494800843
11,5,1.097593933,0.844303026,-0.253290908
11,6,2.964878067,2.778346003,-0.186532064
11,7,4.080143459,2.666426765,-1.413716694
11,8,2.59574093,1.822123739,-0.773617191
11,9,1.822123739,2.884374755,1.062251016
11,10,2.468113728,1.026908099,-1.44120563
11,11,1.172206759,1.193805208,0.021598449
11,12,1.072068493,3.015928947,1.943860454
11,13,1.319468915,2.417062848,1.097593933
11,14,1.099557429,1.765182372,0.665624943
11,15,1.965458904,2.456332756,0.490873852
11,16,1.767145868,1.619883712,-0.147262156
12,1,0.353429174,2.988440012,2.635010838
12,2,0.345575192,0.031415927,-0.314159265
12,3,1.411753199,0.023561945,-1.388191254
12,4,0.09817477,0.571377164,0.473202393
12,5,0.041233404,0.502654825,0.461421421
12,6,0.373064128,2.876520773,2.503456646
12,7,1.598285263,0.771653696,-0.826631567
12,8,2.49756616,1.10741141,-1.390154749
12,9,0.068722339,1.29590697,1.22718463
12,10,1.423534171,0.463384916,-0.960149255
12,11,1.221294144,0.137444679,-1.083849465
12,12,0.488910357,2.829396884,2.340486527
12,13,1.219330649,2.144136986,0.924806337
12,14,1.456913593,1.352848336,-0.104065257
12,15,0.767726705,0.956222264,0.188495559
12,16,0.543888228,0.779507677,0.235619449
13,1,1.720021978,,
13,2,1.70627751,,
13,3,2.613412389,,
13,4,2.179479903,3.153373626,0.973893723
13,5,0.891426915,1.643445657,0.752018741
13,6,1.174170254,0.168860605,-1.005309649
13,7,1.519745446,,
13,8,1.955641427,0.706858347,-1.24878308
13,9,2.128429023,1.708241005,-0.420188017
13,10,1.641482162,0.522289779,-1.119192383
13,11,1.500110492,1.41568019,-0.084430303
13,12,1.29983396,2.652682297,1.352848336
13,13,1.423534171,2.104867078,0.681332907
13,14,1.696460033,2.71551415,1.019054117
13,15,2.000801821,4.647593632,2.646791811
13,16,1.94582395,4.141011817,2.195187867
14,1,3.216205479,0.677405916,-2.538799563
14,2,4.141011817,0.345575192,-3.795436625
14,3,0.771653696,5.827654372,5.056000677
14,4,0.021598449,0.738274274,0.716675824
14,5,0.021598449,0.771653696,0.750055246
14,6,0.021598449,0.422151513,0.400553063
14,7,1.036725576,0.969966732,-0.066758844
14,8,4.763439861,3.69922535,-1.064214511
14,9,3.26725636,3.779728661,0.512472302
14,10,3.475386873,1.344994355,-2.130392518
14,11,1.875138115,0.636172512,-1.238965603
14,12,7.131415324,2.244275252,-4.887140072
14,13,0.349502183,0.838412539,0.488910357
14,14,0.278816348,0.041233404,-0.237582944
14,15,2.799944453,2.206968839,-0.592975613
14,16,1.665044106,3.324197727,1.65915362
15,1,3.165154598,,
15,2,2.799944453,0.237582944,-2.562361508
15,3,4.091924431,1.906554042,-2.18537039
15,4,0.950331778,3.231913442,2.281581665
15,5,3.636393497,3.581415625,-0.054977871
15,6,0.891426915,1.829977721,0.938550805
15,7,1.580613804,1.482439033,-0.09817477
15,8,0.567450173,1.405862712,0.838412539
15,9,1.105447915,2.008655803,0.903207888
15,10,1.533489914,6.827073535,5.293583621
15,11,1.511891465,1.547234382,0.035342917
15,12,1.388191254,3.483240855,2.095049601
15,13,1.890846078,2.464186738,0.573340659
15,14,1.670934593,3.671736414,2.000801821
15,15,2.095049601,3.968224221,1.87317462
15,16,5.843362336,2.18929738,-3.654064955
16,1,1.606139244,2.193224371,0.587085127
16,2,2.04399872,2.057743188,0.013744468
16,3,0.675442421,2.487748683,1.812306262
16,4,1.576686813,2.242311756,0.665624943
16,5,0.975857218,1.496183501,0.520326283
16,6,1.064214511,1.278235511,0.214021
16,7,2.108794069,2.234457775,0.125663706
16,8,1.912444528,0.689186888,-1.223257639
16,9,1.254673566,4.013384615,2.758711049
16,10,1.751437904,1.939933464,0.188495559
16,11,2.342450022,2.375829444,0.033379422
16,12,2.358157986,3.182826057,0.824668072
16,13,1.688606051,0.064795348,-1.623810703
16,14,1.370519795,2.481858196,1.111338401
16,15,1.276272016,0.675442421,-0.600829595
16,16,3.19853402,0.806996613,-2.391537408
17,1,1.197732199,2.660536279,1.462804079
17,2,1.12900986,1.621847207,0.492837348
17,3,0.647953485,3.218168975,2.57021549
17,4,1.036725576,2.599667921,1.562942345
17,5,0.950331778,1.411753199,0.461421421
17,6,1.849612675,1.068141502,-0.781471173
17,7,1.260564052,0.620464549,-0.640099503
17,8,1.015127126,2.929535149,1.914408023
17,9,0.803069622,0.567450173,-0.235619449
17,10,1.41568019,1.759291886,0.343611696
17,11,1.739656932,1.480475538,-0.259181394
17,12,3.840597019,1.500110492,-2.340486527
17,13,1.22718463,1.327322896,0.100138266
17,14,1.580613804,0.437859476,-1.142754328
17,15,0.553705705,,
17,16,2.026327262,0.789325154,-1.237002107
18,1,0.229728963,2.619302875,2.389573912
18,2,2.958987581,1.244856089,-1.714131492
18,3,1.272345025,3.257438883,1.985093858
18,4,0.581194641,0.102101761,-0.47909288
18,5,0.280779843,0.453567439,0.172787596
18,6,0.775580686,7.288494956,6.51291427
18,7,1.694496538,1.474585052,-0.219911486
18,8,1.68467906,,
18,9,1.327322896,2.727295122,1.399972226
18,10,0.484983366,0.675442421,0.190459055
18,11,0.62439154,0.977820713,0.353429174
18,12,1.398008731,0.567450173,-0.830558558
18,13,2.513274123,0.396626073,-2.11664805
18,14,0.188495559,1.623810703,1.435315144
18,15,3.722787295,6.181083546,2.458296251
18,16,0.7696902,6.257659867,5.487969667
19,1,0.270962366,2.177516408,1.906554042
19,2,0.206167018,0.430005494,0.223838477
19,3,0.206167018,0.836449044,0.630282026
19,4,0.371100632,1.105447915,0.734347283
19,5,0.029452431,0.850193512,0.820741081
19,6,0.229728963,0.437859476,0.208130513
19,7,0.129590697,0.818777585,0.689186888
19,8,0.814850595,1.63362818,0.818777585
19,9,1.588467785,1.678788574,0.090320789
19,10,1.529562923,1.433351648,-0.096211275
19,11,1.835868207,2.100940087,0.26507188
19,12,0.883572934,2.381719931,1.498146997
19,13,0.33772121,0.35931966,0.021598449
19,14,0.361283155,1.973312886,1.61202973
19,15,0.702931356,0.797179136,0.09424778
19,16,0.412334036,0.524253274,0.111919238
20,1,0.461421421,,
20,2,0.402516559,1.718058482,1.315541924
20,3,0.07264933,0.164933614,0.092284284
20,4,1.551161373,0.610647072,-0.940514301
20,5,0.235619449,1.564905841,1.329286392
20,6,0.107992247,1.755364895,1.647372648
20,7,0.045160394,1.138827337,1.093666943
20,8,0.549778714,1.309651437,0.759872723
20,9,1.246819584,2.635010838,1.388191254
20,10,6.067200812,0.875718952,-5.19148186
20,11,1.865320638,0.076576321,-1.788744317
20,12,0.237582944,0.846266521,0.608683577
20,13,0.437859476,0.873755457,0.435895981
20,14,3.654064955,0.176714587,-3.477350368
20,15,7.045021526,0.058904862,-6.986116663
20,16,1.692533042,0.985674695,-0.706858347
21,1,0.589048623,0.767726705,0.178678082
21,2,0.708821842,1.496183501,0.787361659
21,3,1.672898088,2.847068342,1.174170254
21,4,0.001963495,2.352267499,2.350304004
21,5,1.568832831,0.771653696,-0.797179136
21,6,0.814850595,3.196570525,2.381719931
21,7,1.309651437,,
21,8,0.687223393,2.336559536,1.649336143
21,9,1.696460033,0.543888228,-1.152571805
21,10,1.286089493,0.979784209,-0.306305284
21,11,1.792671308,1.384264263,-0.408407045
21,12,1.739656932,1.904590546,0.164933614
21,13,0.473202393,2.57021549,2.097013096
21,14,,2.536836068,
21,15,1.773036354,2.452405765,0.679369411
21,16,2.572178985,1.315541924,-1.256637061
22,1,1.054397034,,
22,2,2.049889206,0.19242255,-1.857466656
22,3,0.587085127,0.206167018,-0.380918109
22,4,0.673478925,0.55174221,-0.121736715
22,5,0.767726705,0.043196899,-0.724529806
22,6,0.638136008,1.215403658,0.57726765
22,7,0.594939109,0.569413668,-0.02552544
22,8,0.41037054,1.613993226,1.203622685
22,9,0.808960108,1.372483291,0.563523182
22,10,1.03476208,2.097013096,1.062251016
22,11,1.437278639,1.816233253,0.378954614
22,12,1.017090622,0.029452431,-0.98763819
22,13,1.922262005,1.545270886,-0.376991118
22,14,1.083849465,,
22,15,1.464767575,4.111559385,2.646791811
22,16,5.84139884,2.134319509,-3.707079331
23,1,1.272345025,2.656609288,1.384264263
23,2,2.201078353,1.600248758,-0.600829595
23,3,2.701769682,1.606139244,-1.095630438
23,4,1.541343896,1.333213382,-0.208130513
23,5,0.993528677,4.048727532,3.055198856
23,6,2.366011967,0.677405916,-1.688606051
23,7,0.854120503,0.241509935,-0.612610567
23,8,1.949750941,1.588467785,-0.361283155
23,9,0.706858347,2.151990968,1.445132621
23,10,2.774419012,1.350884841,-1.423534171
23,11,2.801907948,3.43808046,0.636172512
23,12,0.808960108,2.95506059,2.146100481
23,13,2.460259747,1.792671308,-0.667588439
23,14,0.985674695,1.839795198,0.854120503
23,15,0.433932485,1.981166867,1.547234382
23,16,0.838412539,1.99687483,1.158462291
24,1,2.106830573,,
24,2,0.960149255,,
24,3,1.588467785,,
24,4,0.964076246,,
24,5,0.441786467,,
24,6,0.728456797,0.812887099,0.084430303
24,7,1.435315144,,
24,8,1.70627751,0.997455668,-0.708821842
24,9,0.71863932,1.085812961,0.367173641
24,10,1.158462291,0.243473431,-0.91498886
24,11,0.730420292,,
24,12,0.655807466,,
24,13,0.581194641,1.356775327,0.775580686
24,14,0.426078504,0.79521564,0.369137137
24,15,0.378954614,0.860010989,0.481056375
24,16,0.215984495,0.726493301,0.510508806
25,1,0.907134879,1.720021978,0.812887099
25,2,0.861974484,2.01847328,1.156498796
25,3,0.353429174,1.937969968,1.584540795
25,4,0.003926991,3.004147975,3.000220984
25,5,,1.602212253,
25,6,0.838412539,0.594939109,-0.243473431
25,7,0.058904862,2.57021549,2.511310627
25,8,0.592975613,2.175552913,1.582577299
25,9,0.567450173,0.748091751,0.180641578
25,10,0.730420292,0.663661448,-0.066758844
25,11,0.901244392,1.564905841,0.663661448
25,12,1.73180295,1.747510914,0.015707963
25,13,1.327322896,2.159844949,0.832522053
25,14,1.040652567,0.251327412,-0.789325154
25,15,0.347538687,0.630282026,0.282743339
25,16,0.610647072,1.077958979,0.467311907
26,1,1.519745446,1.70627751,0.186532064
26,2,5.110978548,5.484042676,0.373064128
26,3,0.186532064,,
26,4,3.522510763,6.230170931,2.707660168
26,5,0.561559687,4.549418861,3.987859175
26,6,3.866122459,0.954258769,-2.911863691
26,7,3.02770992,3.980005193,0.952295273
26,8,1.433351648,1.525635932,0.092284284
26,9,2.21089583,,
26,10,1.028871594,3.277073837,2.248202243
26,11,1.761255381,0.981747704,-0.779507677
26,12,3.000220984,3.976078202,0.975857218
26,13,3.135702167,2.415099352,-0.720602815
26,14,0.814850595,2.552544031,1.737693437
26,15,1.604175749,2.047925711,0.443749962
26,16,3.84452401,1.136863842,-2.707660168
27,1,0.771653696,2.864739801,2.093086105
27,2,0.79521564,1.639518666,0.844303026
27,3,,0.502654825,
27,4,0.591012118,2.146100481,1.555088364
27,5,1.344994355,0.913025365,-0.43196899
27,7,1.462804079,2.169662426,0.706858347
27,8,1.80052529,1.604175749,-0.196349541
27,9,,3.976078202,
27,10,0.893390411,1.288052988,0.394662577
27,11,0.469275403,0.630282026,0.161006623
27,12,,2.411172362,
27,13,0.895353906,0.561559687,-0.333794219
27,14,1.963495408,2.764601535,0.801106127
27,15,,2.474004215,
27,16,1.083849465,1.517781951,0.433932485
28,1,0.475165889,0.569413668,0.09424778
28,2,1.92029851,3.229949947,1.309651437
28,3,1.386227758,0.090320789,-1.29590697
28,4,1.398008731,1.73180295,0.333794219
28,5,1.396045235,0.473202393,-0.922842842
28,6,2.026327262,0.066758844,-1.959568418
28,7,2.670353756,0.620464549,-2.049889206
28,8,0.736310778,1.712167996,0.975857218
28,9,1.720021978,2.442588288,0.72256631
28,10,1.284125997,1.044579557,-0.23954644
28,11,0.467311907,1.627737694,1.160425786
28,12,0.070685835,1.619883712,1.549197877
28,13,0.084430303,0.375027623,0.29059732
28,14,0.137444679,1.325359401,1.187914722
28,15,0.115846229,0.779507677,0.663661448
28,16,0.09424778,1.127046364,1.032798585
29,2,0.814850595,0.227765467,-0.587085127
29,3,0.184568568,2.199114858,2.014546289
29,4,0.895353906,1.786780822,0.891426915
29,5,4.787001806,1.482439033,-3.304562772
29,6,1.979203372,3.322234231,1.343030859
29,7,0.799142631,1.865320638,1.066178007
29,8,0.021598449,1.998838326,1.977239876
29,9,2.703733177,,
29,10,3.118030709,0.090320789,-3.02770992
29,11,0.001963495,3.559817176,3.55785368
29,12,1.205586181,0.420188017,-0.785398163
29,13,2.76263804,2.004728812,-0.757909228
29,14,2.71551415,0.070685835,-2.644828315
29,15,2.699806187,0.524253274,-2.175552913
29,16,2.059706684,0.141371669,-1.918335014
30,1,0.775580686,0.484983366,-0.29059732
30,2,1.113301897,2.544690049,1.431388153
30,3,2.024363766,1.433351648,-0.591012118
30,4,2.540763059,0.310232275,-2.230530784
30,5,1.460840584,0.7696902,-0.691150384
30,6,1.443169125,0.793252145,-0.64991698
30,7,0.449640449,1.038689071,0.589048623
30,8,0.732383787,0.805033117,0.07264933
30,9,0.178678082,0.255254403,0.076576321
30,10,0.748091751,1.625774198,0.877682448
30,11,0.830558558,0.946404787,0.115846229
30,12,2.063633674,0.058904862,-2.004728812
30,13,2.218749812,1.189878218,-1.028871594
30,14,0.486946861,,
30,15,0.901244392,0.137444679,-0.763799714
30,16,0.001963495,2.175552913,2.173589417
31,1,1.651299639,2.385646921,0.734347283
31,2,1.005309649,0.877682448,-0.127627202
31,3,1.12900986,0.657770962,-0.471238898
31,4,0.657770962,1.918335014,1.260564052
31,5,0.373064128,0.294524311,-0.078539816
31,6,0.408407045,0.288633825,-0.11977322
31,7,0.455530935,0.021598449,-0.433932485
31,8,0.952295273,0.750055246,-0.202240027
31,9,2.964878067,1.735729941,-1.229148126
31,10,0.206167018,1.798561794,1.592394776
31,11,0.471238898,0.35931966,-0.111919238
31,12,0.416261027,0.687223393,0.270962366
31,13,1.27430852,6.48738883,5.21308031
31,14,1.293943474,0.74416476,-0.549778714
31,15,0.594939109,0.125663706,-0.469275403
31,16,1.877101611,0.736310778,-1.140790832
32,1,1.613993226,1.835868207,0.221874981
32,2,0.954258769,0.461421421,-0.492837348
32,3,1.407826208,1.788744317,0.380918109
32,4,0.948368282,1.032798585,0.084430303
32,5,0.07264933,2.087195619,2.014546289
32,6,0.944441291,1.111338401,0.16689711
32,7,2.087195619,0.545851724,-1.541343896
32,8,1.215403658,1.03476208,-0.180641578
32,9,1.737693437,1.708241005,-0.029452431
32,10,1.566869336,0.003926991,-1.562942345
32,11,1.050470044,0.164933614,-0.885536429
32,12,1.193805208,1.504037483,0.310232275
32,13,1.853539666,1.914408023,0.060868358
32,14,1.665044106,1.205586181,-0.459457926
32,15,1.460840584,3.919136835,2.458296251
32,16,0.895353906,1.602212253,0.706858347
33,1,1.543307391,1.021017612,-0.522289779
33,2,3.284927818,4.594579256,1.309651437
33,3,,1.348921346,
33,4,3.921100331,5.228788273,1.307687942
33,5,1.388191254,0.249363917,-1.138827337
33,6,,0.934623814,
33,7,3.758130212,2.59574093,-1.162389282
33,8,5.837471849,1.24878308,-4.58868877
33,9,1.00923664,1.392118245,0.382881605
33,10,,3.587306111,
33,11,2.246238747,3.976078202,1.729839455
33,12,2.931498645,4.891067063,1.959568418
33,13,,1.916371519,
33,14,2.422953334,2.022400271,-0.400553063
33,15,4.038910055,4.031056074,-0.007853982
33,16,,4.050691028,
34,1,3.388993075,2.583959958,-0.805033117
34,2,3.010038461,3.110176727,0.100138266
34,3,1.007273145,1.543307391,0.536034247
34,4,1.545270886,1.398008731,-0.147262156
34,5,2.277654674,1.127046364,-1.150608309
34,6,1.525635932,1.94582395,0.420188017
34,7,0.07264933,1.429424657,1.356775327
34,8,0.278816348,0.767726705,0.488910357
34,9,0.322013247,2.220713307,1.89870006
34,10,1.941896959,0.282743339,-1.65915362
34,11,1.17613375,2.124502032,0.948368282
34,12,1.168279768,1.56097885,0.392699082
34,13,1.280199006,1.24878308,-0.031415927
34,14,1.435315144,1.549197877,0.113882734
34,15,1.60810274,2.205005344,0.596902604
34,16,1.80445228,2.744966581,0.940514301
35,1,0.023561945,0.005890486,-0.017671459
35,2,0.272925862,0.259181394,-0.013744468
35,3,1.454950098,0.645989989,-0.808960108
35,4,1.062251016,2.23642127,1.174170254
35,5,0.541924733,3.233876938,2.691952205
35,6,0.443749962,0.740237769,0.296487807
35,7,0.561559687,0.869828466,0.308268779
35,8,0.21794799,0.392699082,0.174751091
35,9,1.987057353,0.512472302,-1.474585052
35,10,1.533489914,0.846266521,-0.687223393
35,11,0.867864971,3.443970946,2.576105976
35,12,0.545851724,0.402516559,-0.143335165
35,13,3.330088213,4.072289477,0.742201264
35,14,0.820741081,0.824668072,0.003926991
35,15,1.871211124,0.396626073,-1.474585052
35,16,0.797179136,1.598285263,0.801106127
36,1,1.158462291,0.91106187,-0.247400421
36,2,1.341067364,2.311034096,0.969966732
36,3,0.871791961,1.629701189,0.757909228
36,4,0.695077375,0.891426915,0.196349541
36,5,1.370519795,2.466150233,1.095630438
36,6,1.745547418,1.052433539,-0.693113879
36,7,1.623810703,1.451023107,-0.172787596
36,8,1.615956721,0.891426915,-0.724529806
36,9,0.893390411,0.746128255,-0.147262156
36,10,0.858047494,2.825469893,1.967422399
36,11,1.757328391,0.496764338,-1.260564052
36,12,,1.985093858,
36,13,0.323976742,0.651880476,0.327903733
36,14,0.373064128,0.775580686,0.402516559
36,15,0.188495559,1.822123739,1.63362818
36,16,0.850193512,,
37,1,0.141371669,0.714712329,0.573340659
37,2,0.09424778,0.153152642,0.058904862
37,3,0.567450173,0.463384916,-0.104065257
37,4,1.568832831,0.176714587,-1.392118245
37,5,0.276852853,1.313578428,1.036725576
37,6,1.005309649,0.508545311,-0.496764338
37,7,0.168860605,0.257217899,0.088357293
37,8,0.331830724,0.441786467,0.109955743
37,9,0.233655954,1.207549676,0.973893723
37,10,1.087776456,1.527599428,0.439822972
37,11,1.191841713,1.537416905,0.345575192
37,12,0.333794219,1.702350519,1.3685563
37,13,0.394662577,0.500691329,0.106028752
37,14,0.435895981,1.63362818,1.197732199
37,15,0.292560816,0.891426915,0.5988661
37,16,0.376991118,1.17613375,0.799142631
38,1,0.282743339,0.186532064,-0.096211275
38,2,0.930696824,1.398008731,0.467311907
38,3,0.789325154,6.750497214,5.96117206
38,4,1.476548547,6.616979527,5.140430979
38,5,3.603014075,4.072289477,0.469275403
38,6,1.649336143,3.553926689,1.904590546
38,7,3.551963194,1.370519795,-2.181443399
38,8,0.390735586,4.457134577,4.066398991
38,9,1.178097245,,
38,10,2.328705554,0.699004365,-1.629701189
38,11,1.407826208,4.172427743,2.764601535
38,12,1.142754328,3.634430001,2.491675673
38,13,2.212859325,2.93346214,0.720602815
38,14,0.435895981,1.531526419,1.095630438
38,15,0.716675824,1.311614933,0.594939109
38,16,0.541924733,3.60497757,3.063052837
39,1,0.579231146,2.216786316,1.637555171
39,2,0.484983366,0.441786467,-0.043196899
39,4,0.534070751,,
39,5,0.398589568,0.003926991,-0.394662577
39,6,1.105447915,0.001963495,-1.10348442
39,7,0.865901475,,
39,8,0.11977322,,
39,10,0.708821842,,
39,11,0.893390411,,
39,12,1.454950098,,
39,13,0.822704576,,
39,14,0.255254403,,
39,15,0.043196899,,
40,1,0.074612826,0.070685835,-0.003926991
40,2,0.806996613,0.14529866,-0.661697953
40,3,0.392699082,0.308268779,-0.084430303
40,4,0.355392669,0.810923604,0.455530935
40,5,0.318086256,0.204203522,-0.113882734
40,6,0.537997742,0.363246651,-0.174751091
40,7,0.214021,0.09817477,-0.115846229
40,8,0.909098374,1.378373777,0.469275403
40,9,0.420188017,0.180641578,-0.23954644
40,10,0.905171383,2.267837197,1.362665813
40,11,1.109374906,0.977820713,-0.131554192
40,12,0.822704576,0.730420292,-0.092284284
40,13,0.147262156,0.832522053,0.685259898
40,14,0.471238898,0.681332907,0.210094009
40,15,0.182605073,1.158462291,0.975857218
40,16,0.537997742,1.119192383,0.581194641
41,1,0.630282026,0.91498886,0.284706834
41,2,2.053816197,0.846266521,-1.207549676
41,3,0.916952356,0.263108385,-0.653843971
41,4,1.160425786,0.706858347,-0.453567439
41,5,2.059706684,0.215984495,-1.843722189
41,6,0.416261027,2.071487656,1.655226629
41,7,0.891426915,3.45967891,2.568251994
41,8,0.382881605,1.022981108,0.640099503
41,9,1.015127126,4.125303853,3.110176727
41,10,0.068722339,3.946625771,3.877903432
41,11,0.84233953,1.207549676,0.365210146
41,12,,1.337140373,
41,13,1.1545353,3.00218448,1.847649179
41,14,0.001963495,1.712167996,1.710204501
41,15,,1.244856089,
41,16,0.445713458,1.27430852,0.828595062
42,1,0.019634954,,
42,2,0.16689711,0.333794219,0.16689711
42,3,0.327903733,0.71863932,0.390735586
42,4,0.066758844,0.451603944,0.3848451
42,5,0.498727834,0.373064128,-0.125663706
42,6,0.895353906,0.325940238,-0.569413668
42,7,0.070685835,0.712748833,0.642062999
42,8,0.070685835,0.259181394,0.188495559
42,9,0.325940238,0.541924733,0.215984495
42,10,0.541924733,0.333794219,-0.208130513
42,11,0.583158136,0.070685835,-0.512472302
42,12,0.750055246,0.64991698,-0.100138266
42,13,0.777544182,0.681332907,-0.096211275
42,14,2.61733938,0.019634954,-2.597704425
42,15,1.533489914,2.986476516,1.452986602
42,16,4.408047192,1.670934593,-2.737112599
43,1,,1.431388153,
43,2,1.22718463,,
43,3,1.464767575,0.176714587,-1.288052988
43,4,2.267837197,,
43,5,0.787361659,,
43,6,0.559596191,0.066758844,-0.492837348
43,7,0.940514301,1.093666943,0.153152642
43,8,1.61202973,1.784817326,0.172787596
43,9,1.747510914,1.498146997,-0.249363917
43,10,1.431388153,,
43,11,0.249363917,,
43,12,1.65915362,1.127046364,-0.532107256
43,13,2.528982086,0.017671459,-2.511310627
43,14,0.373064128,1.197732199,0.824668072
43,15,4.358959807,0.176714587,-4.18224522
43,16,0.805033117,1.773036354,0.968003236
44,1,2.098976592,,
44,2,1.217367153,,
44,3,0.394662577,,
44,4,0.559596191,,
44,5,2.739076095,,
44,6,0.930696824,,
44,7,0.47909288,,
44,8,1.182024236,0.159043128,-1.022981108
44,9,2.214822821,,
44,10,0.84233953,1.686642556,0.844303026
44,11,1.119192383,0.117809725,-1.001382658
44,12,0.940514301,2.234457775,1.293943474
44,13,0.331830724,2.120575041,1.788744317
44,14,1.123119374,0.037306413,-1.085812961
44,15,1.064214511,0.322013247,-0.742201264
44,16,0.926769833,2.369938958,1.443169125
45,1,0.162970119,0.137444679,-0.02552544
45,2,1.348921346,0.074612826,-1.27430852
45,3,0.812887099,3.039490892,2.226603793
45,4,3.408628029,3.657991946,0.249363917
45,5,1.814269757,2.6939157,0.879645943
45,6,1.305724447,4.32361689,3.017892443
45,8,0.471238898,1.162389282,0.691150384
45,9,0.365210146,0.430005494,0.064795348
45,10,1.315541924,2.273727683,0.958185759
45,11,0.392699082,0.274889357,-0.117809725
45,12,0.086393798,0.665624943,0.579231146
45,13,0.219911486,0.09817477,-0.121736715
45,14,0.626355035,0.441786467,-0.184568568
45,15,4.667228586,1.211476667,-3.455751919
45,16,1.341067364,3.934844799,2.593777435
46,1,0.420188017,1.977239876,1.557051859
46,2,1.134900346,,
46,3,1.429424657,1.019054117,-0.41037054
46,4,1.975276381,1.904590546,-0.070685835
46,5,1.376410281,2.014546289,0.638136008
46,6,0.712748833,,
46,7,,1.517781951,
46,8,0.565486678,,
46,9,1.282162502,1.272345025,-0.009817477
46,10,0.3848451,1.117228887,0.732383787
46,11,0.677405916,0.019634954,-0.657770962
46,12,0.583158136,0.960149255,0.376991118
46,13,1.262527548,1.506000978,0.243473431
46,14,1.535453409,0.752018741,-0.783434668
46,15,0.897317402,1.94582395,1.048506548
46,16,1.119192383,,
47,1,0.704894852,0.563523182,-0.141371669
47,2,0.09424778,0.11977322,0.02552544
47,3,0.07264933,1.702350519,1.629701189
47,4,0.891426915,0.325940238,-0.565486678
47,5,,0.229728963,
47,6,0.164933614,0.600829595,0.435895981
47,7,0.131554192,0.11977322,-0.011780972
47,8,0.214021,0.106028752,-0.107992247
47,9,0.428041999,2.672317251,2.244275252
47,10,0.090320789,0.62439154,0.534070751
47,11,0.261144889,0.630282026,0.369137137
47,12,0.591012118,0.208130513,-0.382881605
47,13,,0.441786467,
47,16,1.904590546,2.328705554,0.424115008
48,1,2.81368892,5.295547117,2.481858196
48,2,1.409789703,2.688025214,1.278235511
48,3,4.555309348,1.456913593,-3.098395755
48,4,5.112942044,1.309651437,-3.803290606
48,5,0.162970119,0.765763209,0.60279309
48,6,0.139408174,3.440043956,3.300635782
48,7,0.477129384,,
48,8,0.16689711,1.272345025,1.105447915
48,9,0.210094009,1.816233253,1.606139244
48,10,0.151189146,,
48,11,0.09424778,0.691150384,0.596902604
48,12,0.135481183,0.9837112,0.848230016
48,13,0.373064128,1.500110492,1.127046364
48,14,1.543307391,0.043196899,-1.500110492
48,15,6.840818003,2.446515279,-4.394302724
48,16,0.343611696,1.928152491,1.584540795
49,1,0.164933614,0.323976742,0.159043128
49,2,0.441786467,0.561559687,0.11977322
49,3,0.704894852,1.494220006,0.789325154
49,4,0.164933614,1.291979979,1.127046364
49,5,0.702931356,0.074612826,-0.628318531
49,6,0.960149255,1.73180295,0.771653696
49,7,0.188495559,1.668971097,1.480475538
49,8,0.765763209,0.323976742,-0.441786467
49,9,0.139408174,1.975276381,1.835868207
49,10,1.266454538,0.261144889,-1.005309649
49,11,2.417062848,0.536034247,-1.881028601
49,12,1.344994355,0.589048623,-0.755945732
49,13,1.005309649,1.600248758,0.594939109
49,14,0.954258769,0.249363917,-0.704894852
49,15,1.237002107,0.02552544,-1.211476667
49,16,0.253290908,1.050470044,0.797179136
50,1,6.556111169,2.051852702,-4.504258467
50,2,2.095049601,1.786780822,-0.308268779
50,3,2.385646921,3.139629158,0.753982237
50,4,2.580032967,0.909098374,-1.670934593
50,5,1.596321767,,
50,6,1.908517537,,
50,7,1.150608309,,
50,8,1.439242134,0.237582944,-1.20165919
50,9,0.899280897,7.033240553,6.133959656
50,10,2.88241126,3.133738672,0.251327412
50,11,3.563744166,1.773036354,-1.790707813
50,12,4.78111132,1.486366024,-3.294745295
50,13,1.961531913,1.68075207,-0.280779843
50,14,2.132356014,2.839214361,0.706858347
50,15,0.877682448,4.031056074,3.153373626
50,16,1.246819584,2.142173491,0.895353906
51,1,1.297870465,1.386227758,0.088357293
51,2,0.681332907,0.979784209,0.298451302
51,3,0.773617191,1.168279768,0.394662577
51,4,0.913025365,1.456913593,0.543888228
51,5,0.557632696,1.774999849,1.217367153
51,6,0.977820713,1.178097245,0.200276532
51,7,1.896736565,2.020436775,0.123700211
51,8,0.537997742,1.333213382,0.79521564
51,9,2.530945582,1.374446786,-1.156498796
51,10,2.387610417,2.220713307,-0.16689711
51,11,1.127046364,1.843722189,0.716675824
51,12,1.828014225,1.541343896,-0.28667033
51,13,1.291979979,1.358738823,0.066758844
51,14,1.317505419,2.038108234,0.720602815
51,15,0.327903733,3.310453259,2.982549526
51,16,3.498948818,1.755364895,-1.743583923
52,1,0.506581815,1.036725576,0.53014376
52,2,0.441786467,1.582577299,1.140790832
52,3,0.343611696,0.944441291,0.600829595
52,4,0.003926991,0.606720081,0.60279309
52,5,0.117809725,0.526216769,0.408407045
52,6,0.164933614,0.561559687,0.396626073
52,7,0.557632696,2.6939157,2.136283004
52,8,0.522289779,0.594939109,0.07264933
52,9,0.214021,0.91106187,0.69704087
52,10,0.561559687,2.228567289,1.667007602
52,11,0.263108385,0.563523182,0.300414797
52,12,0.655807466,0.541924733,-0.113882734
52,13,0.618501054,0.549778714,-0.068722339
52,14,0.469275403,0.787361659,0.318086256
52,15,1.005309649,1.590431281,0.585121632
52,16,0.003926991,0.801106127,0.797179136
53,1,1.670934593,0.331830724,-1.339103869
53,2,0.441786467,0.001963495,-0.439822972
53,3,1.476548547,1.077958979,-0.398589568
53,4,1.704314015,1.990984344,0.28667033
53,5,3.206388002,2.334596041,-0.871791961
53,6,4.201880174,2.525055095,-1.676825079
53,7,0.019634954,0.581194641,0.561559687
53,8,3.487167845,3.89557489,0.408407045
53,9,0.070685835,,
53,10,3.575525139,2.415099352,-1.160425786
53,11,2.93346214,2.536836068,-0.396626073
53,12,0.355392669,1.829977721,1.474585052
53,13,1.256637061,2.448478774,1.191841713
53,14,1.841758693,0.620464549,-1.221294144
53,15,0.612610567,0.824668072,0.212057504
53,16,1.674861583,1.386227758,-0.288633825
54,1,1.592394776,0.600829595,-0.991565181
54,2,5.792311455,0.001963495,-5.79034796
54,3,1.506000978,0.214021,-1.291979979
54,4,1.545270886,0.69704087,-0.848230016
54,5,0.922842842,0.946404787,0.023561945
54,6,3.080724296,0.765763209,-2.314961087
54,7,1.521708942,0.180641578,-1.341067364
54,8,1.41568019,,
54,9,2.16377194,0.430005494,-1.733766446
54,10,1.032798585,1.806415776,0.773617191
54,11,0.653843971,1.733766446,1.079922475
54,12,1.044579557,1.246819584,0.202240027
54,13,1.458877089,2.187333885,0.728456797
54,14,1.011200135,0.846266521,-0.164933614
54,15,1.10741141,1.309651437,0.202240027
54,16,1.319468915,0.441786467,-0.877682448
55,1,0.11977322,0.361283155,0.241509935
55,2,0.027488936,0.653843971,0.626355035
55,3,0.070685835,0.913025365,0.84233953
55,4,0.182605073,0.070685835,-0.111919238
55,5,0.09424778,0.092284284,-0.001963495
55,6,,2.214822821,
55,7,0.007853982,0.687223393,0.679369411
55,8,1.409789703,0.333794219,-1.075995484
55,9,0.056941367,0.345575192,0.288633825
55,10,,0.031415927,
55,11,0.877682448,0.392699082,-0.484983366
55,12,0.04712389,0.268998871,0.221874981
55,13,0.396626073,0.376991118,-0.019634954
55,14,0.009817477,2.580032967,2.57021549
55,15,0.484983366,0.092284284,-0.392699082
55,16,,5.022621255,
56,1,2.656609288,2.102903582,-0.553705705
56,2,2.020436775,2.352267499,0.331830724
56,3,3.779728661,1.663080611,-2.11664805
56,4,0.975857218,2.036144739,1.060287521
56,5,3.948589266,2.729258618,-1.219330649
56,6,1.058324025,1.140790832,0.082466807
56,7,0.644026494,1.886919088,1.242892594
56,8,1.378373777,1.366592804,-0.011780972
56,9,0.661697953,1.070104998,0.408407045
56,10,1.806415776,0.979784209,-0.826631567
56,11,1.425497667,2.42884382,1.003346154
56,12,0.647953485,0.860010989,0.212057504
56,13,0.502654825,2.452405765,1.949750941
56,14,1.166316273,1.070104998,-0.096211275
56,15,2.238384766,2.827433388,0.589048623
56,16,0.64991698,0.606720081,-0.043196899
57,1,0.645989989,1.99687483,1.350884841
57,2,1.22718463,0.486946861,-0.740237769
57,3,0.909098374,1.812306262,0.903207888
57,4,0.750055246,5.464407722,4.714352476
57,5,0.001963495,2.684098223,2.682134728
57,6,0.991565181,3.259402378,2.267837197
57,8,1.837831702,1.10348442,-0.734347283
57,9,0.545851724,0.657770962,0.111919238
57,10,0.877682448,1.392118245,0.514435797
57,12,,1.824087234,
57,13,1.41568019,1.690569547,0.274889357
57,14,1.362665813,1.34695785,-0.015707963
57,15,0.418224522,2.083268628,1.665044106
57,16,1.083849465,2.269800692,1.185951227
58,1,1.388191254,2.293362637,0.905171383
58,2,2.513274123,2.424916829,-0.088357293
58,3,0.783434668,3.151410131,2.367975463
58,4,1.166316273,0.023561945,-1.142754328
58,5,2.468113728,2.206968839,-0.261144889
58,6,1.398008731,1.317505419,-0.080503312
58,7,1.843722189,2.454369261,0.610647072
58,8,1.272345025,2.542726554,1.270381529
58,9,1.833904712,3.375248607,1.541343896
58,10,1.003346154,3.881830423,2.878484269
58,11,1.256637061,1.405862712,0.149225651
58,12,1.627737694,3.765984193,2.1382465
58,13,1.272345025,2.464186738,1.191841713
58,14,1.307687942,1.784817326,0.477129384
58,15,1.219330649,0.571377164,-0.647953485
58,16,0.640099503,,
59,1,3.357577149,,
59,2,1.517781951,,
59,3,3.114103718,0.657770962,-2.456332756
59,4,4.728096944,0.070685835,-4.657411109
59,5,1.502073987,1.105447915,-0.396626073
59,6,2.542726554,0.948368282,-1.594358272
59,7,2.326742059,1.022981108,-1.303760951
59,8,0.981747704,,
59,9,1.396045235,0.021598449,-1.374446786
59,10,0.508545311,0.801106127,0.292560816
59,11,0.16689711,1.411753199,1.244856089
59,12,0.001963495,0.563523182,0.561559687
59,13,0.186532064,0.16689711,-0.019634954
59,14,0.363246651,0.447676953,0.084430303
59,15,0.251327412,2.344413518,2.093086105
59,16,0.43196899,,
60,1,1.961531913,2.833323874,0.871791961
60,2,0.502654825,,
60,3,1.515818455,3.257438883,1.741620427
60,4,1.077958979,1.24878308,0.170824101
60,5,0.369137137,3.290818305,2.921681168
60,6,2.002765317,0.206167018,-1.796598299
60,7,1.798561794,1.146681319,-0.651880476
60,8,0.322013247,1.050470044,0.728456797
60,9,0.899280897,1.46673107,0.567450173
60,10,0.752018741,1.142754328,0.390735586
60,11,0.494800843,3.015928947,2.521128105
60,12,2.102903582,4.488550504,2.385646921
60,13,0.86393798,1.297870465,0.433932485
60,14,1.56097885,1.533489914,-0.027488936
60,15,1.20165919,0.657770962,-0.543888228
60,16,1.044579557,0.514435797,-0.53014376
61,1,0.325940238,0.614574063,0.288633825
61,2,0.740237769,0.003926991,-0.736310778
61,3,0.304341788,0.074612826,-0.229728963
61,4,0.473202393,0.009817477,-0.463384916
61,5,0.846266521,0.278816348,-0.567450173
61,6,0.675442421,0.233655954,-0.441786467
61,7,0.488910357,0.712748833,0.223838477
61,8,2.21089583,1.511891465,-0.699004365
61,9,,0.877682448,
61,10,0.049087385,1.105447915,1.05636053
61,11,0.57726765,0.007853982,-0.569413668
61,12,,0.09424778,
61,13,0.91498886,0.822704576,-0.092284284
61,14,0.325940238,0.009817477,-0.316122761
61,15,0.834485549,0.007853982,-0.826631567
61,16,0.107992247,0.02552544,-0.082466807
62,1,1.580613804,1.645409152,0.064795348
62,2,0.667588439,,
62,3,0.496764338,0.918915851,0.422151513
62,4,1.352848336,2.026327262,0.673478925
62,5,0.704894852,0.918915851,0.214021
62,7,0.16689711,0.512472302,0.345575192
62,8,0.208130513,0.634209017,0.426078504
62,9,0.392699082,0.669551934,0.276852853
62,10,0.924806337,,
62,11,0.502654825,,
62,12,2.391537408,,
62,13,0.210094009,0.001963495,-0.208130513
62,14,0.367173641,0.873755457,0.506581815
62,15,0.663661448,2.88633825,2.222676802
62,16,0.082466807,0.48301987,0.400553063
63,1,2.919717672,1.965458904,-0.954258769
63,2,1.578650308,3.628539515,2.049889206
63,3,1.794634803,3.381139093,1.58650429
63,4,1.46673107,0.536034247,-0.930696824
63,5,2.589850444,0.398589568,-2.191260876
63,6,2.477931206,2.856885819,0.378954614
63,7,1.089739952,0.219911486,-0.869828466
63,8,1.600248758,0.329867229,-1.270381529
63,9,3.279037332,3.041454388,-0.237582944
63,10,2.921681168,1.458877089,-1.462804079
63,11,3.465569396,1.523672437,-1.941896959
63,12,2.358157986,2.717477645,0.35931966
63,13,0.909098374,1.94582395,1.036725576
63,14,1.399972226,,
63,15,1.747510914,2.953097094,1.205586181
63,16,,2.894192232,
64,1,2.028290757,,
64,2,3.013965452,0.021598449,-2.992367003
64,3,2.593777435,,
64,4,1.021017612,0.592975613,-0.428041999
64,5,2.240348261,1.670934593,-0.569413668
64,6,3.259402378,,
64,7,2.383683426,1.221294144,-1.162389282
64,8,1.146681319,1.317505419,0.170824101
64,9,1.688606051,1.152571805,-0.536034247
64,10,1.019054117,0.357356164,-0.661697953
64,11,1.079922475,,
64,12,0.638136008,1.835868207,1.197732199
64,13,0.9837112,2.611448893,1.627737694
64,14,1.584540795,2.623229866,1.038689071
64,15,2.699806187,1.421570676,-1.278235511
64,16,2.986476516,2.1382465,-0.848230016
65,1,1.223257639,0.924806337,-0.298451302
65,2,0.447676953,2.106830573,1.65915362
65,3,1.099557429,1.356775327,0.257217899
65,4,2.291399142,3.188716543,0.897317402
65,5,1.233075117,1.030835089,-0.202240027
65,6,2.676244242,3.296708791,0.620464549
65,7,2.78816348,3.275110341,0.486946861
65,8,1.396045235,1.87317462,0.477129384
65,9,4.470879045,2.744966581,-1.725912464
65,10,1.413716694,5.167919915,3.754203221
65,11,1.998838326,1.735729941,-0.263108385
65,12,2.269800692,4.054618019,1.784817326
65,13,2.171625922,2.591813939,0.420188017
65,14,2.146100481,2.411172362,0.26507188
65,15,5.949391088,2.784236489,-3.165154598
65,16,0.887499925,3.1219577,2.234457775
66,1,0.893390411,1.207549676,0.314159265
66,2,,0.989601686,
66,3,,0.956222264,
66,4,,1.551161373,
66,5,0.341648201,1.119192383,0.777544182
66,6,1.219330649,2.083268628,0.86393798
66,7,0.561559687,1.596321767,1.03476208
66,8,0.331830724,1.80445228,1.472621556
66,9,0.416261027,1.29983396,0.883572934
66,10,0.001963495,,
66,11,0.005890486,1.908517537,1.902627051
66,12,4.965679888,1.276272016,-3.689407873
66,13,0.659734457,0.007853982,-0.651880476
66,14,0.019634954,0.005890486,-0.013744468
66,15,1.382300768,4.411974183,3.029673415
66,16,1.692533042,1.651299639,-0.041233404
67,1,0.029452431,1.060287521,1.030835089
67,2,0.327903733,7.259042525,6.931138792
67,3,0.343611696,1.136863842,0.793252145
67,4,1.162389282,0.388772091,-0.773617191
67,5,1.598285263,0.628318531,-0.969966732
67,6,2.807798434,3.133738672,0.325940238
67,7,3.086614782,0.500691329,-2.585923453
67,8,3.343832681,0.750055246,-2.593777435
67,9,4.115486376,3.769911184,-0.345575192
67,10,2.232494279,1.667007602,-0.565486678
67,11,0.490873852,0.178678082,-0.31219577
67,12,,0.049087385,
67,13,,0.068722339,
67,14,0.806996613,0.237582944,-0.569413668
67,15,0.351465678,0.019634954,-0.331830724
67,16,0.728456797,1.223257639,0.494800843
68,1,1.541343896,0.300414797,-1.240929098
68,2,1.572759822,4.072289477,2.499529655
68,3,2.06559717,1.967422399,-0.09817477
68,4,1.140790832,1.132936851,-0.007853982
68,5,2.446515279,2.405281875,-0.041233404
68,6,0.968003236,2.089159115,1.121155878
68,7,1.721985473,2.805834939,1.083849465
68,8,1.537416905,1.376410281,-0.161006623
68,9,1.268418034,3.349723167,2.081305133
68,10,2.379756435,1.506000978,-0.873755457
68,11,1.598285263,3.577488634,1.979203372
68,12,2.277654674,1.199695695,-1.077958979
68,13,2.316924582,2.829396884,0.512472302
68,14,1.637555171,0.991565181,-0.645989989
68,15,0.854120503,0.887499925,0.033379422
68,16,1.370519795,2.012582794,0.642062999
69,1,0.885536429,4.932300466,4.046764037
69,2,0.237582944,1.046543053,0.808960108
69,3,2.633047343,1.790707813,-0.84233953
69,4,0.659734457,0.164933614,-0.494800843
69,5,1.319468915,0.826631567,-0.492837348
69,6,1.193805208,1.44120563,0.247400421
69,7,5.350524988,3.202461011,-2.148063977
69,8,0.001963495,5.837471849,5.835508354
69,9,1.140790832,1.072068493,-0.068722339
69,10,2.075414647,2.656609288,0.581194641
69,11,1.158462291,0.895353906,-0.263108385
69,12,1.521708942,2.654645792,1.132936851
69,13,2.843141351,1.957604922,-0.885536429
69,14,3.127848186,1.195768704,-1.932079482
69,15,2.055779693,2.986476516,0.930696824
69,16,0.070685835,,
69,60,,1.44120563,
70,1,2.261946711,0.803069622,-1.458877089
70,2,2.118611546,2.097013096,-0.021598449
70,3,1.011200135,1.111338401,0.100138266
70,4,0.750055246,0.019634954,-0.730420292
70,5,2.607521902,0.003926991,-2.603594912
70,6,0.257217899,0.280779843,0.023561945
70,7,1.238965603,0.261144889,-0.977820713
70,8,1.912444528,0.734347283,-1.178097245
70,9,3.695298359,3.544109212,-0.151189146
70,10,7.092145415,1.843722189,-5.248423227
70,11,0.445713458,3.91717334,3.471459882
70,12,1.521708942,0.877682448,-0.644026494
70,13,1.127046364,1.429424657,0.302378293
70,14,1.759291886,1.344994355,-0.414297531
70,15,0.781471173,0.001963495,-0.779507677
70,16,0.184568568,3.958406744,3.773838175
71,1,0.475165889,0.200276532,-0.274889357
71,2,0.700967861,0.79521564,0.09424778
71,3,1.384264263,0.673478925,-0.710785338
71,4,0.318086256,1.344994355,1.026908099
71,5,1.130973355,2.002765317,0.871791961
71,6,1.077958979,0.512472302,-0.565486678
71,7,1.73180295,0.416261027,-1.315541924
71,8,0.789325154,1.325359401,0.536034247
71,9,0.750055246,2.650718801,1.900663555
71,10,0.62439154,1.559015354,0.934623814
71,11,0.608683577,1.774999849,1.166316273
71,12,1.337140373,1.405862712,0.068722339
71,13,1.024944603,0.856083998,-0.168860605
71,14,2.666426765,1.541343896,-1.125082869
71,15,0.616537558,0.783434668,0.16689711
71,16,2.175552913,1.305724447,-0.869828466
72,1,0.79521564,2.758711049,1.963495408
72,2,0.090320789,0.824668072,0.734347283
72,3,0.592975613,2.165735436,1.572759822
72,4,0.750055246,0.263108385,-0.486946861
72,5,0.373064128,1.209513172,0.836449044
72,6,1.472621556,0.895353906,-0.57726765
72,7,1.026908099,1.256637061,0.229728963
72,8,1.099557429,1.040652567,-0.058904862
72,9,2.118611546,2.287472151,0.168860605
72,10,1.882992097,1.29590697,-0.587085127
72,11,0.752018741,1.313578428,0.561559687
72,12,1.270381529,1.156498796,-0.113882734
72,13,1.372483291,1.136863842,-0.235619449
72,14,0.461421421,2.737112599,2.275691178
72,15,0.559596191,0.559596191,0
72,16,0.787361659,1.276272016,0.488910357
73,1,1.429424657,3.025746424,1.596321767
73,2,1.506000978,1.596321767,0.090320789
73,3,0.522289779,1.10348442,0.581194641
73,4,1.763218877,1.297870465,-0.465348412
73,5,0.492837348,2.285508655,1.792671308
73,6,1.49225651,1.150608309,-0.341648201
73,7,0.716675824,1.773036354,1.05636053
73,8,0.343611696,0.9837112,0.640099503
73,9,0.591012118,,
73,10,0.107992247,0.005890486,-0.102101761
73,11,1.694496538,1.062251016,-0.632245522
73,12,0.716675824,0.932660319,0.215984495
73,13,1.29983396,0.728456797,-0.571377164
73,14,0.799142631,0.396626073,-0.402516559
73,15,0.645989989,0.746128255,0.100138266
73,16,0.689186888,1.221294144,0.532107256
74,1,0.051050881,0.168860605,0.117809725
74,2,0.846266521,1.040652567,0.194386045
74,3,0.873755457,0.592975613,-0.280779843
74,4,0.824668072,0.559596191,-0.26507188
74,5,0.212057504,0.541924733,0.329867229
74,6,1.213440162,0.824668072,-0.388772091
74,7,0.049087385,0.541924733,0.492837348
74,8,0.803069622,0.775580686,-0.027488936
74,9,,0.441786467,
74,10,0.382881605,0.159043128,-0.223838477
74,11,0.71863932,,
74,12,0.916952356,,
74,13,1.458877089,0.844303026,-0.614574063
74,14,2.30514361,2.212859325,-0.092284284
74,15,0.781471173,,
74,16,0.428041999,,
75,1,0.667588439,2.479894701,1.812306262
75,2,1.240929098,5.075635631,3.834706533
75,3,1.329286392,1.829977721,0.500691329
75,4,1.511891465,0.298451302,-1.213440162
75,5,1.066178007,0.02552544,-1.040652567
75,6,0.628318531,1.378373777,0.750055246
75,7,0.157079633,1.41568019,1.258600557
75,8,0.761836218,1.776963345,1.015127126
75,9,1.284125997,1.509927969,0.225801972
75,10,3.174972076,2.212859325,-0.96211275
75,11,0.159043128,1.10741141,0.948368282
75,12,0.569413668,0.007853982,-0.561559687
75,13,0.765763209,0.916952356,0.151189146
75,14,1.290016483,1.531526419,0.241509935
75,15,0.673478925,3.591233102,2.917754177
75,16,1.953677931,1.093666943,-0.860010989
76,1,1.480475538,,
76,2,3.793473129,,
76,3,,0.005890486,
76,4,,0.021598449,
76,5,0.396626073,,
76,6,0.096211275,,
76,7,2.797980957,0.001963495,-2.796017462
76,8,0.490873852,0.005890486,-0.484983366
76,9,0.162970119,0.865901475,0.702931356
76,10,0.445713458,0.398589568,-0.04712389
76,11,0.541924733,0.441786467,-0.100138266
76,12,0.541924733,1.670934593,1.12900986
76,13,1.403899217,,
76,14,1.038689071,1.670934593,0.632245522
76,15,3.416482011,0.159043128,-3.257438883
76,16,0.873755457,,
77,1,0.056941367,,
77,2,0.899280897,0.039269908,-0.860010989
77,3,0.909098374,1.1545353,0.245436926
77,4,0.561559687,2.601631416,2.040071729
77,5,0.345575192,1.427461162,1.08188597
77,6,0.369137137,1.097593933,0.728456797
77,7,0.11977322,0.536034247,0.416261027
77,8,0.074612826,0.826631567,0.752018741
77,9,0.139408174,0.327903733,0.188495559
77,10,0.056941367,0.096211275,0.039269908
77,11,0.11977322,1.050470044,0.930696824
77,12,0.561559687,0.23954644,-0.322013247
77,13,0.31219577,1.288052988,0.975857218
77,14,0.088357293,0.200276532,0.111919238
77,15,0.233655954,0.074612826,-0.159043128
77,16,0.017671459,,
78,1,0.308268779,0.561559687,0.253290908
78,2,0.310232275,0.164933614,-0.14529866
78,3,0.058904862,0.11977322,0.060868358
78,4,0.007853982,0.253290908,0.245436926
78,5,0.306305284,0.828595062,0.522289779
78,6,0.561559687,0.636172512,0.074612826
78,7,0.608683577,0.559596191,-0.049087385
78,8,0.021598449,1.333213382,1.311614933
78,9,1.900663555,4.30201844,2.401354885
78,10,0.541924733,1.900663555,1.358738823
78,11,,0.559596191,
78,12,0.021598449,0.003926991,-0.017671459
78,13,0.070685835,0.752018741,0.681332907
78,14,0.559596191,0.162970119,-0.396626073
78,15,0.559596191,1.333213382,0.773617191
78,16,0.653843971,0.559596191,-0.09424778
79,1,6.817256058,8.961393044,2.144136986
79,2,0.563523182,,
79,3,0.349502183,,
79,4,0.325940238,1.861393647,1.535453409
79,5,1.507964474,0.02552544,-1.482439033
79,6,1.936006473,0.5988661,-1.337140373
79,7,2.165735436,3.39095657,1.225221135
79,8,2.756747554,0.068722339,-2.688025214
79,9,4.749695393,0.078539816,-4.671155577
79,10,1.559015354,1.721985473,0.162970119
79,11,3.008074966,4.333434367,1.325359401
79,12,6.528622233,0.170824101,-6.357798133
79,13,3.618722038,2.366011967,-1.252710071
79,14,6.171266069,4.527820412,-1.643445657
79,15,3.043417883,0.168860605,-2.874557278
79,16,1.238965603,0.920879347,-0.318086256
80,1,,0.561559687,
80,2,0.742201264,0.424115008,-0.318086256
80,3,0.001963495,0.325940238,0.323976742
80,4,1.315541924,2.051852702,0.736310778
80,5,6.412776004,0.257217899,-6.155558106
80,6,0.897317402,3.905392367,3.008074966
80,7,1.690569547,2.552544031,0.861974484
80,8,0.689186888,2.580032967,1.890846078
80,9,0.610647072,0.019634954,-0.591012118
80,10,1.600248758,0.81681409,-0.783434668
80,11,0.426078504,,
80,12,1.547234382,0.017671459,-1.529562923
80,13,0.139408174,0.528180265,0.388772091
80,14,0.151189146,0.021598449,-0.129590697
80,15,1.199695695,1.305724447,0.106028752
80,16,1.668971097,2.654645792,0.985674695
81,1,1.180060741,3.840597019,2.660536279
81,2,2.032217748,7.25707903,5.224861282
81,3,3.36543113,4.194026193,0.828595062
81,4,3.612831552,1.452986602,-2.159844949
81,5,3.302599277,1.580613804,-1.721985473
81,6,1.525635932,0.589048623,-0.93658731
81,7,0.738274274,1.716094987,0.977820713
81,8,,0.824668072,
81,9,2.662499774,4.726133448,2.063633674
81,10,,1.871211124,
81,11,0.003926991,1.859430152,1.855503161
81,12,,0.636172512,
81,13,1.001382658,0.879645943,-0.121736715
81,14,0.867864971,1.050470044,0.182605073
81,15,0.657770962,1.582577299,0.924806337
81,16,0.027488936,0.161006623,0.133517688
82,1,1.152571805,1.170243263,0.017671459
82,2,1.054397034,1.172206759,0.117809725
82,3,1.286089493,2.254092729,0.968003236
82,4,0.924806337,3.051271865,2.126465527
82,5,2.697842691,3.12588469,0.428041999
82,6,2.273727683,1.741620427,-0.532107256
82,7,1.559015354,,
82,8,2.169662426,2.760674544,0.591012118
82,9,0.877682448,1.60810274,0.730420292
82,10,1.747510914,1.663080611,-0.084430303
82,11,0.922842842,1.574723318,0.651880476
82,12,0.989601686,3.689407873,2.699806187
82,13,1.315541924,2.472040719,1.156498796
82,14,0.877682448,1.343030859,0.465348412
82,15,0.541924733,2.495602664,1.953677931
82,16,1.411753199,1.519745446,0.107992247
83,1,,0.115846229,
83,2,,1.578650308,
83,3,2.45044227,0.23954644,-2.21089583
83,4,0.068722339,,
83,5,0.019634954,0.249363917,0.229728963
83,6,,0.068722339,
83,7,,0.019634954,
83,8,0.164933614,,
83,9,0.164933614,,
83,10,1.443169125,,
83,11,0.720602815,,
83,12,0.107992247,1.926188996,1.818196748
83,13,0.469275403,0.940514301,0.471238898
83,15,0.068722339,2.114684555,2.045962216
83,16,2.417062848,,
84,1,2.334596041,4.184208715,1.849612675
84,2,1.861393647,2.307107105,0.445713458
84,3,1.119192383,1.507964474,0.388772091
84,4,1.268418034,2.756747554,1.48832952
84,5,1.344994355,2.401354885,1.05636053
84,6,1.957604922,2.360121481,0.402516559
84,7,0.928733328,2.640901324,1.712167996
84,8,2.140209995,2.087195619,-0.053014376
84,9,3.913246349,0.569413668,-3.343832681
84,10,1.776963345,3.683517386,1.906554042
84,11,0.84233953,3.854341487,3.012001957
84,12,0.913025365,3.813108083,2.900082718
84,13,0.736310778,,
84,14,1.837831702,0.498727834,-1.339103869
84,15,2.707660168,0.734347283,-1.973312886
84,16,1.217367153,1.60810274,0.390735586
85,1,3.26725636,1.456913593,-1.810342767
85,2,0.669551934,1.553124868,0.883572934
85,3,1.588467785,2.144136986,0.555669201
85,4,0.728456797,2.01847328,1.290016483
85,5,1.751437904,2.159844949,0.408407045
85,6,,2.042035225,
85,7,2.695879196,1.786780822,-0.909098374
85,8,2.134319509,1.433351648,-0.700967861
85,9,0.331830724,0.490873852,0.159043128
85,10,0.516399292,0.400553063,-0.115846229
85,11,1.260564052,2.167698931,0.907134879
85,12,1.050470044,2.424916829,1.374446786
85,13,0.571377164,1.61202973,1.040652567
85,14,2.073451151,1.833904712,-0.23954644
85,15,2.051852702,,
85,16,2.006692307,0.907134879,-1.099557429
86,1,2.758711049,1.613993226,-1.144717823
86,2,1.690569547,3.840597019,2.150027472
86,3,2.287472151,0.887499925,-1.399972226
86,4,1.170243263,1.519745446,0.349502183
86,5,,0.23954644,
86,6,1.266454538,0.748091751,-0.518362788
86,7,0.971930227,1.500110492,0.528180265
86,8,1.10741141,0.135481183,-0.971930227
86,9,1.390154749,0.001963495,-1.388191254
86,10,2.5230916,1.150608309,-1.372483291
86,11,0.227765467,1.932079482,1.704314015
86,12,0.001963495,2.181443399,2.179479903
86,13,0.001963495,1.327322896,1.325359401
86,14,0.559596191,1.437278639,0.877682448
86,15,0.323976742,1.875138115,1.551161373
86,16,,1.264491043,
87,1,1.845685684,2.521128105,0.675442421
87,2,1.720021978,1.246819584,-0.473202393
87,3,1.109374906,1.197732199,0.088357293
87,4,2.314961087,1.733766446,-0.581194641
87,5,2.193224371,1.233075117,-0.960149255
87,6,1.266454538,0.730420292,-0.536034247
87,7,1.480475538,1.928152491,0.447676953
87,8,0.728456797,1.011200135,0.282743339
87,9,1.240929098,3.015928947,1.774999849
87,10,2.208932335,2.212859325,0.003926991
87,11,1.739656932,2.682134728,0.942477796
87,12,1.341067364,3.738495258,2.397427894
87,13,0.964076246,1.955641427,0.991565181
87,14,0.561559687,1.600248758,1.038689071
87,15,1.718058482,1.00923664,-0.708821842
87,16,2.354230995,1.651299639,-0.702931356
88,1,7.985535826,0.184568568,-7.800967258
88,2,1.068141502,1.348921346,0.280779843
88,3,2.320851573,0.500691329,-1.820160244
88,4,4.331470871,0.636172512,-3.695298359
88,5,3.856304982,2.216786316,-1.639518666
88,6,0.675442421,0.569413668,-0.106028752
88,7,3.102322745,0.575304155,-2.527018591
88,8,1.570796327,1.651299639,0.080503312
88,9,2.095049601,1.979203372,-0.115846229
88,10,0.35931966,5.401575869,5.042256209
88,11,2.126465527,2.495602664,0.369137137
88,12,0.583158136,0.592975613,0.009817477
88,13,1.568832831,0.111919238,-1.456913593
88,14,0.07264933,1.755364895,1.682715565
88,15,0.81681409,0.840376035,0.023561945
88,16,0.55174221,2.397427894,1.845685684
89,1,0.392699082,1.048506548,0.655807466
89,2,0.549778714,1.032798585,0.48301987
89,3,0.695077375,0.860010989,0.164933614
89,4,0.325940238,0.310232275,-0.015707963
89,5,0.090320789,0.750055246,0.659734457
89,6,0.376991118,3.418445506,3.041454388
89,7,0.490873852,1.431388153,0.940514301
89,8,0.691150384,0.514435797,-0.176714587
89,9,1.333213382,2.295326133,0.96211275
89,10,0.581194641,0.893390411,0.31219577
89,11,0.773617191,2.18929738,1.41568019
89,12,1.376410281,0.133517688,-1.242892594
89,13,1.132936851,2.746930076,1.613993226
89,14,0.647953485,0.753982237,0.106028752
89,15,0.109955743,2.758711049,2.648755306
89,16,0.789325154,1.211476667,0.422151513
90,1,1.735729941,1.011200135,-0.724529806
90,2,0.883572934,,
90,3,2.267837197,2.375829444,0.107992247
90,4,1.370519795,1.667007602,0.296487807
90,5,1.246819584,1.074031988,-0.172787596
90,6,1.678788574,2.367975463,0.689186888
90,7,1.714131492,1.354811832,-0.35931966
90,8,4.653484118,2.299253123,-2.354230995
90,9,0.805033117,0.946404787,0.141371669
90,10,0.514435797,1.070104998,0.555669201
90,11,2.644828315,0.803069622,-1.841758693
90,12,1.543307391,1.270381529,-0.272925862
90,13,1.855503161,1.829977721,-0.02552544
90,14,1.604175749,3.469496387,1.865320638
90,15,1.427461162,2.444551784,1.017090622
90,16,1.046543053,1.615956721,0.569413668
91,1,0.235619449,1.374446786,1.138827337
91,2,0.159043128,0.805033117,0.645989989
91,3,0.003926991,1.985093858,1.981166867
91,4,5.756968538,2.957024085,-2.799944453
91,5,2.68998871,2.88241126,0.19242255
91,6,4.894994053,0.669551934,-4.225442119
91,7,1.396045235,0.021598449,-1.374446786
91,8,0.750055246,0.820741081,0.070685835
91,9,0.537997742,0.940514301,0.402516559
91,10,4.502294972,7.97964534,3.477350368
91,11,1.209513172,3.19853402,1.989020849
91,12,0.182605073,0.180641578,-0.001963495
91,13,2.688025214,0.494800843,-2.193224371
91,14,3.673699909,1.05636053,-2.61733938
91,15,4.303981935,,
91,16,2.902046214,1.527599428,-1.374446786
92,1,0.537997742,0.581194641,0.043196899
92,2,1.504037483,0.416261027,-1.087776456
92,3,0.647953485,1.189878218,0.541924733
92,4,0.579231146,1.398008731,0.818777585
92,5,1.598285263,0.93658731,-0.661697953
92,6,1.032798585,2.316924582,1.284125997
92,7,1.382300768,0.565486678,-0.81681409
92,8,1.720021978,1.884955592,0.164933614
92,9,2.004728812,1.233075117,-0.771653696
92,10,0.991565181,0.948368282,-0.043196899
92,11,0.294524311,1.525635932,1.231111621
92,12,0.628318531,1.413716694,0.785398163
92,13,1.484402529,0.585121632,-0.899280897
92,14,0.023561945,1.547234382,1.523672437
92,15,,0.712748833,
92,16,0.9837112,2.120575041,1.136863842
93,1,0.96211275,2.503456646,1.541343896
93,2,0.553705705,1.617920217,1.064214511
93,3,1.044579557,0.659734457,-0.3848451
93,4,1.376410281,4.005530633,2.629120352
93,5,0.901244392,1.65915362,0.757909228
93,6,1.074031988,2.155917959,1.08188597
93,7,1.425497667,0.345575192,-1.079922475
93,8,2.786199985,3.157300617,0.371100632
93,9,0.481056375,1.5393804,1.058324025
93,10,1.774999849,3.063052837,1.288052988
93,11,1.435315144,4.724169953,3.288854809
93,12,0.630282026,1.884955592,1.254673566
93,13,0.763799714,1.44120563,0.677405916
93,14,1.737693437,0.184568568,-1.553124868
93,15,1.101520924,0.227765467,-0.873755457
93,16,1.751437904,4.20777066,2.456332756
94,1,1.22718463,3.950552762,2.723368132
94,2,0.714712329,3.575525139,2.86081281
94,3,3.479313864,2.028290757,-1.451023107
94,4,1.344994355,1.144717823,-0.200276532
94,5,0.490873852,0.355392669,-0.135481183
94,6,1.34695785,1.82605073,0.47909288
94,7,0.775580686,0.779507677,0.003926991
94,8,1.083849465,0.329867229,-0.753982237
94,9,1.578650308,0.21794799,-1.360702318
94,10,3.928954312,1.99294784,-1.936006473
94,11,1.136863842,0.852157007,-0.284706834
94,12,1.720021978,0.021598449,-1.698423528
94,13,1.720021978,0.416261027,-1.303760951
94,14,1.439242134,1.578650308,0.139408174
94,15,2.978622535,0.16689711,-2.811725425
94,16,0.587085127,3.231913442,2.644828315
95,1,7.504479451,0.645989989,-6.858489462
95,2,0.826631567,0.547815219,-0.278816348
95,3,5.012803778,0.750055246,-4.262748532
95,4,4.918555998,0.502654825,-4.415901174
95,5,3.836670028,0.278816348,-3.55785368
95,6,,0.565486678,
95,7,1.030835089,2.399391389,1.3685563
95,8,1.727875959,0.653843971,-1.074031988
95,9,0.237582944,0.787361659,0.549778714
95,10,1.335176878,0.375027623,-0.960149255
95,11,1.256637061,1.341067364,0.084430303
95,12,5.98277051,1.896736565,-4.086033945
95,13,1.482439033,1.537416905,0.054977871
95,14,5.491896658,4.569053816,-0.922842842
95,15,0.865901475,5.059927668,4.194026193
95,16,1.580613804,2.177516408,0.596902604
96,1,1.266454538,4.955862411,3.689407873
96,2,1.03476208,3.553926689,2.519164609
96,3,2.460259747,3.544109212,1.083849465
96,4,0.451603944,1.054397034,0.60279309
96,5,1.180060741,2.581996462,1.401935722
96,6,1.749474409,3.312416754,1.562942345
96,7,1.337140373,2.422953334,1.085812961
96,8,1.158462291,2.794053966,1.635591675
96,9,0.850193512,2.053816197,1.203622685
96,10,1.423534171,2.120575041,0.69704087
96,11,0.704894852,3.500912313,2.796017462
96,12,0.689186888,1.985093858,1.29590697
96,13,1.115265392,2.118611546,1.003346154
96,14,1.223257639,1.973312886,0.750055246
96,15,0.954258769,3.999640147,3.045381379
96,16,1.193805208,0.398589568,-0.79521564
97,1,0.253290908,0.903207888,0.64991698
97,2,0.498727834,,
97,3,0.445713458,1.462804079,1.017090622
97,4,0.571377164,1.741620427,1.170243263
97,5,2.375829444,,
97,6,1.914408023,0.206167018,-1.708241005
97,7,0.113882734,1.967422399,1.853539666
97,8,1.339103869,2.743003086,1.403899217
97,9,2.407245371,0.245436926,-2.161808445
97,10,1.435315144,0.484983366,-0.950331778
97,11,1.042616062,0.115846229,-0.926769833
97,12,0.626355035,0.068722339,-0.557632696
97,13,0.814850595,0.875718952,0.060868358
97,14,0.879645943,0.086393798,-0.793252145
97,15,1.845685684,0.043196899,-1.802488785
97,16,1.10348442,0.021598449,-1.08188597
98,1,,0.021598449,
98,2,0.23954644,0.007853982,-0.231692458
98,3,1.286089493,0.023561945,-1.262527548
98,4,1.39408174,1.443169125,0.049087385
98,5,0.677405916,0.424115008,-0.253290908
98,6,0.441786467,0.728456797,0.28667033
98,7,0.247400421,0.231692458,-0.015707963
98,8,1.494220006,,
98,9,0.092284284,2.197151362,2.104867078
98,10,0.045160394,1.026908099,0.981747704
98,11,0.168860605,,
98,12,0.021598449,,
98,13,1.568832831,0.212057504,-1.356775327
98,14,0.640099503,0.043196899,-0.596902604
98,15,0.186532064,0.400553063,0.214021
98,16,0.027488936,0.591012118,0.563523182
99,1,1.268418034,4.822344723,3.553926689
99,2,2.022400271,3.489131341,1.46673107
99,3,1.433351648,4.144938807,2.711587159
99,4,0.484983366,1.89870006,1.413716694
99,5,2.055779693,2.858849315,0.803069622
99,6,1.566869336,0.594939109,-0.971930227
99,7,1.743583923,1.458877089,-0.284706834
99,8,0.846266521,1.174170254,0.327903733
99,9,1.884955592,2.552544031,0.667588439
99,10,1.449059611,,
99,11,1.651299639,1.191841713,-0.459457926
99,12,2.079341638,3.997676652,1.918335014
99,13,3.428262983,,
99,14,0.797179136,,
99,15,2.336559536,2.534872572,0.198313036
99,16,1.696460033,2.114684555,0.418224522
100,1,4.252931055,0.973893723,-3.279037332
100,2,1.366592804,0.604756586,-0.761836218
100,3,1.036725576,1.193805208,0.157079633
100,4,0.447676953,0.699004365,0.251327412
100,5,0.903207888,3.373285112,2.470077224
100,6,1.278235511,1.720021978,0.441786467
100,7,1.482439033,1.231111621,-0.251327412
100,8,0.19242255,3.665845928,3.473423378
100,9,0.496764338,1.61202973,1.115265392
100,10,0.447676953,1.939933464,1.49225651
100,11,2.195187867,3.184789553,0.989601686
100,12,1.678788574,2.477931206,0.799142631
100,13,0.708821842,1.327322896,0.618501054
100,14,1.745547418,1.794634803,0.049087385
100,15,0.881609438,1.930115987,1.048506548
100,16,0.691150384,1.627737694,0.93658731
101,1,,1.733766446,
101,2,0.09817477,1.447096116,1.348921346
101,3,0.471238898,1.115265392,0.644026494
101,4,1.356775327,1.553124868,0.196349541
101,5,1.024944603,1.947787445,0.922842842
101,6,0.492837348,3.551963194,3.059125846
101,7,0.33772121,0.871791961,0.534070751
101,8,0.180641578,0.117809725,-0.062831853
101,9,0.200276532,0.706858347,0.506581815
101,10,1.388191254,0.325940238,-1.062251016
101,11,0.563523182,0.659734457,0.096211275
101,12,0.824668072,1.555088364,0.730420292
101,13,1.651299639,2.026327262,0.375027623
101,14,0.329867229,5.682355712,5.352488484
101,15,1.73180295,0.995492172,-0.736310778
101,16,0.206167018,0.903207888,0.69704087
102,1,1.621847207,3.656028451,2.034181243
102,2,1.812306262,3.041454388,1.229148126
102,3,2.030254252,2.100940087,0.070685835
102,4,0.139408174,2.74103959,2.601631416
102,5,0.07264933,4.005530633,3.932881303
102,6,0.16689711,0.728456797,0.561559687
102,7,2.580032967,0.746128255,-1.833904712
102,8,2.252129234,3.233876938,0.981747704
102,9,3.936808294,2.976659039,-0.960149255
102,10,1.003346154,3.834706533,2.831360379
102,11,1.315541924,2.603594912,1.288052988
102,12,3.656028451,2.130392518,-1.525635932
102,13,1.386227758,3.962333734,2.576105976
102,14,1.570796327,3.481277359,1.910481032
102,15,1.936006473,2.682134728,0.746128255
102,16,2.040071729,4.443390109,2.40331838
103,1,0.139408174,0.964076246,0.824668072
103,2,0.043196899,1.953677931,1.910481032
103,3,0.159043128,0.461421421,0.302378293
103,4,0.333794219,0.296487807,-0.037306413
103,5,0.510508806,0.003926991,-0.506581815
103,6,1.49225651,0.088357293,-1.403899217
103,7,0.115846229,5.28965663,5.173810401
103,8,1.244856089,0.001963495,-1.242892594
103,9,1.584540795,0.151189146,-1.433351648
103,10,0.679369411,0.068722339,-0.610647072
103,11,0.327903733,0.182605073,-0.14529866
103,12,0.11977322,0.881609438,0.761836218
103,13,0.170824101,0.276852853,0.106028752
103,14,0.367173641,0.184568568,-0.182605073
103,15,0.300414797,0.323976742,0.023561945
103,16,0.404480054,0.783434668,0.378954614
