SITE,PLOT,pH1971,pH resurvey
84,13,3.6,2.929
17,6,3.4,3.16
84,16,3.4,3.289
84,14,3.4,3.3
84,5,3.3,3.416
30,9,3.2,3.5
102,12,3.2,3.6
90,16,3.4,3.534
102,13,3.3,3.6
102,16,3.5,3.5
84,1,3.2,3.796
84,10,3.5,3.612
84,4,3.4,3.687
90,14,3.2,3.888
17,4,4.1,3.083
37,16,3.8,3.407
49,3,3.7,3.54
102,3,3.5,3.7
94,14,3.5,3.8
84,8,3.4,3.934
45,14,3.7,3.638
17,5,3.6,3.678
84,2,3.6,3.696
89,14,3.6,3.7
84,7,4,3.414
49,4,3.8,3.568
102,10,3.8,3.6
45,11,3.8,3.649
49,7,3.7,3.665
4,4,3.7,3.671
102,2,3.7,3.7
58,10,3.7,3.703
90,13,3.7,3.731
88,7,3.6,3.8
32,12,3.5,3.9
14,9,3.5,3.936
84,11,3.4,3.991
32,4,3.4,4
89,2,3.8,3.7
52,14,3.8,3.7
102,5,3.7,3.8
32,7,3.7,3.8
32,1,3.6,3.9
89,11,3.6,3.9
88,9,3.6,3.9
88,12,3.6,3.9
101,1,3.5,3.996
102,4,3.5,4
102,1,3.5,4
94,15,3.4,4.1
84,9,3.4,4.149
90,7,3.3,4.17
100,13,3.3,4.2
54,9,3.9,3.681
64,13,3.8,3.762
32,14,3.8,3.8
88,5,3.7,3.9
14,4,3.5,4.055
14,14,3.5,4.056
100,5,3.5,4.1
90,15,3.5,4.134
14,11,3.5,4.138
30,8,3.5,4.146
100,16,3.4,4.2
91,11,3.4,4.2
102,11,3.4,4.2
98,4,4.3,3.369
49,8,4.1,3.58
90,9,3.9,3.786
52,15,3.9,3.8
3,10,3.8,3.888
32,10,3.8,3.9
52,4,3.8,3.9
69,1,3.6,4.075
32,9,3.6,4.1
88,16,3.6,4.1
88,15,3.6,4.1
3,13,3.6,4.144
94,6,3.4,4.3
62,5,4.4,3.303
85,3,4,3.666
52,1,4,3.7
92,9,3.7,4.039
64,16,3.5,4.178
16,5,3.5,4.2
14,6,3.5,4.212
101,2,3.5,4.228
69,12,3.5,4.23
17,2,4.1,3.685
75,6,4.1,3.74
45,13,3.9,3.854
72,16,3.9,3.898
52,3,3.9,3.9
88,14,3.9,3.9
64,15,3.8,3.995
88,3,3.8,4
88,11,3.8,4
100,6,3.8,4
100,2,3.8,4
36,10,3.8,4.02
88,10,3.7,4.1
99,6,3.7,4.1
79,16,3.7,4.1
39,11,3.5,4.264
44,1,3.5,4.277
88,13,3.5,4.3
94,3,3.5,4.3
30,10,3.5,4.331
14,1,3.5,4.34
32,6,3.6,4.2
94,16,3.6,4.2
85,4,3.6,4.21
30,1,3.6,4.213
52,10,4.1,3.8
52,7,4.1,3.8
32,15,3.8,4.1
16,10,3.8,4.1
32,16,3.8,4.1
100,3,3.8,4.1
2,9,3.8,4.1
100,15,3.8,4.1
36,15,3.8,4.132
42,16,3.8,4.145
90,6,3.3,4.625
54,5,4.3,3.62
14,8,4.2,3.701
49,9,4,3.89
44,11,4,3.897
45,8,4,3.899
83,4,4,3.902
86,10,4,3.906
49,6,3.9,3.955
89,1,3.9,4
32,5,3.9,4
100,1,3.9,4
88,4,3.9,4
90,5,3.9,4.03
37,1,3.7,4.156
14,5,3.7,4.167
99,1,3.7,4.2
61,7,3.7,4.234
85,12,3.6,4.255
86,2,3.6,4.273
2,5,3.6,4.3
102,14,3.6,4.3
2,14,3.6,4.3
54,8,4.5,3.457
45,9,4.4,3.591
64,7,4.3,3.668
14,16,4.3,3.741
52,6,4.1,3.9
69,14,4,3.973
84,12,4,3.979
86,7,4,3.987
74,5,4,4.016
64,8,4,4.033
37,7,3.9,4.078
16,16,3.9,4.1
32,3,3.9,4.1
48,3,3.9,4.1
32,8,3.9,4.1
89,6,3.9,4.1
94,7,3.9,4.1
92,10,3.9,4.105
47,1,3.9,4.113
37,10,3.9,4.121
3,16,3.8,4.167
35,7,3.8,4.167
32,2,3.8,4.2
89,4,3.8,4.2
35,6,3.8,4.233
95,11,3.7,4.266
84,3,3.7,4.283
32,13,3.7,4.3
88,6,3.7,4.3
14,13,3.7,4.322
49,5,3.6,4.37
72,15,3.6,4.422
30,11,3.6,4.447
91,1,3.5,4.5
64,12,3.4,4.562
37,3,3.4,4.57
49,10,4.3,3.772
26,7,4.3,3.798
14,7,4.3,3.817
90,10,4.3,3.822
77,6,4.2,3.878
52,8,4.2,3.9
62,9,4.2,3.913
64,5,4.2,3.946
51,9,4.1,3.978
82,13,4.1,4
82,16,4.1,4
52,13,4.1,4
52,5,4.1,4
53,8,4.1,4
75,8,4.1,4.022
86,1,4.1,4.023
95,13,4,4.084
95,4,4,4.093
16,11,4,4.1
80,7,4,4.1
91,10,4,4.1
45,12,4,4.104
67,9,4,4.108
62,1,4,4.112
76,11,3.9,4.157
85,16,3.9,4.191
58,11,3.9,4.198
58,12,3.9,4.244
89,10,3.8,4.3
69,7,3.8,4.307
72,1,3.8,4.347
94,8,3.6,4.5
13,5,3.6,4.5
2,11,3.6,4.5
95,6,3.6,4.528
84,15,3.4,4.74
99,16,3.7,4.4
37,5,4.4,3.775
1,1,4.4,3.8
83,1,4.4,3.846
1,4,4.3,3.9
1,2,4.3,3.9
89,9,4.3,3.9
52,2,4.3,3.9
49,2,4.3,3.911
62,7,4.3,3.917
1,13,4.2,4
89,16,4.2,4
13,13,4.2,4
97,16,4.2,4.024
28,13,4.2,4.031
86,15,4.1,4.054
62,2,4.1,4.07
16,3,4.1,4.1
16,9,4.1,4.1
79,11,4.1,4.1
1,6,4.1,4.1
56,15,4.1,4.119
85,5,4,4.161
11,15,4,4.2
16,2,4,4.2
11,7,4,4.2
2,3,4,4.2
13,16,4,4.2
2,16,4,4.2
76,12,4,4.201
54,1,4,4.213
73,1,4,4.225
28,1,4,4.246
58,3,3.9,4.268
82,12,3.9,4.3
89,5,3.9,4.3
73,12,3.9,4.334
39,13,3.8,4.373
92,7,3.8,4.377
100,12,3.8,4.4
53,5,3.8,4.4
2,10,3.8,4.4
86,11,3.7,4.473
90,12,3.7,4.526
78,1,3.6,4.569
100,10,3.6,4.6
76,15,3.6,4.619
32,11,3.5,4.7
16,15,3.4,4.8
77,13,4.8,3.533
97,13,4.5,3.75
51,1,4.3,4.033
95,9,4.2,4.079
15,2,4.2,4.094
80,3,4.2,4.1
96,10,4.2,4.115
87,2,4.2,4.124
1,8,4.1,4.2
100,4,4.1,4.2
95,16,4.1,4.203
86,16,4,4.278
48,11,4,4.3
99,8,4,4.3
36,8,4,4.317
90,8,4,4.319
56,10,4,4.349
86,13,3.9,4.429
26,12,3.9,4.44
30,7,3.9,4.449
39,12,3.8,4.475
90,3,3.8,4.495
100,14,3.8,4.5
73,2,3.8,4.506
87,1,3.8,4.508
101,11,3.8,4.516
14,2,3.7,4.594
50,16,3.7,4.627
91,8,3.5,4.8
67,15,3.1,5.232
64,4,4.6,3.801
54,16,4.3,4.055
89,12,4.3,4.1
78,8,4.3,4.107
37,14,4.3,4.13
78,16,4.3,4.131
81,3,4.3,4.148
86,9,4.1,4.274
87,6,4.1,4.317
86,12,4.1,4.345
37,11,3.8,4.555
86,6,3.8,4.589
73,5,3.8,4.594
52,9,3.8,4.6
100,11,3.8,4.6
79,14,3.8,4.6
3,4,3.8,4.611
44,10,3.8,4.62
69,15,3.8,4.644
97,6,4.5,3.904
14,15,4.5,3.919
1,15,4.4,4
52,12,4.4,4
83,3,4.4,4.039
77,10,4.2,4.167
85,2,4.2,4.171
76,4,4.2,4.191
13,12,4.2,4.2
48,4,4.2,4.2
56,11,4.2,4.209
45,10,4.2,4.229
62,4,4.2,4.232
30,14,4,4.354
85,11,4,4.364
95,15,4,4.365
87,3,4,4.378
95,7,4,4.388
16,7,4,4.4
29,11,4,4.4
79,7,4,4.4
100,9,4,4.4
2,15,4,4.4
39,2,4,4.42
72,12,4,4.443
86,3,3.9,4.461
1,5,3.9,4.5
94,5,3.9,4.5
91,4,3.9,4.5
101,3,3.7,4.7
95,2,3.6,4.798
2,13,3.5,4.9
39,5,3.4,5.041
54,7,4.6,3.879
76,14,4.5,3.961
78,9,4.5,3.983
95,14,4.5,3.986
13,4,4.5,4
80,15,4.5,4
80,12,4.5,4
88,1,4.5,4
97,9,4.5,4.004
93,5,4.5,4.033
67,6,4.4,4.063
86,14,4.4,4.09
78,15,4.4,4.098
11,9,4.4,4.1
101,5,4.4,4.124
69,9,4.3,4.166
1,7,4.3,4.2
29,6,4.3,4.2
52,16,4.3,4.2
52,11,4.3,4.2
80,4,4.3,4.2
48,5,4.3,4.2
48,12,4.3,4.2
85,9,4.3,4.207
14,10,4.3,4.219
49,11,4.3,4.224
73,4,4.3,4.233
54,13,4.2,4.294
85,7,4.2,4.295
1,3,4.2,4.3
89,3,4.2,4.3
95,3,4.2,4.345
74,4,4.1,4.359
86,4,4.1,4.371
78,12,4.1,4.381
73,8,4.1,4.397
82,10,4.1,4.4
89,7,4.1,4.4
89,15,4.1,4.4
42,2,4.1,4.403
95,5,4.1,4.435
2,8,4,4.5
30,5,4,4.509
85,10,4,4.515
43,11,4,4.518
95,1,4,4.525
89,13,3.9,4.6
94,11,3.9,4.6
77,8,3.9,4.6
3,15,3.8,4.72
42,7,3.5,4.979
102,9,3.3,5.2
97,12,4.6,3.962
5,5,4.6,4
16,4,4.6,4
17,8,4.5,4.076
64,9,4.5,4.149
38,13,4.3,4.298
80,8,4.3,4.3
1,16,4.3,4.3
54,12,4.3,4.328
49,1,4.1,4.477
86,5,4.1,4.478
61,5,4.1,4.484
30,3,4.1,4.484
37,13,4.1,4.497
16,1,4.1,4.5
13,11,4.1,4.5
16,12,4.1,4.5
76,16,4.1,4.501
86,8,4.1,4.509
95,12,4.1,4.527
40,1,4,4.552
96,1,4,4.571
72,11,4,4.571
91,6,4,4.6
87,4,4,4.616
73,9,4,4.617
21,16,3.9,4.7
15,12,3.9,4.704
38,6,3.9,4.722
30,13,3.9,4.742
88,8,3.4,5.2
76,9,4.4,4.174
74,15,4.4,4.18
43,14,4.4,4.189
76,13,4.4,4.199
1,11,4.4,4.2
79,6,4.4,4.2
2,2,4.4,4.2
85,8,4.2,4.366
82,9,4.2,4.4
94,10,4.2,4.4
82,1,4.2,4.4
45,16,4.2,4.445
37,15,5.1,3.647
5,3,4.7,4
5,4,4.7,4
64,6,4.6,4.059
74,8,4.5,4.186
54,3,4.4,4.279
73,11,4.4,4.297
79,13,4.4,4.3
67,14,4.4,4.31
92,5,4.4,4.313
93,16,4.4,4.343
81,2,4.3,4.388
13,14,4.3,4.4
13,15,4.3,4.4
72,8,4.3,4.411
76,6,4.3,4.423
73,7,4.3,4.43
87,10,4.2,4.463
87,15,4.2,4.467
30,12,4.2,4.488
85,1,4.2,4.515
87,8,4.2,4.521
45,2,4.2,4.527
73,15,4.2,4.539
72,5,4.1,4.584
85,6,4.1,4.604
73,16,4.1,4.645
78,13,4,4.654
30,6,4,4.678
38,11,4,4.688
77,14,4,4.7
91,13,4,4.7
26,4,4,4.706
78,5,4,4.719
30,4,3.8,4.875
42,4,3.8,4.895
76,3,3.7,4.966
102,15,3.6,5.1
69,16,3,5.666
74,7,5,3.825
11,4,4.8,4
95,8,4.7,4.149
92,13,4.6,4.189
82,8,4.6,4.2
2,4,4.6,4.2
97,14,4.5,4.253
56,12,4.5,4.277
6,1,4.5,4.3
36,3,4.5,4.32
87,14,4.5,4.342
56,14,4.5,4.344
67,13,4.5,4.349
91,7,4.4,4.4
93,4,4.4,4.405
64,10,4.4,4.407
28,2,4.4,4.419
72,9,4.3,4.451
50,13,4.3,4.458
85,14,4.3,4.479
82,11,4.3,4.5
11,13,4.3,4.5
23,1,4.3,4.5
99,11,4.3,4.5
78,14,4.3,4.528
18,1,4.2,4.562
6,7,4.2,4.6
64,2,4.2,4.604
76,5,4.2,4.613
43,15,4.2,4.618
58,9,4.1,4.651
43,10,4.1,4.7
48,16,4.1,4.7
61,15,4.1,4.717
67,7,4,4.766
61,4,3.9,4.854
3,6,3.9,4.861
64,3,3.8,4.952
70,4,3.8,5.031
84,6,3.5,5.276
99,5,3.5,5.3
2,12,3.5,5.3
15,3,3.4,5.394
97,11,5.1,3.818
51,16,4.8,4.065
76,8,4.8,4.112
77,16,4.8,4.134
83,7,4.6,4.293
89,8,4.6,4.3
96,15,4.6,4.329
73,13,4.3,4.582
97,15,4.3,4.598
82,2,4.3,4.6
29,10,4.3,4.6
81,4,4.3,4.612
30,15,4.3,4.613
78,6,4.3,4.637
78,10,4.3,4.639
70,3,4.1,4.752
82,14,4.1,4.8
56,13,4.1,4.815
51,10,4.1,4.834
73,3,4.1,4.837
42,8,3.8,5.055
16,13,3.8,5.1
54,6,4.9,3.983
11,6,4.9,4
96,6,4.5,4.362
38,16,4.5,4.362
82,15,4.5,4.4
93,3,4.4,4.474
87,13,4.4,4.493
43,12,4.2,4.687
36,16,4.2,4.714
51,11,4.2,4.718
73,14,4.2,4.744
42,1,4.2,4.744
77,15,4,4.88
61,2,4,4.934
45,5,3.9,5.01
67,16,3.7,5.199
94,9,3.6,5.3
39,15,3.6,5.31
102,8,3.5,5.4
94,4,3.5,5.4
44,13,5.4,3.583
101,8,5,4.016
54,4,5,4.039
38,12,4.9,4.148
97,7,4.8,4.161
74,9,4.8,4.171
96,14,4.8,4.201
81,9,4.8,4.222
80,10,4.7,4.3
54,14,4.6,4.413
3,3,4.6,4.439
93,8,4.5,4.451
79,9,4.5,4.5
62,12,4.3,4.69
79,10,4.3,4.7
61,13,4.3,4.703
51,12,4.3,4.707
18,7,4.2,4.754
63,12,4.2,4.757
99,9,4.2,4.8
59,6,4.2,4.812
72,2,4.1,4.879
29,5,4,5
91,2,4,5
76,7,4,5.013
64,11,3.6,5.397
97,10,5.3,3.79
98,16,5.2,3.864
51,14,5.2,3.912
3,8,5,4.053
61,12,4.8,4.255
62,14,4.8,4.271
67,8,4.8,4.276
29,8,4.8,4.3
93,2,4.6,4.478
82,3,4.6,4.5
87,11,4.6,4.517
60,4,4.6,4.541
72,13,4.6,4.544
81,6,4.5,4.561
81,5,4.5,4.568
57,12,4.5,4.575
59,5,4.3,4.762
78,7,4.3,4.765
77,11,4.3,4.787
68,9,4.3,4.803
85,15,4.1,5.046
78,2,4,5.145
1,12,3.9,5.2
61,6,3.9,5.235
45,4,3.4,5.7
80,5,4.9,4.2
37,8,4.9,4.221
14,12,4.7,4.355
56,9,4.7,4.389
96,16,4.7,4.39
11,12,4.7,4.4
18,2,4.4,4.666
51,3,4.4,4.667
3,7,4.4,4.678
96,2,4.4,4.688
78,3,4.4,4.696
16,14,4.4,4.7
71,5,4.4,4.7
51,8,4.4,4.702
26,8,4.2,4.859
54,10,4.2,4.903
64,1,4.2,4.916
39,14,3.7,5.405
77,5,5.2,3.967
54,15,5.1,4.083
94,1,5,4.2
101,4,5,4.209
68,11,4.9,4.34
69,3,4.9,4.344
74,3,4.8,4.387
16,6,4.8,4.4
51,6,4.8,4.405
57,4,4.8,4.421
57,1,4.7,4.471
58,6,4.7,4.472
50,10,4.7,4.485
99,2,4.6,4.6
61,14,4.5,4.657
96,9,4.5,4.661
78,11,4.5,4.675
18,3,4.5,4.683
56,3,4.5,4.69
50,11,4.4,4.763
96,4,4.4,4.775
28,4,4.4,4.783
42,3,4.2,5.035
47,7,4,5.172
83,8,4,5.18
69,8,3.9,5.324
63,15,3.8,5.435
42,13,3.8,5.438
92,11,5.2,4.071
18,4,5,4.346
61,11,4.9,4.363
76,10,4.9,4.404
74,10,4.9,4.44
29,15,4.8,4.5
72,7,4.8,4.513
54,11,4.8,4.521
25,12,4.7,4.6
72,14,4.6,4.673
79,5,4.6,4.7
67,11,4.5,4.758
30,16,4.5,4.775
13,9,4.5,4.8
1,10,4.5,4.8
78,4,4.5,4.822
63,10,4.5,4.824
96,13,4.5,4.847
91,12,4.4,4.9
74,2,4.4,4.936
68,5,4.4,4.948
77,9,4.2,5.065
71,13,4.2,5.1
42,6,4.1,5.151
91,14,4.1,5.2
39,4,4,5.279
91,16,4,5.3
39,9,3.9,5.369
47,8,3.9,5.37
69,11,3.9,5.408
67,3,3.9,5.445
38,2,5.1,4.261
48,6,5.1,4.3
71,8,5.1,4.3
79,4,5.1,4.3
48,13,5.1,4.3
96,3,5.1,4.319
97,1,4.8,4.602
15,16,4.8,4.604
18,5,4.8,4.612
56,2,4.6,4.819
51,5,4.6,4.838
83,5,4.3,5.113
37,12,4.1,5.28
99,3,3.8,5.6
5,16,5.4,4
51,15,5.2,4.162
87,12,5.2,4.223
56,16,4.9,4.494
51,13,4.9,4.495
29,4,4.9,4.5
11,14,4.9,4.5
67,1,4.5,4.854
56,1,4.5,4.928
37,6,4.4,4.984
79,12,4.4,5
80,13,4.2,5.2
45,6,4.2,5.248
37,4,4,5.371
100,7,4,5.4
63,1,3.7,5.688
94,13,3.7,5.7
39,10,3.5,5.936
77,7,5.7,3.823
75,7,5.6,3.885
61,10,5.6,3.949
11,8,5.2,4.3
59,15,5.2,4.338
14,3,5.1,4.395
11,3,5.1,4.4
96,7,5,4.463
21,15,5,4.5
67,5,4.9,4.586
8,9,4.9,4.6
11,11,4.9,4.6
72,10,4.8,4.66
77,4,4.8,4.663
50,1,4.8,4.7
38,10,4.8,4.718
41,7,4.8,4.729
43,13,4.7,4.767
59,4,4.6,4.9
45,15,4.6,4.932
75,9,4.6,4.936
18,6,4.6,4.945
6,16,4.5,5
21,8,4.5,5
87,7,4.5,5.01
61,8,4.4,5.055
87,16,4.4,5.093
67,12,4.3,5.187
80,11,4.3,5.2
15,5,4,5.473
76,1,4,5.491
92,4,4,5.509
42,5,3.9,5.631
92,8,3.6,5.945
69,2,5.7,3.896
61,9,5.6,4.027
58,7,5.5,4.118
92,15,5.1,4.494
26,6,5.1,4.548
51,4,5,4.599
11,5,5,4.6
71,11,5,4.6
51,7,5,4.617
94,2,4.8,4.8
68,2,4.8,4.828
66,1,4.6,4.961
62,8,4.3,5.276
96,8,4.3,5.291
28,9,4.1,5.5
69,13,3.9,5.743
44,16,3.6,5.995
74,12,5.4,4.243
79,1,4.9,4.7
79,8,4.9,4.7
26,2,4.9,4.707
72,4,4.7,4.881
41,11,4.7,4.895
6,6,4.7,4.9
69,4,4.7,4.91
56,5,4.7,4.943
93,14,4.4,5.168
59,9,4.4,5.216
76,2,4.2,5.354
23,4,4.2,5.4
62,6,4.2,5.446
93,15,5.5,4.23
61,1,5.4,4.308
11,1,5.2,4.5
71,2,5.2,4.5
98,1,5.2,4.547
73,10,5.1,4.557
41,4,5.1,4.603
82,6,5,4.7
74,14,5,4.719
77,2,5,4.735
56,4,4.9,4.792
92,16,4.8,4.891
6,4,4.8,4.9
71,14,4.8,4.9
50,14,4.8,4.912
83,12,4.8,4.926
26,11,4.8,4.928
11,2,4.7,5
23,16,4.7,5
28,12,4.7,5
48,1,4.7,5
48,2,4.7,5
59,16,4.7,5.004
96,11,4.6,5.058
96,5,4.6,5.143
66,15,4.5,5.155
93,1,4.5,5.184
71,12,4.5,5.2
74,1,4.4,5.293
97,4,4.4,5.298
79,15,4.4,5.3
77,12,4.4,5.315
58,5,4.3,5.353
42,12,4.1,5.62
94,12,3.9,5.8
74,13,5.9,3.924
17,11,5.6,4.182
58,14,5.6,4.196
97,8,5.6,4.211
98,6,5.2,4.569
71,6,5.1,4.7
68,10,5,4.791
83,6,5,4.815
38,15,5,4.838
26,10,5,4.847
51,2,4.8,4.97
62,11,4.8,4.987
33,4,4.8,5
59,10,4.8,5.02
75,15,4.8,5.045
23,13,4.7,5.1
17,9,4.7,5.129
58,15,4.7,5.135
83,11,4.7,5.144
11,16,4.6,5.2
71,4,4.6,5.2
68,7,4.5,5.258
99,15,4.5,5.3
25,13,4.5,5.3
44,12,4.4,5.386
42,14,4.4,5.429
99,4,4.1,5.7
59,14,5.3,4.625
70,13,5.1,4.815
38,1,5.1,4.823
50,4,5.1,4.829
68,6,4.8,5.091
23,15,4.8,5.1
45,7,4.8,5.13
66,16,4.6,5.282
39,8,4.3,5.554
23,3,4.3,5.6
29,9,4.3,5.6
82,5,5.4,4.5
59,11,5.2,4.653
36,5,5.2,4.699
36,13,5,4.894
69,5,5,4.932
6,13,4.9,5
18,14,4.9,5.019
26,15,4.5,5.387
98,2,4.5,5.4
62,13,4.5,5.435
66,6,4.5,5.443
62,3,4.4,5.531
83,9,4.2,5.675
58,13,4.2,5.681
80,2,6,4
75,11,5.9,4.069
100,8,5.3,4.7
87,5,5.3,4.706
92,2,5.2,4.78
74,6,5.1,4.9
59,13,5,4.957
36,12,4.9,5.071
23,2,4.9,5.1
83,10,4.8,5.183
38,4,4.7,5.272
83,14,4.7,5.28
101,6,4.7,5.293
67,4,4.7,5.311
40,8,4.7,5.346
97,2,4.6,5.356
6,15,4.5,5.5
92,6,4.5,5.547
17,7,4.4,5.635
36,7,4.3,5.698
29,13,4.3,5.7
44,14,3.4,6.621
37,9,5.5,4.618
81,13,5.1,5
2,1,5.1,5
18,15,5.1,5.014
11,10,5,5.1
6,12,5,5.1
83,2,5,5.101
81,15,5,5.122
75,10,5,5.131
101,13,4.8,5.277
42,9,4.8,5.299
1,9,4.8,5.3
58,1,4.8,5.302
90,1,4.8,5.311
68,8,4.8,5.333
39,7,4.6,5.496
41,10,4.6,5.533
39,1,3.9,6.211
57,16,5.4,4.676
3,9,5.2,4.877
66,8,5.2,4.893
43,16,4.9,5.183
57,14,4.9,5.203
59,3,4.7,5.38
6,14,4.7,5.4
21,13,4.7,5.4
47,2,4.4,5.727
57,9,4.2,5.857
44,3,4.2,5.878
53,11,6.2,4
1,14,6.1,4.1
26,16,5.9,4.285
93,12,5.6,4.606
33,3,5.5,4.7
41,15,5.5,4.732
66,12,5.5,4.743
66,5,5.4,4.804
41,12,5.3,4.918
71,10,5.2,5
47,9,5.1,5.136
18,16,5,5.155
15,9,5,5.223
38,8,4.9,5.295
80,9,4.9,5.3
46,13,4.9,5.301
93,13,4.8,5.355
3,5,4.8,5.397
8,7,4.8,5.4
23,10,4.8,5.4
15,13,4.7,5.453
6,10,4.7,5.5
75,4,4.7,5.526
15,10,4.5,5.72
50,5,4.4,5.78
83,15,4.3,5.893
4,15,4.2,5.958
90,4,4.1,6.075
49,13,6.5,3.769
70,5,5.9,4.392
80,6,5.8,4.5
40,7,5.7,4.597
47,3,5.6,4.699
66,14,5.4,4.932
8,8,5.3,5
10,10,5.3,5
90,11,5.3,5.02
21,9,5.2,5.1
38,14,5.2,5.101
19,11,5.1,5.154
63,6,5.1,5.227
23,14,5,5.3
26,9,4.9,5.353
40,12,4.9,5.359
92,14,4.9,5.392
43,3,4.9,5.4
3,1,4.8,5.472
2,7,4.8,5.5
98,5,4.8,5.541
6,5,4.7,5.6
6,8,4.7,5.6
37,2,4.5,5.757
64,14,4.4,5.91
69,10,4.4,5.928
43,4,4.3,6.034
36,2,4,6.277
66,7,5.8,4.631
41,2,5.6,4.757
80,16,5.3,5.1
87,9,4.6,5.824
10,1,3.8,6.6
4,16,3.8,6.637
48,14,6.2,4.2
49,12,5.9,4.474
81,16,5.5,4.881
45,3,5.4,4.985
69,6,5.4,5.006
72,3,5.4,5.03
75,5,5.2,5.225
41,5,5,5.371
62,16,5,5.385
67,10,5,5.39
18,13,5,5.424
40,15,5,5.449
8,13,4.9,5.5
23,12,4.9,5.5
18,9,4.7,5.672
35,5,6.2,4.29
68,14,5.6,4.925
81,8,5.5,4.99
50,3,5.5,5.032
66,2,5.4,5.093
93,6,5.4,5.116
50,2,5.3,5.195
71,15,5.3,5.2
88,2,5.3,5.2
71,3,5.2,5.3
8,4,5.1,5.4
3,12,5.1,5.41
75,3,5.1,5.44
74,11,4.9,5.563
8,10,4.9,5.6
102,6,4.8,5.7
43,2,4.5,6.022
28,11,4.4,6.054
83,13,4.4,6.063
36,9,4,6.473
36,11,4,6.54
61,16,6,4.628
47,11,6,4.632
67,2,6,4.636
50,9,5.6,4.991
23,5,5.6,5
48,8,5.6,5
77,3,5.3,5.304
46,9,5.3,5.343
7,14,5,5.606
59,2,5,5.617
50,6,4.6,6.007
50,12,4.5,6.083
5,7,5.9,4.7
26,13,5.9,4.701
81,14,5.4,5.22
63,11,5.2,5.36
66,4,5.2,5.431
40,2,4.9,5.652
60,10,4.9,5.662
18,11,4.9,5.69
57,10,4.9,5.7
98,3,4.7,5.903
53,2,4.2,6.4
58,8,6.1,4.562
8,12,5.6,5.1
59,7,5.5,5.223
23,9,5.3,5.4
101,16,5.2,5.468
75,2,5.2,5.496
98,10,5.2,5.5
26,14,5.1,5.553
71,7,5.1,5.6
57,15,5,5.694
8,11,5,5.7
97,3,5,5.736
57,6,5,5.741
56,7,5,5.741
50,7,4.9,5.812
81,1,4.8,5.939
96,12,4.7,5.975
44,8,4.4,6.252
44,2,4.3,6.365
48,15,4.3,6.4
15,11,4.2,6.472
35,4,6.5,4.268
36,6,6.4,4.418
92,1,5.9,4.909
5,13,5.6,5.2
41,6,5.6,5.201
41,13,5.6,5.249
35,1,5.5,5.278
72,6,5.5,5.324
59,12,5.4,5.376
92,12,5.4,5.445
101,15,5.3,5.472
3,11,5.3,5.517
13,8,5.2,5.6
23,8,5.2,5.6
8,14,5.1,5.7
18,10,5.1,5.746
63,13,5,5.761
42,11,4.9,5.867
68,1,4.9,5.911
71,9,4.8,6
62,10,4.8,6.004
56,8,4.8,6.048
38,3,4.7,6.148
15,4,4.4,6.386
18,8,4.3,6.493
80,14,5.8,5.1
47,4,5.8,5.12
50,8,4.8,6.064
57,11,4.8,6.123
17,1,7.5,3.444
21,14,6,4.9
98,9,5.5,5.375
101,12,5.4,5.483
4,8,5.4,5.486
75,13,5.2,5.664
47,16,5.2,5.675
8,6,5.2,5.7
6,9,5,5.9
46,15,4.7,6.187
15,14,4.7,6.198
57,3,4.2,6.683
46,12,7,3.993
41,1,6.3,4.707
4,13,6.1,4.891
75,1,5.9,5.116
62,15,5.6,5.402
70,12,5.6,5.444
40,16,5.5,5.522
43,7,5.2,5.752
43,5,5.2,5.779
101,14,5.2,5.806
7,15,5.2,5.813
63,5,5.1,5.916
10,12,5,6
40,10,5,6.044
41,9,4.7,6.346
98,13,4.6,6.4
36,1,6.5,4.571
102,7,6,5.1
21,3,5.8,5.3
85,13,5.8,5.331
28,5,4.6,6.501
15,8,4.3,6.758
4,14,4,7.119
98,7,6.2,4.887
93,9,5.4,5.712
47,15,5.4,5.732
39,6,5.2,5.905
30,2,5.2,5.929
41,16,4.9,6.163
93,10,6.2,4.994
41,3,6.1,5.085
66,3,5.9,5.339
8,3,5.8,5.4
7,2,5.6,5.563
47,12,5.6,5.572
66,11,5.6,5.577
21,7,5.5,5.7
40,9,5.5,5.731
43,6,5.4,5.8
25,15,5.4,5.8
43,1,5.2,5.97
68,13,5.2,5.974
40,13,5.1,6.065
19,12,5.1,6.131
68,3,5,6.157
20,5,5,6.16
21,12,5,6.2
15,6,5,6.238
49,14,4.9,6.282
5,6,4.9,6.3
53,10,4.8,6.4
68,12,4.8,6.411
23,6,4.6,6.6
54,2,4.3,6.94
9,16,7.5,3.761
4,3,6.6,4.662
36,4,6.4,4.9
75,14,6,5.304
70,10,5.9,5.44
75,12,5.8,5.492
3,2,5.8,5.505
43,8,5.7,5.61
7,5,5.6,5.652
63,3,5.6,5.655
36,14,5.4,5.858
93,7,5.4,5.901
91,9,5.2,6.1
56,6,5.2,6.139
21,10,5,6.3
44,6,5,6.317
47,10,5,6.324
68,16,4.9,6.375
44,9,4.9,6.437
42,15,5.6,5.755
8,5,5.1,6.3
15,15,4.8,6.619
58,4,6.5,4.883
81,10,6.2,5.23
19,10,5.7,5.705
40,3,5.4,6.026
57,5,5.4,6.042
21,5,5.2,6.2
23,7,5.2,6.2
26,1,5,6.414
70,9,4.9,6.518
13,10,4.4,7
35,14,7,4.479
81,12,6.5,5.025
41,8,5.8,5.665
41,14,5.7,5.761
43,9,5.6,5.882
21,1,5.6,5.9
63,16,5.4,6.065
35,8,5.4,6.141
44,5,5.3,6.168
28,7,4.9,6.625
99,7,4.6,6.9
29,14,4.4,7.1
26,5,6.6,4.954
63,2,6,5.574
60,12,6,5.623
33,7,5.3,6.3
53,12,4.8,6.8
48,9,4.8,6.8
8,15,4.6,7
101,7,7.4,4.208
91,3,6.4,5.2
20,12,6.2,5.374
63,4,6.2,5.375
55,2,6.2,5.398
75,16,5.9,5.658
98,8,5.4,6.232
81,7,5.2,6.357
46,7,6.9,4.848
28,15,6.5,5.159
82,4,6.1,5.6
91,5,6,5.7
70,11,5.6,6.098
19,14,5.4,6.272
49,15,5.3,6.382
70,15,5.2,6.479
15,7,5.2,6.492
25,14,5.2,6.5
25,4,5.1,6.6
60,9,5,6.693
29,2,4.3,7.4
5,14,6.5,5.3
98,15,6.4,5.353
5,15,6.3,5.5
66,9,6.2,5.587
25,16,6,5.8
6,3,5.9,5.9
53,9,5.9,5.9
20,15,5.8,6.008
81,11,5.8,6.016
68,4,5.7,6.054
21,4,5.7,6.1
97,5,5.6,6.2
7,9,5.5,6.293
40,14,5.5,6.293
38,7,5.5,6.297
35,12,5.4,6.37
28,6,5.1,6.695
35,2,5.1,6.766
7,8,5.1,6.793
34,1,4.8,7.059
13,6,4.3,7.6
28,3,7,4.893
9,4,6,5.85
31,1,6,5.878
35,11,5.9,6.032
24,6,5.5,6.351
33,2,5.5,6.4
60,11,5.5,6.432
70,14,5.4,6.499
25,5,5.4,6.5
24,5,5.2,6.696
80,1,8,4
9,6,7.6,4.424
8,2,7.3,4.7
60,7,6.8,5.192
27,13,6.6,5.4
28,8,6.3,5.654
50,15,6,5.973
7,6,6,6.031
31,13,6,6.033
68,15,5.9,6.065
21,2,5.9,6.1
92,3,5.7,6.333
31,10,5.6,6.365
7,1,5.6,6.426
58,16,5.5,6.481
63,9,5.4,6.592
63,7,5.4,6.612
7,12,5.1,6.853
9,8,4.5,7.454
66,10,7,5.128
55,3,6.5,5.631
4,2,6.5,5.646
61,3,6.1,5.99
31,11,6,6.087
21,6,6,6.1
71,16,6,6.1
58,2,5.8,6.267
18,12,5.6,6.468
24,14,5.5,6.562
19,16,5.7,6.41
55,15,6.7,5.467
40,4,6.7,5.476
55,16,6.4,5.848
57,2,6,6.177
7,13,6,6.194
39,16,6,6.242
21,11,5.8,6.4
23,11,5.8,6.4
4,5,5.6,6.649
19,9,5.4,6.753
71,1,4.9,7.3
53,6,4.5,7.7
70,8,7.2,5.142
7,3,6.5,5.837
31,14,6.2,6.142
31,12,6.2,6.148
19,3,5.8,6.529
47,5,5.6,6.675
19,8,5.5,6.765
35,9,5.5,6.798
19,4,5.4,6.886
9,2,5.3,6.989
24,7,5.2,7.077
6,11,5.1,7.2
93,11,6.8,5.565
60,6,6.6,5.77
7,7,6.1,6.275
19,15,6.1,6.333
29,3,3.7,8.7
60,1,6.2,6.249
4,10,6,6.409
7,16,5.9,6.486
31,9,5.7,6.718
47,6,5.5,6.912
20,1,5.4,7.044
46,6,4.9,7.485
25,6,4.7,7.7
101,10,7.3,5.167
39,3,6.2,6.285
24,10,6.2,6.306
4,1,6,6.462
25,10,5.8,6.7
60,14,5.6,6.892
70,1,5,7.48
2,6,4,8.5
44,7,6.5,6.07
53,13,6.5,6.1
24,11,6.3,6.268
7,4,5.8,6.8
70,2,5,7.636
44,4,6.4,6.192
55,13,6.2,6.417
24,1,5.7,6.897
47,14,5.7,6.945
20,13,5.2,7.4
27,14,7.5,5.2
35,16,7.3,5.411
19,13,6.4,6.295
60,13,6.4,6.339
57,7,6.3,6.417
7,10,6.3,6.431
60,5,6.2,6.519
19,2,6.2,6.524
19,1,5.9,6.761
19,6,5.8,6.861
26,3,5.6,7.114
24,2,5.6,7.121
31,3,5.6,7.123
35,3,5.4,7.268
28,14,5.4,7.34
42,10,5.3,7.404
99,12,4.8,7.9
101,9,7.3,5.492
27,7,7.3,5.5
31,15,6.5,6.279
60,2,6.5,6.331
24,16,6.1,6.685
53,15,6,6.8
33,8,5.9,6.9
53,1,5.4,7.4
46,14,5.4,7.426
20,10,5.2,7.595
34,12,4.7,8.083
13,7,4.5,8.3
55,1,7.1,5.798
35,13,6.6,6.277
8,16,6.6,6.3
38,5,6.3,6.575
7,11,6.7,6.208
31,4,6.7,6.245
63,8,6.5,6.426
70,7,6.5,6.43
24,4,6.2,6.655
22,16,6,6.883
13,3,5.5,7.4
25,9,5.4,7.5
33,9,7.3,5.7
45,1,6.6,6.402
60,16,6.5,6.474
55,11,6.5,6.539
53,14,6.4,6.6
24,13,6.2,6.766
55,6,6.2,6.772
22,14,5.7,7.328
16,8,4.6,8.4
28,10,7.1,6.028
28,16,7.4,5.66
17,13,6.4,6.684
46,1,5.9,7.193
29,12,4.2,8.9
27,15,7.1,6.1
40,5,7.1,6.138
40,11,6.9,6.339
49,16,6.6,6.569
33,5,6.4,6.8
55,9,6.1,7.083
35,10,6,7.175
6,2,4.4,8.8
24,8,7.3,6.022
47,13,7.2,6.091
31,2,7.1,6.171
22,2,6.7,6.631
24,15,6.6,6.718
60,15,6.4,6.902
17,12,6.2,7.055
20,8,6.8,6.571
57,13,6.8,6.642
19,5,6.1,7.286
10,9,4.8,8.6
40,6,7,6.353
17,3,6.5,6.9
25,11,5.7,7.7
70,6,7.6,5.855
46,5,7.4,6.137
53,7,6.6,6.9
31,16,6.5,7.033
55,10,6.2,7.256
17,10,6.1,7.355
4,11,6.1,7.375
53,16,6.1,7.4
22,1,7.3,6.319
57,8,6.8,6.757
4,6,6.6,7.048
19,7,6.7,6.935
65,16,6.2,7.387
24,12,6.2,7.433
35,15,7.4,6.302
31,8,6.6,7.113
25,3,6.5,7.2
53,3,6.5,7.2
24,3,6.5,7.249
17,16,6.4,7.342
33,11,5.9,7.8
27,12,7.7,6.1
60,3,6.8,7.04
4,9,6.6,7.193
65,8,7.1,6.755
55,14,6.6,7.267
4,12,6.3,7.572
22,15,6.3,7.624
13,2,5.7,8.2
60,8,7.4,6.484
31,5,7.4,6.533
46,4,7.4,6.548
12,12,7.2,6.7
22,11,7.2,6.7
65,5,6.9,7.041
10,13,6.2,7.7
55,7,7.4,6.589
12,9,7.3,6.7
20,3,6.9,7.104
9,5,6.8,7.233
25,7,6.4,7.6
25,8,6.4,7.6
27,10,6.2,7.8
33,12,6.1,7.9
25,2,5.7,8.3
5,1,5.7,8.3
20,16,7,7.061
9,9,7,7.092
55,12,6.8,7.317
34,2,6.6,7.467
9,14,7.6,6.593
22,3,7.4,6.78
55,8,7.2,6.952
65,6,7.2,7.009
13,1,6.9,7.3
20,6,6.9,7.349
5,8,6.8,7.4
53,4,6.8,7.4
65,10,6.7,7.524
5,9,6.5,7.7
10,8,5.6,8.6
20,4,7.2,7.081
22,10,7.2,7.148
34,15,6.2,8.072
33,14,6.2,8.1
33,13,6.2,8.2
65,1,7.2,7.245
55,4,7.7,6.832
17,14,7.3,7.22
65,12,7.3,7.232
8,1,6.2,8.3
20,14,5.8,8.671
9,12,7.5,7.114
34,11,7.3,7.309
46,10,7,7.582
22,6,6.4,8.175
9,7,7.7,6.943
44,15,7.2,7.366
65,3,7.6,7.066
22,5,7.6,7.145
25,1,7.2,7.5
4,7,7,7.71
65,11,7,7.71
34,16,6.6,8.194
9,3,7.5,7.33
34,3,7.2,7.561
10,6,7.2,7.6
46,11,7.1,7.702
65,9,7.1,7.723
65,15,7,7.763
9,10,7.6,7.259
22,9,7.5,7.363
24,9,7.4,7.514
33,16,7.2,7.7
33,6,6.9,8
33,10,6.1,8.8
65,4,7.5,7.51
34,4,7.4,7.569
65,7,7.2,7.807
34,13,7,8.018
34,14,6.9,8.074
55,5,8,7.085
9,13,7.5,7.595
20,2,7.4,7.708
20,7,7.2,7.855
12,13,7.5,7.7
65,2,7.4,7.83
31,7,7.4,7.835
9,15,7.2,7.952
33,15,7.1,8.1
34,6,7,8.211
12,16,7.1,8.2
70,16,8,7.302
9,11,7.8,7.469
22,13,7.8,7.494
9,1,7.5,7.775
34,5,7.4,7.877
12,4,7.3,8
10,11,7.2,8.1
20,11,7,8.325
10,5,6.8,8.5
5,11,7.3,8.1
33,1,7.7,7.7
12,2,7.5,7.9
12,5,7.4,8
12,15,7.4,8
12,11,7,8.4
5,10,7,8.4
22,8,8.1,7.391
22,7,7.9,7.562
20,9,7.5,7.988
12,3,7.3,8.2
12,10,7.2,8.3
27,8,7,8.6
12,7,7.5,8.2
12,6,7.5,8.2
5,2,7.2,8.5
5,12,7.4,8.3
65,13,7.7,8.078
31,6,7.7,8.086
12,1,7.5,8.3
12,8,7.5,8.3
65,14,7.8,8.087
46,3,7.7,8.184
10,7,7.3,8.6
34,8,7.6,8.332
34,7,7.5,8.37
34,9,7.7,8.333
34,10,7.6,8.428
27,1,7.5,8.5
27,16,7.4,8.6
29,7,7.2,8.8
10,2,7.2,8.8
22,4,7.9,8.249
10,4,7.5,8.6
12,14,7.8,8.4
27,3,7.8,8.4
22,12,7.6,8.64
10,14,7.4,8.8
29,16,7.4,8.8
103,8,7.6,8.7
27,6,7.8,8.5
103,3,7.8,8.5
103,12,7.8,8.5
27,9,7.8,8.5
103,10,7.7,8.6
103,15,7.5,8.8
27,11,7.5,8.8
103,6,7.9,8.5
103,14,7.8,8.6
103,11,7.8,8.6
10,3,7.6,8.8
103,4,7.9,8.6
103,16,7.8,8.7
103,9,7.8,8.7
10,15,7.8,8.7
27,2,7.8,8.7
27,4,7.9,8.7
103,5,7.9,8.7
10,16,7.8,8.8
27,5,7.8,8.8
103,1,8,8.7
103,2,8,8.7
103,13,7.9,8.8
103,7,7.9,8.8
99,13,3.3,
95,10,3.9,
29,1,3.9,
91,15,3.9,
15,1,4,
17,15,4,
3,14,4.1,
77,1,4.1,
73,6,4.2,
48,7,4.2,
98,12,4.3,
63,14,4.4,
59,1,4.4,
99,14,4.5,
99,10,4.6,
79,2,4.6,
82,7,4.8,
46,8,4.8,
74,16,4.9,
59,8,4.9,
38,9,5,
98,14,5,
90,2,5,
79,3,5,
83,16,5.2,
48,10,5.2,
66,13,5.4,
98,11,5.4,
46,16,5.8,
46,2,6.6,
