Site,Plot,alpha,cover,allelos,lba,som,pH,amtrees,amcover,nvc,ms,flag
1,1,12,81,0,0.539961237,17.2,3.8,0,1,W10,em,t
1,2,12,119.5,0,4.80663676,17.4,3.9,0,1,W10,em,t
1,3,13,107,0,1.537416905,11.3,4.3,341.6482011,12,W10,em,t
1,4,8,19,0,1.083849465,19.5,3.9,0,2,W10,em,t
1,5,16,98,0,1.462804079,8.4,4.5,322.013247,13,W10,em,t
1,6,19,100.5,0,1.502073987,42.2,4.1,0,4,W10,em,t
1,7,25,82.5,0,1.315541924,14.7,4.2,0,2,W10,em,t
1,8,16,9,1,1.743583923,33.2,4.2,78.53981634,163,W10,em,t
1,9,29,97,3,0.960149255,16.3,5.3,282.7433388,15,W10,em,t
1,10,17,31.5,2,1.470658061,11.8,4.8,255.2544031,35,W10,em,t
1,11,18,18.5,0,0.675442421,27.1,4.2,0,4,W10,em,t
1,12,21,53.5,7,1.072068493,12.8,5.2,310.2322745,3,W8,am,t
1,13,15,97,0,1.003346154,16.4,4,0,12,W10,em,t
1,14,14,63.5,0,1.574723318,20,4.1,0,4,W10,em,t
1,15,13,76.5,0,1.623810703,35.5,4,0,3,W10,em,t
1,16,9,89,1,0.645989989,12.2,4.3,70.68583471,3,W21,am,o
2,1,20,16,0,1.280199006,6.7,5,0,25,W10,em,t
2,2,8,48,3,1.521708942,12.9,4.2,51.05088062,33,W10,em,t
2,3,13,8,0,0.567450173,7.9,4.2,0,6,W10,em,t
2,4,12,12,1,1.384264263,8.9,4.2,23.5619449,53,W10,em,t
2,5,2,16,0,0.490873852,10.4,4.3,0,1,W10,em,t
2,6,27,41,0,1.694496538,5.9,8.5,0,35,W10,em,t
2,7,13,12.5,4,3.581415625,7.3,5.5,255.2544031,6,W10,em,t
2,9,1,10,0,2.326742059,17.7,4.1,0,1,W15,em,t
2,10,3,6.5,0,0.255254403,11.2,4.4,19.63495408,3,W16,em,t
2,11,16,19.5,2,0.746128255,17.2,4.5,54.97787144,6,W10,em,t
2,12,24,59,2,2.238384766,12.6,5.3,7.853981634,3,W10,em,t
2,13,26,117,0,,6.3,4.9,,5,OV27,am,o
2,14,20,115,1,2.051852702,20.2,4.3,176.7145868,3,W10,em,t
2,15,2,5.5,2,0.206167018,7.8,4.4,0,1,W10,em,t
2,16,3,16,1,1.663080611,14.5,4.2,0,81,W16,em,t
3,1,4,2.5,4,0.885536429,7.629428,5.472,1142.754328,2,OV27,am,o
3,2,22,62.5,0,0.720602815,7.686926,5.505,620.4645491,2,OV27,am,o
3,3,11,87.5,1,1.307687942,10.09634,4.439,98.17477042,12,W10,em,t
3,4,12,42,0,1.093666943,7.927597,4.611,0,11,W10,em,t
3,5,19,67,1,1.178097245,10.67299,5.397,687.223393,20,OV27,am,o
3,6,16,93.5,0,0.750055246,10.21175,4.861,0,14,W10,em,t
3,7,15,44.5,0,0.056941367,16.32373,4.678,7.853981634,14,W10,em,t
3,8,8,14.5,0,0.404480054,13.05068,4.053,94.24777961,4,W10,em,t
3,9,7,4.5,1,1.3685563,8.425762,4.877,168.8606051,5,OV27,am,o
3,10,3,80.5,0,0.331830724,10.08697,3.888,0,11,W10,em,t
3,11,8,6.5,0,2.915790682,10.65224,5.517,270.9623664,14,W10,em,t
3,12,12,17.5,0,2.446515279,8.378712,5.41,117.8097245,8,W10,em,t
3,13,4,121.5,0,0.891426915,11.09014,4.144,0,32,W16,em,t
3,14,1,100,1,0,,,0,0,W10,em,t
3,15,9,94,1,1.288052988,12.35835,4.72,0,15,W10,em,t
3,16,5,112.5,0,0.402516559,10.17873,4.167,0,13,W16,em,t
4,1,15,88,3,1.270381529,9.513527,6.462,172.7875959,31,W8,am,t
4,2,15,63.5,1,0.918915851,9.966352,5.646,149.225651,21,W10,em,t
4,3,14,84.5,2,0.634209017,5.518415,4.662,109.9557429,32,W10,em,t
4,4,6,46.5,0,0,21.76138,3.671,0,62,W10,em,t
4,5,12,77,1,0.343611696,13.61378,6.649,7.853981634,31,W10,em,t
4,6,10,77,7,2.059706684,14.38618,7.048,357.3561643,13,W8,am,t
4,7,6,80.5,4,0.320049752,15.20257,7.71,172.7875959,30,W8,am,t
4,8,13,108.5,3,0.214021,5.103715,5.486,125.6637061,42,W8,am,t
4,9,9,82.5,4,0.07264933,9.823525,7.193,7.853981634,1,W21,am,o
4,10,13,97.5,4,0.186532064,7.957003,6.409,66.75884389,110,W21,am,o
4,11,14,99.5,0,0,4.317585,7.375,0,1,OV21,am,o
4,12,13,118,0,2.76263804,9.226386,7.572,82.46680716,0,W21,am,o
4,13,9,66,1,1.627737694,20.66582,4.891,117.8097245,30,W10,em,t
4,14,8,116,3,0.585121632,9.157294,7.119,157.0796327,20,W8,am,t
4,15,10,121,2,1.268418034,9.231349,5.958,109.9557429,1,OV27,am,o
4,16,7,91,1,1.592394776,12.6735,6.637,62.83185307,21,W10,em,t
5,1,6,97.5,0,,10.8,8.3,,1,SD5,am,d
5,2,51,83.5,0,,8.7,8.5,,7,MG1,am,o
5,3,10,134,0,1.013163631,29.5,4,0,43,W10,em,t
5,4,3,80.5,0,0.773617191,14,4,0,92,W10,em,t
5,5,13,75.5,1,1.676825079,17.5,4,0,61,W10,em,t
5,6,47,112,0,,6.4,6.3,,13,OV27,am,o
5,7,34,87.5,0,0.720602815,10.6,4.7,0,20,W10,em,t
5,8,11,70,1,2.758711049,22.7,7.4,78.53981634,3,W8,am,t
5,9,13,86,2,0.088357293,19.5,7.7,27.48893572,1,W13,am,t
5,10,12,101,0,,13.1,8.4,,0,OV10,am,o
5,11,3,101,,,10.1,8.1,,,OV41,am,o
5,12,16,167.5,,0.375027623,22.2,8.3,380.9181092,,W8,am,t
5,13,29,146.5,5,1.808379271,13.6,5.2,322.013247,1,W10,em,t
5,14,4,96.5,,,8.1,5.3,,,OV24,am,o
5,15,25,141,1,1.376410281,9.6,5.5,43.19689899,22,W10,em,t
5,16,16,39.5,0,0.958185759,16.5,4,0,53,W10,em,t
6,1,13,111.5,0,2.797980957,10.4,4.3,82.46680716,4,W10,em,t
6,2,20,81.5,4,0.850193512,12,8.8,483.0198705,23,W21,am,o
6,3,23,93,2,1.309651437,7.1,5.9,200.2765317,32,W8,am,t
6,4,13,8.5,7,1.863357143,10.4,4.9,286.6703296,154,W10,em,t
6,5,17,37.5,2,1.03476208,9.5,5.6,62.83185307,131,W10,em,t
6,6,11,10,4,4.535674394,16,4.9,82.46680716,24,W10,em,t
6,7,13,6.5,5,2.354230995,11,4.6,380.9181092,6,W10,em,t
6,8,11,7.5,2,4.221515128,14.9,5.6,51.05088062,16,W10,em,t
6,9,20,35,2,2.034181243,12.2,5.9,113.8827337,6,W8,am,t
6,10,16,18,0,0.45749443,12.2,5.5,0,6,W10,em,t
6,11,38,109,0,0.019634954,8.1,7.2,0,30,OV26,am,o
6,12,15,91.5,0,0.327903733,16,5.1,0,55,W10,em,t
6,13,11,15,0,0.392699082,9.5,5,0,6,W10,em,t
6,14,16,45.5,1,0.408407045,11.4,5.4,125.6637061,26,W21,am,o
6,15,24,87,1,0.435895981,5.8,5.5,11.78097245,57,W10,em,t
6,16,23,45,3,1.504037483,10.6,5,39.26990817,145,W8,am,t
7,1,10,89.5,2,1.235038612,31.80999,6.426,341.6482011,5,W10,em,t
7,2,15,92,5,1.829977721,10.26605,5.563,333.7942194,3,W8,am,t
7,3,10,99.5,5,1.413716694,10.0632,5.837,270.9623664,3,W8,am,t
7,4,11,125.5,6,0.871791961,29.02214,6.8,420.1880174,13,W8,am,t
7,5,11,79.5,6,1.113301897,21.77347,5.652,341.6482011,4,W8,am,t
7,6,8,78.5,3,0.651880476,20.09992,6.031,278.816348,5,W8,am,t
7,7,9,79.5,5,1.217367153,17.48639,6.275,353.4291735,1,OV27,am,o
7,8,12,97,5,1.068141502,10.81046,6.793,895.3539063,4,W10,em,t
7,9,14,92,0,,14.63222,6.293,,31,OV27,am,o
7,10,7,103,,0.441786467,12.97588,6.431,58.90486225,,OV27,am,o
7,11,8,100,,,10.92863,6.208,,,OV24,am,o
7,12,11,94.5,5,0.814850595,12.83384,6.853,400.5530633,3,W8,am,t
7,13,8,103,,,11.25348,6.194,,,MG10,am,o
7,14,14,88,5,0.901244392,10.29779,5.606,545.8517236,3,W8,am,t
7,15,11,75.5,5,0.808960108,9.501641,5.813,231.6924582,3,W8,am,t
7,16,15,107.5,5,0.712748833,9.84413,6.486,176.7145868,4,W8,am,t
8,1,45,84,5,0.592975613,15.3,8.3,208.1305133,76,W8,am,t
8,2,26,54.5,3,3.224059461,16.5,4.7,314.1592654,123,W8,am,t
8,3,31,60.5,5,1.164352777,14.2,5.4,219.9114858,75,W8,am,t
8,4,42,52,3,1.472621556,10.4,5.4,282.7433388,25,W8,am,t
8,5,26,64.5,3,1.606139244,14.2,6.3,1193.805208,123,W8,am,t
8,6,32,54.5,3,1.050470044,23.9,5.7,243.4734307,134,W21,am,o
8,7,33,16.5,1,0.669551934,10.1,5.4,164.9336143,5,W10,em,t
8,8,30,50,3,0.700967861,17.4,5,329.8672286,44,W12,am,t
8,9,31,49.5,2,3.987859175,11.1,4.6,82.46680716,128,W8,am,t
8,10,26,44.5,5,4.213661147,13.6,5.6,1244.856089,21,W8,am,t
8,11,28,50.5,6,2.399391389,13.7,5.7,475.1658889,11,W8,am,t
8,12,30,58,4,8.39001588,15.4,5.1,557.632696,13,W8,am,t
8,13,32,126,2,1.278235511,14.7,5.5,274.8893572,30,W21,am,o
8,14,20,53,4,3.899501881,14.9,5.7,663.6614481,41,W8,am,t
8,15,16,98.5,2,1.955641427,16.7,7,604.7565858,4,W8,am,t
8,16,35,54,0,14.59466137,13.5,6.3,333.7942194,36,W8,am,t
9,1,8,68,1,4.804673265,5.099701,7.775,333.7942194,51,W21,am,o
9,2,5,71,2,1.317505419,17.26151,6.989,286.6703296,80,W21,am,o
9,3,11,47.5,0,1.12900986,10.60852,7.33,176.7145868,40,W12,am,t
9,4,6,46,2,5.925829143,14.69954,5.85,161.0066235,31,OV27,am,o
9,5,12,52.5,3,2.972732048,9.422451,7.233,498.7278338,31,W12,am,t
9,6,8,32,1,2.727295122,10.80035,4.424,43.19689899,100,OV27,am,o
9,7,8,97,2,3.328124717,11.20451,6.943,514.435797,2,W8,am,t
9,8,7,110.5,5,0.989601686,7.88677,7.454,294.5243113,20,W21,am,o
9,9,6,95.5,3,0.869828466,7.611024,7.092,286.6703296,21,W21,am,o
9,10,6,85.5,3,0.137444679,12.08915,7.259,121.7367153,10,OV27,am,o
9,11,10,92,3,0.779507677,7.257754,7.469,125.6637061,1,W21,am,o
9,12,9,101.5,3,1.142754328,11.10354,7.114,200.2765317,21,W21,am,o
9,13,6,81.5,0,0.331830724,9.10192,7.595,204.2035225,30,W13,am,t
9,14,9,48,1,0.710785338,12.13323,6.593,270.9623664,50,OV27,am,o
9,15,18,41.5,1,0.971930227,5.68993,7.952,435.8959807,80,OV27,am,o
9,16,5,50.5,3,0.314159265,7.693527,3.761,153.1526419,121,W21,am,o
10,1,13,86.5,,0.021598449,13.5,6.6,0,,OV24,am,o
10,2,8,24,4,2.607521902,13.3,8.8,510.5088062,6,W8,am,t
10,3,9,95,0,0.610647072,14.9,8.8,0,5,W8,am,t
10,4,2,95.5,0,1.290016483,18.2,8.6,0,1,W13,am,t
10,5,3,71,0,1.651299639,23.2,8.5,0,1,W13,am,t
10,6,10,99.5,6,1.315541924,14.1,7.6,325.9402378,1,W21,am,o
10,7,6,57.5,1,1.1545353,13.8,8.6,27.48893572,1,W13,am,t
10,8,13,15.5,3,0.155116137,10.4,8.6,0,2,W13,am,t
10,9,7,104,4,3.495021827,11.9,8.6,282.7433388,2,W13,am,t
10,10,16,58,4,0.536034247,5.4,5,322.013247,3,W21,am,o
10,11,24,97,1,0.104065257,13.1,8.1,66.75884389,1,W8,am,t
10,12,15,86,2,0.88946342,8.3,6,793.252145,4,W21,am,o
10,13,19,71.5,6,1.297870465,9.3,7.7,439.8229715,4,W8,am,t
10,14,8,4,5,0.693113879,19.5,8.8,373.0641276,3,W21,am,o
10,15,5,92,1,0.954258769,13.3,8.7,274.8893572,4,W8,am,t
10,16,7,83,1,0.783434668,11.6,8.8,200.2765317,3,W13,am,t
11,1,13,26,1,2.085232124,12.4,4.5,106.0287521,83,W8,am,t
11,2,18,69.5,6,2.089159115,11.2,5,400.5530633,21,W8,am,t
11,3,14,62,4,5.248423227,11.9,4.4,451.603944,3,W21,am,o
11,4,13,8.5,1,1.739656932,19.1,4,19.63495408,121,W10,em,t
11,5,18,74.5,3,0.844303026,12.2,4.6,215.9844949,62,W10,em,t
11,6,24,12.5,2,2.778346003,12.4,4,109.9557429,181,W10,em,t
11,7,12,8,3,2.666426765,21.8,4.2,168.8606051,101,W10,em,t
11,8,18,38.5,0,1.822123739,9.2,4.3,66.75884389,161,W10,em,t
11,9,14,13,4,2.884374755,10.8,4.1,294.5243113,181,OV27,am,o
11,10,21,21,3,1.026908099,10.1,5.1,137.4446786,172,OV27,am,o
11,11,6,13.5,5,1.193805208,11.4,4.6,380.9181092,181,W21,am,o
11,12,23,56.5,3,3.015928947,8.2,4.4,176.7145868,151,W10,em,t
11,13,14,22,6,2.417062848,10.1,4.5,408.407045,181,OV27,am,o
11,14,16,13.5,6,1.765182372,11.3,4.5,373.0641276,81,W10,em,t
11,15,11,16.5,0,2.456332756,13.9,4.2,0,180,W10,em,t
11,16,15,17,7,1.619883712,12.1,5.2,349.5021827,121,W8,am,t
12,1,9,69,2,2.988440012,13.9,8.3,90.32078879,44,W8,am,t
12,2,20,102,3,0.031415927,22.5,7.9,259.1813939,11,OV27,am,o
12,3,12,100.5,1,0.023561945,20.4,8.2,15.70796327,2,W21,am,o
12,4,21,90,2,0.571377164,30.8,8,180.6415776,24,W12,am,t
12,5,27,43.5,4,0.502654825,32.4,8,223.8384766,23,W6,d,w
12,6,16,78,1,2.876520773,18.4,8.2,149.225651,4,W21,am,o
12,7,17,148,4,0.771653696,20.3,8.2,219.9114858,3,W21,am,o
12,8,15,12,1,1.10741141,20.9,8.3,90.32078879,36,W21,am,o
12,9,20,85,7,1.29590697,32.1,6.7,435.8959807,6,W8,am,t
12,10,6,52.5,6,0.463384916,38.1,8.3,757.9092277,66,W8,am,t
12,11,14,96,3,0.137444679,32.1,8.4,102.1017612,16,W8,am,t
12,12,18,94,5,2.829396884,27.3,6.7,380.9181092,12,W21,am,o
12,13,13,65.5,6,2.144136986,30.7,7.7,380.9181092,4,W21,am,o
12,14,12,71.5,7,1.352848336,22.8,8.4,863.9379797,13,W8,am,t
12,15,8,93.5,3,0.956222264,28,8,121.7367153,6,W8,am,t
12,16,7,87.5,1,0.779507677,36.1,8.2,106.0287521,3,OV27,am,o
13,1,26,87.5,0,,4.1,7.3,,2,OV21,am,o
13,2,9,50.5,0,,4.3,8.2,,1,OV24,am,o
13,3,7,68,,,3.8,7.4,,,OV20,am,o
13,4,8,67.5,,3.153373626,39.6,4,0,,W10,em,t
13,5,4,51.5,0,1.643445657,8.4,4.5,0,2,W10,em,t
13,6,14,8,1,0.168860605,23.2,7.6,117.8097245,133,W21,am,o
13,7,5,62,,,5.1,8.3,,,OV24,am,o
13,8,12,23.5,2,0.706858347,10,5.6,176.7145868,92,W10,em,t
13,9,7,88,0,1.708241005,7.6,4.8,0,2,W10,em,t
13,10,27,155.5,5,0.522289779,19.2,7,318.0862562,56,OV27,am,o
13,11,4,3.5,2,1.41568019,14.4,4.5,27.48893572,32,W10,em,t
13,12,11,85,0,2.652682297,21.4,4.2,0,2,W10,em,t
13,13,4,66.5,1,2.104867078,20,4,0,5,W10,em,t
13,14,5,4.5,10,2.71551415,11.1,4.4,1079.922475,14,W21,am,o
13,15,9,74,2,4.647593632,15.5,4.4,298.4513021,3,W10,em,t
13,16,6,48.5,4,4.141011817,13.3,4.2,671.5154297,42,W10,em,t
14,1,9,29,6,0.677405916,8.46,4.34,596.9026042,12,OV27,am,o
14,2,27,29.5,6,0.345575192,29.19,4.594,7.853981634,5,OV27,am,o
14,3,1,0.5,4,5.827654372,58.25,4.395,129.590697,1,W16,em,t
14,4,3,2,0,0.738274274,19.24,4.055,31.41592654,171,W16,em,t
14,5,2,1,0,0.771653696,34.37,4.167,58.90486225,160,W10,em,t
14,6,2,1.5,0,0.422151513,27.41,4.212,31.41592654,130,W16,em,t
14,7,1,0.5,5,0.969966732,50.71,3.817,23.5619449,141,OV27,am,o
14,8,1,1,,3.69922535,69.69,3.701,0,,W16,em,t
14,9,2,1,0,3.779728661,8.84,3.936,141.3716694,3,W16,em,t
14,11,2,1,3,0.636172512,9.39,4.138,0,2,W16,em,t
14,12,4,7,2,2.244275252,18.8,4.355,325.9402378,94,OV27,am,o
14,16,1,1,0,3.324197727,9.58,3.741,78.53981634,142,W12,am,t
15,2,5,86,0,0.237582944,24.99725,4.094,43.19689899,1,W10,em,t
15,3,12,96.5,,1.906554042,8.584799,5.394,365.210146,,OV27,am,o
15,4,10,124,,3.231913442,7.707662,6.386,361.2831552,,OV27,am,o
15,5,6,92.5,,3.581415625,10.56018,5.473,573.3406593,,OV27,am,o
15,6,10,107.5,,1.829977721,9.28091,6.238,176.7145868,,OV27,am,o
15,7,8,97,0,1.482439033,10.02935,6.492,392.6990817,1,OV27,am,o
15,8,8,91.5,,1.405862712,10.61288,6.758,424.1150082,,OV27,am,o
15,9,10,113,,2.008655803,12.20613,5.223,475.1658889,,OV27,am,o
15,10,4,102,,6.827073535,10.20529,5.72,270.9623664,,W16,em,t
15,11,5,101,0,1.547234382,13.67606,6.472,561.5596868,1,W6,d,w
15,12,3,65,0,3.483240855,9.636364,4.704,322.013247,1,W10,em,t
15,13,7,97,,2.464186738,10.07418,5.453,341.6482011,,OV27,am,o
15,14,15,55,1,3.671736414,7.754063,6.198,141.3716694,0,W6,d,w
15,15,23,120.5,0,3.968224221,6.267421,6.619,0,3,OV27,am,o
15,16,8,103.5,0,2.18929738,10.91272,4.604,0,0,W10,em,t
16,1,13,40.5,0,2.193224371,10.9,4.5,66.75884389,23,W14,em,t
16,2,25,123,2,2.057743188,8.8,4.2,514.435797,15,W10,em,t
16,3,9,100.5,2,2.487748683,7.4,4.1,404.4800541,14,W10,em,t
16,4,19,59.5,0,2.242311756,38.5,4,192.42255,63,W10,em,t
16,5,6,53,0,1.496183501,24.6,4.2,212.0575041,4,W10,em,t
16,6,24,47,3,1.278235511,6.6,4.4,188.4955592,103,W21,am,o
16,7,9,63.5,6,2.234457775,9.5,4.4,302.3782929,91,W21,am,o
16,8,11,56,4,0.689186888,9.9,8.4,204.2035225,4,W21,am,o
16,9,10,94,0,4.013384615,11.3,4.1,54.97787144,5,W10,em,t
16,10,6,67.5,0,1.939933464,11.5,4.1,78.53981634,12,W10,em,t
16,11,16,77,1,2.375829444,18.3,4.1,74.61282552,43,W10,em,t
16,12,12,47,2,3.182826057,16.1,4.5,247.4004215,144,W10,em,t
16,13,23,73,2,0.064795348,9.8,5.1,145.2986602,116,W12,am,t
16,14,19,48,2,2.481858196,10.3,4.7,369.1371368,24,W12,am,t
16,15,10,114,0,0.675442421,6.1,4.8,11.78097245,23,W10,em,t
16,16,15,68,2,0.806996613,8.4,4.1,109.9557429,45,W10,em,t
17,1,4,90.5,2,2.660536279,39.01952,3.444,400.5530633,41,W10,em,t
17,2,9,37.5,1,1.621847207,16.93376,3.685,137.4446786,110,W10,em,t
17,3,15,75,4,3.218168975,16.9873,6.9,247.4004215,42,W8,am,t
17,4,4,51,2,2.599667921,36.49062,3.083,47.1238898,41,W16,em,t
17,5,3,1.5,0,1.411753199,58.2242,3.678,7.853981634,10,W16,em,t
17,6,6,27,0,1.068141502,52.39947,3.16,329.8672286,50,W16,em,t
17,7,10,102,4,0.620464549,7.947159,5.635,98.17477042,41,W21,am,o
17,8,8,36.5,2,2.929535149,23.65896,4.076,58.90486225,71,W10,em,t
17,9,7,71.5,1,0.567450173,6.271155,5.129,15.70796327,42,W10,em,t
17,10,13,59,1,1.759291886,8.795606,7.355,270.9623664,51,W8,am,t
17,11,6,36,1,1.480475538,6.684134,4.182,141.3716694,61,W10,em,t
17,12,9,52.5,2,1.500110492,10.73411,7.055,180.6415776,10,W8,am,t
17,13,2,40.5,7,1.327322896,6.976975,6.684,376.9911184,21,W21,am,o
17,14,20,85,5,0.437859476,15.40005,7.22,255.2544031,22,W8,am,t
17,16,8,57,3,0.789325154,21.62367,7.342,184.5685684,51,W10,em,t
18,1,5,3.5,0,2.619302875,10.47967,4.562,596.9026042,32,W10,em,t
18,2,4,22,0,1.244856089,14.19863,4.666,7.853981634,22,W16,em,t
18,3,4,17.5,1,3.257438883,14.73931,4.683,125.6637061,33,OV27,am,o
18,4,6,4,1,0.102101761,16.60653,4.346,106.0287521,22,W8,am,t
18,5,4,11.5,1,0.453567439,28.29183,4.612,19.63495408,80,W8,am,t
18,6,23,69,1,7.288494956,12.65981,4.945,70.68583471,3,W21,am,o
18,7,14,34,1,1.474585052,16.56098,4.754,235.619449,92,W10,em,t
18,8,8,153.5,,,10.21347,6.493,,,MG7,am,o
18,9,19,43.5,7,2.727295122,10.21636,5.672,404.4800541,55,W12,am,t
18,10,13,42,2,0.675442421,16.85477,5.746,270.9623664,93,W8,am,t
18,11,26,50.5,3,0.977820713,12.24286,5.69,420.1880174,82,W8,am,t
18,12,17,45.5,5,0.567450173,18.20875,6.468,294.5243113,112,W21,am,o
18,13,17,28,5,0.396626073,11.41204,5.424,345.5751919,35,OV27,am,o
18,14,8,14.5,1,1.623810703,20.06044,5.019,212.0575041,115,OV27,am,o
18,15,17,77,0,6.181083546,12.94882,5.014,70.68583471,2,W10,em,t
18,16,14,51,,6.257659867,18.05456,5.155,486.9468613,,MG7,am,o
19,1,10,79,1,2.177516408,26.52319,6.761,408.407045,12,W8,am,t
19,2,10,15.5,3,0.430005494,20.20539,6.524,263.1083847,18,W8,am,t
19,3,13,22.5,3,0.836449044,14.42472,6.529,219.9114858,6,W10,em,t
19,4,7,13,1,1.105447915,16.9108,6.886,54.97787144,24,W10,em,t
19,5,9,21,3,0.850193512,20.52819,7.286,329.8672286,24,W8,am,t
19,6,10,56.5,0,0.437859476,23.91858,6.861,102.1017612,28,W10,em,t
19,7,18,46,0,0.818777585,18.38341,6.935,62.83185307,62,W8,am,t
19,8,10,20,1,1.63362818,15.0636,6.765,23.5619449,15,W8,am,t
19,9,5,3,1,1.678788574,15.33122,6.753,47.1238898,17,W10,em,t
19,10,9,11.5,4,1.433351648,14.13171,5.705,231.6924582,41,W10,em,t
19,11,8,15,0,2.100940087,13.10544,5.154,0,23,W10,em,t
19,12,5,3,5,2.381719931,14.95673,6.131,318.0862562,61,W10,em,t
19,14,11,12.5,3,1.973312886,15.4488,6.272,369.1371368,50,W8,am,t
19,15,17,50.5,1,0.797179136,34.94772,6.333,39.26990817,6,W8,am,t
19,16,10,20,2,0.524253274,40.43497,6.41,247.4004215,4,W10,em,t
20,1,19,84,0,,12.67,7.044,,2,OV27,am,o
20,2,2,85.5,,1.718058482,16.66,7.708,200.2765317,,OV27,am,o
20,3,27,42.5,0,0.164933614,10.3,7.104,7.853981634,94,W12,am,t
20,4,21,37,1,0.610647072,14.67,7.081,145.2986602,174,W12,am,t
20,5,9,80,2,1.564905841,10.22,6.16,82.46680716,80,W12,am,t
20,6,4,61,5,1.755364895,13.39,7.349,475.1658889,2,W13,am,t
20,7,4,91,5,1.138827337,12.18,7.855,278.816348,3,W13,am,t
20,8,5,58,2,1.309651437,10.35,6.571,192.42255,6,OV27,am,o
20,9,19,14,2,2.635010838,12.3,7.988,172.7875959,7,OV27,am,o
20,10,12,87,0,0.875718952,9.65,7.595,0,11,W12,am,t
20,11,29,81,1,0.076576321,15.1,8.325,7.853981634,93,W8,am,t
20,12,20,48,5,0.846266521,7.83,5.374,54.97787144,113,W12,am,t
20,13,10,55.5,0,0.873755457,17.5,7.4,0,113,W13,am,t
20,14,24,67,1,0.176714587,16.7,8.671,369.1371368,102,W12,am,t
20,15,25,18,4,0.058904862,12.5,6.008,180.6415776,32,OV27,am,o
20,16,35,54.5,3,0.985674695,11.4,7.061,153.1526419,32,OV27,am,o
21,1,18,125,,0.767726705,10.8,5.9,239.5464398,,W21,am,o
21,2,16,97,6,1.496183501,10.8,6.1,400.5530633,2,W21,am,o
21,3,17,93,5,2.847068342,11.1,5.3,447.6769531,3,W8,am,t
21,4,9,134,3,2.352267499,11.4,6.1,239.5464398,1,W21,am,o
21,5,23,142,4,0.771653696,8.5,6.2,585.1216317,3,W8,am,t
21,6,15,142,,3.196570525,9.6,6.1,596.9026042,,W8,am,t
21,7,17,113.5,0,,8.4,5.7,,41,S5,am,w
21,8,13,101,3,2.336559536,12.9,5,392.6990817,2,W21,am,o
21,9,25,112.5,5,0.543888228,7.4,5.1,215.9844949,2,W21,am,o
21,10,4,111,,0.979784209,10.3,6.3,863.9379797,,W8,am,t
21,11,4,101,,1.384264263,12.7,6.4,325.9402378,,W8,am,t
21,12,9,114,4,1.904590546,11.2,6.2,349.5021827,0,W21,am,o
21,13,10,104.5,7,2.57021549,6.6,5.4,483.0198705,0,W21,am,o
21,14,10,114,5,2.536836068,8.8,4.9,388.7720909,4,W8,am,t
21,15,13,105.5,1,2.452405765,19.6,4.5,133.5176878,3,W10,em,t
21,16,13,109,6,1.315541924,13.4,4.7,459.4579256,11,W21,am,o
22,1,7,52,0,0,7.300007,6.319,0,0,W13,am,t
22,2,13,32.5,1,0.19242255,14.64929,6.631,282.7433388,44,W8,am,t
22,3,16,36,2,0.206167018,16.81795,6.78,94.24777961,163,W8,am,t
22,4,12,27,3,0.55174221,11.23596,8.249,43.19689899,10,W6,d,w
22,5,8,85.5,5,0.043196899,9.677181,7.145,90.32078879,62,W13,am,t
22,6,7,99,4,1.215403658,11.5514,8.175,459.4579256,3,OV27,am,o
22,7,7,58.5,1,0.569413668,12.39967,7.562,153.1526419,64,W21,am,o
22,8,14,56,1,1.613993226,9.210278,7.391,223.8384766,120,OV27,am,o
22,9,9,43.5,4,1.372483291,15.79635,7.363,396.6260725,47,OV27,am,o
22,10,12,76,3,2.097013096,12.41386,7.148,70.68583471,27,W8,am,t
22,11,12,57,7,1.816233253,15.91189,6.7,369.1371368,123,W21,am,o
22,12,9,74.5,2,0.029452431,11.80539,8.64,86.39379797,52,W21,am,o
22,13,11,40,5,1.545270886,10.28576,7.494,239.5464398,125,W8,am,t
22,14,20,117,0,0,8.672353,7.328,0,10,OV27,am,o
22,15,9,39,6,4.111559385,11.05834,7.624,353.4291735,146,W8,am,t
22,16,10,29.5,2,2.134319509,10.9855,6.883,247.4004215,61,OV27,am,o
23,1,21,80,3,2.656609288,7.1,4.5,58.90486225,146,W21,am,o
23,2,11,25,1,1.600248758,7.8,5.1,74.61282552,166,W10,em,t
23,3,17,10,1,1.606139244,8.1,5.6,161.0066235,184,W10,em,t
23,4,10,12.5,2,1.333213382,6.8,5.4,58.90486225,47,W10,em,t
23,5,10,27,0,4.048727532,6,5,215.9844949,108,W10,em,t
23,6,27,29.5,5,0.677405916,11,6.6,263.1083847,176,W10,em,t
23,7,16,29,3,0.241509935,7.5,6.2,58.90486225,182,W8,am,t
23,8,29,62,1,1.588467785,7.9,5.6,74.61282552,98,W8,am,t
23,9,18,54,2,2.151990968,6.4,5.4,94.24777961,102,W8,am,t
23,10,11,35,1,1.350884841,6.4,5.4,74.61282552,135,W10,em,t
23,11,32,40,1,3.43808046,11.7,6.4,47.1238898,128,W8,am,t
23,12,29,49,2,2.95506059,7.6,5.5,117.8097245,86,W8,am,t
23,13,47,75.5,1,1.792671308,6.3,5.1,153.1526419,93,W10,em,t
23,14,25,44,2,1.839795198,5.1,5.3,82.46680716,116,W10,em,t
23,15,45,93,0,1.981166867,6.8,5.1,255.2544031,62,W10,em,t
23,16,15,77,2,1.99687483,7.9,5,141.3716694,68,W8,am,t
24,1,6,93,,,13.5,6.897,,,MG7,am,o
24,2,6,114,,,11.1,7.121,,,MG7,am,o
24,3,9,86,,,11.8,7.249,,,MG7,am,o
24,4,8,94,,,13.5,6.655,,,MG7,am,o
24,5,7,115,,,12.4,6.696,,,MG7,am,o
24,6,17,12,3,0.812887099,15.1,6.351,157.0796327,9,W8,am,t
24,7,6,114,,,11.1,7.077,,,MG7,am,o
24,8,8,24,4,0.997455668,22,6.022,376.9911184,5,W21,am,o
24,9,17,31,3,1.085812961,16.4,7.514,369.1371368,63,W21,am,o
24,10,1,20,1,0.243473431,19.9,6.306,15.70796327,200,OV27,am,o
24,11,6,43.5,0,,11.9,6.268,,2,MG7,am,o
24,12,3,41,,,15.4,7.433,,,MG7,am,o
24,13,5,42.5,1,1.356775327,20.1,6.766,176.7145868,112,W8,am,t
24,14,6,23.5,5,0.79521564,19.1,6.562,196.3495408,166,W21,am,o
24,15,3,1.5,5,0.860010989,16.5,6.718,227.7654674,13,W21,am,o
24,16,2,61,2,0.726493301,18.6,6.685,70.68583471,14,W21,am,o
25,1,15,88,5,1.720021978,21.8,7.5,322.013247,34,W21,am,o
25,2,7,83.5,6,2.01847328,19.9,8.3,479.0928797,31,W21,am,o
25,3,6,90,4,1.937969968,19.9,7.2,380.9181092,1,W21,am,o
25,4,15,78.5,3,3.004147975,20.2,6.6,270.9623664,35,W8,am,t
25,5,15,114.5,3,1.602212253,9.9,6.5,636.1725124,5,W8,am,t
25,6,17,88.5,5,0.594939109,11.9,7.7,239.5464398,5,W8,am,t
25,7,11,94,6,2.57021549,21.2,7.6,592.9756134,16,W21,am,o
25,8,21,75,4,2.175552913,20.9,7.6,349.5021827,44,W8,am,t
25,9,21,98.5,5,0.748091751,16.5,7.5,380.9181092,35,W8,am,t
25,10,14,94.5,4,0.663661448,18.7,6.7,231.6924582,15,W8,am,t
25,11,22,38.5,0,1.564905841,18.3,7.7,113.8827337,72,W10,em,t
25,12,14,126,2,1.747510914,8.3,4.6,7.853981634,3,W21,am,o
25,13,20,119,0,2.159844949,8,5.3,239.5464398,6,W8,am,t
25,14,15,32.5,0,0.251327412,12.6,6.5,557.632696,49,W21,am,o
25,15,25,54,3,0.630282026,16.9,5.8,302.3782929,53,W8,am,t
25,16,27,83,4,1.077958979,12.9,5.8,345.5751919,86,W8,am,t
26,1,15,81,9,1.70627751,43.22094,6.414,616.5375583,11,W6,d,w
26,2,10,81.5,2,5.484042676,8.591126,4.707,109.9557429,22,OV27,am,o
26,3,22,92,0,,6.16718,7.114,,2,S28,am,w
26,4,4,82,2,6.230170931,8.350819,4.706,188.4955592,13,W15,em,t
26,5,14,81,6,4.549418861,10.49897,4.954,408.407045,44,W6,d,w
26,6,14,23.5,1,0.954258769,12.19828,4.548,11.78097245,104,OV27,am,o
26,7,16,108.5,5,3.980005193,7.547471,3.798,168.8606051,72,OV27,am,o
26,8,15,106.5,3,1.525635932,8.29829,4.859,270.9623664,84,OV27,am,o
26,9,11,0,0,,8.453311,5.353,,0,OV27,am,o
26,10,22,78.5,4,3.277073837,12.98691,4.847,302.3782929,85,W8,am,t
26,11,11,71,6,0.981747704,18.16183,4.928,263.1083847,3,OV27,am,o
26,13,14,113,6,2.415099352,18.81952,4.701,337.7212103,6,W8,am,t
26,14,9,55.5,7,2.552544031,10.30998,5.553,459.4579256,33,OV27,am,o
26,15,18,70,6,2.047925711,7.667644,5.387,318.0862562,33,W21,am,o
26,16,3,1.5,5,1.136863842,15.45726,4.285,19.63495408,4,W21,am,o
27,1,11,35,2,2.864739801,13.9,8.5,667.5884389,102,W13,am,t
27,2,7,171.5,7,1.639518666,11.3,8.7,848.2300165,3,W13,am,t
27,3,7,116.5,2,0.502654825,11.5,8.4,310.2322745,10,W21,am,o
27,4,5,83,4,2.146100481,12.4,8.7,357.3561643,76,W13,am,t
27,5,11,55,4,0.913025365,13.6,8.8,333.7942194,33,W21,am,o
27,6,6,82.5,0,,10.8,8.5,,5,W13,am,t
27,7,4,96.5,5,2.169662426,9.9,5.5,1515.818455,12,W13,am,t
27,8,8,127.5,2,1.604175749,12.9,8.6,318.0862562,12,W13,am,t
27,9,5,141.5,2,3.976078202,11,8.5,785.3981634,2,W13,am,t
27,10,5,165.5,,1.288052988,9.2,7.8,589.0486225,,W13,am,t
27,11,6,73,6,0.630282026,11.5,8.8,518.3627878,13,W21,am,o
27,12,6,171.5,1,2.411172362,6.8,6.1,259.1813939,23,W21,am,o
27,13,3,135,,0.561559687,8.8,5.4,789.3251542,,W13,am,t
27,14,6,151,3,2.764601535,7.6,5.2,153.1526419,22,W21,am,o
27,15,7,107,1,2.474004215,11.5,6.1,624.3915399,1,W13,am,t
27,16,7,101.5,0,1.517781951,8,8.6,773.6171909,3,OV27,am,o
28,1,5,34,6,0.569413668,34.4,4.246,486.9468613,140,OV27,am,o
28,2,7,20.5,4,3.229949947,31,4.419,373.0641276,72,OV27,am,o
28,3,10,36,3,0.090320789,12.4,4.893,109.9557429,150,OV27,am,o
28,4,8,99,5,1.73180295,9.12,4.783,322.013247,7,OV27,am,o
28,5,11,88,5,0.473202393,8.58,6.501,153.1526419,52,W21,am,o
28,6,13,112.5,0,0.066758844,11.3,6.695,43.19689899,30,OV27,am,o
28,7,14,85,2,0.620464549,12.3,6.625,314.1592654,10,W21,am,o
28,8,15,10,3,1.712167996,8.61,5.654,263.1083847,21,W21,am,o
28,9,10,50,3,2.442588288,6.14,5.5,208.1305133,113,W21,am,o
28,10,11,71.5,2,1.044579557,6.17,6.028,329.8672286,6,W21,am,o
28,11,5,72,2,1.627737694,9.31,6.054,522.2897787,14,W13,am,t
28,12,7,43,3,1.619883712,8.04,5,106.0287521,26,W21,am,o
28,13,2,1.5,1,0.375027623,10.4,4.031,0,14,W21,am,o
28,14,10,85.5,7,1.325359401,10.6,7.34,596.9026042,2,OV27,am,o
28,15,6,34.5,7,0.779507677,10.9,5.159,946.4047869,10,W21,am,o
28,16,9,47,7,1.127046364,11.9,5.66,655.8074664,3,W21,am,o
29,2,19,74,0,0.227765467,8.3,7.4,0,10,OV27,am,o
29,3,22,110.5,2,2.199114858,18.4,8.7,19.63495408,2,OV27,am,o
29,4,21,73.5,5,1.786780822,9.5,4.5,157.0796327,4,W14,em,t
29,5,5,47.5,0,1.482439033,31.9,5,0,3,W12,am,t
29,6,11,35.5,0,3.322234231,20.2,4.2,0,3,OV27,am,o
29,7,17,106.5,0,1.865320638,16.7,8.8,27.48893572,4,W12,am,t
29,8,11,40.5,0,1.998838326,33.9,4.3,0,13,W10,em,t
29,9,10,233,0,,10.3,5.6,,1,W25,am,a
29,10,10,74,1,0.090320789,8.9,4.6,47.1238898,103,W21,am,o
29,11,3,90.5,0,3.559817176,7.5,4.4,0,3,W15,em,t
29,12,11,65.5,5,0.420188017,21,8.9,117.8097245,6,W12,am,t
29,13,8,28,0,2.004728812,16.7,5.7,7.853981634,14,W12,am,t
29,14,15,95.5,3,0.070685835,14.7,7.1,0,2,OV27,am,o
29,15,15,71,4,0.524253274,14.6,4.5,82.46680716,3,W21,am,o
29,16,8,73.5,3,0.141371669,14.8,8.8,695.0773746,4,W13,am,t
30,1,6,77.5,0,0.484983366,33.55632,4.213,0,71,W10,em,t
30,2,16,16,2,2.544690049,15.48107,5.929,51.05088062,36,W10,em,t
30,3,7,43.5,0,1.433351648,41.93586,4.484,0,16,W10,em,t
30,4,10,47.5,0,0.310232275,15.24267,4.875,0,122,W10,em,t
30,5,11,12,2,0.7696902,16.90527,4.509,19.63495408,17,W10,em,t
30,6,9,76,5,0.793252145,14.77232,4.678,161.0066235,7,W10,em,t
30,7,12,40,0,1.038689071,19.52315,4.449,0,63,W10,em,t
30,8,2,45,0,0.805033117,31.96699,4.146,0,130,W16,em,t
30,9,2,55,0,0.255254403,52.76036,3.5,0,102,W10,em,t
30,10,14,32.5,0,1.625774198,24.39444,4.331,0,52,W10,em,t
30,11,7,37.5,0,0.946404787,29.72308,4.447,0,80,W10,em,t
30,12,3,26,0,0.058904862,38.55249,4.488,11.78097245,50,W15,em,t
30,13,14,112.5,0,1.189878218,12.10661,4.742,0,60,W10,em,t
30,14,1,100,0,,16.74238,4.354,,150,W10,em,t
30,15,14,103.5,2,0.137444679,10.87168,4.613,62.83185307,2,W21,am,o
30,16,15,90,0,2.175552913,16.81011,4.775,47.1238898,91,W8,am,t
31,1,9,96,7,2.385646921,11.6,5.878,337.7212103,4,W8,am,t
31,2,27,30.5,3,0.877682448,12,6.171,357.3561643,24,W8,am,t
31,3,5,146,4,0.657770962,12.6,7.123,274.8893572,6,W13,am,t
31,4,5,57.5,5,1.918335014,6.1,6.245,930.6968236,3,W13,am,t
31,5,6,9.5,5,0.294524311,10.8,6.533,200.2765317,185,OV27,am,o
31,6,4,7.5,3,0.288633825,11.1,8.086,137.4446786,4,W21,am,o
31,7,8,15.5,1,0.021598449,11.4,7.835,66.75884389,196,OV27,am,o
31,8,35,23.5,3,0.750055246,10.8,7.113,70.68583471,189,W6,d,w
31,9,2,70.5,4,1.735729941,16.8,6.718,973.8937226,4,W8,am,t
31,10,4,92,6,1.798561794,10.7,6.365,561.5596868,4,W8,am,t
31,11,5,57.5,4,0.35931966,10.2,6.087,376.9911184,5,W13,am,t
31,12,2,81,7,0.687223393,13.8,6.148,455.5309348,2,W13,am,t
31,13,17,10,3,6.48738883,11,6.033,671.5154297,6,W10,em,t
31,14,16,22,5,0.74416476,13.3,6.142,624.3915399,13,W8,am,t
31,15,14,12,3,0.125663706,13.6,6.279,333.7942194,4,W8,am,t
31,16,11,70.5,4,0.736310778,14.6,7.033,345.5751919,31,W13,am,t
32,1,5,22,0,1.835868207,16.7,3.9,0,3,W10,em,t
32,2,5,7.5,0,0.461421421,15,4.2,0,2,W10,em,t
32,3,6,7.5,0,1.788744317,14.5,4.1,0,2,W10,em,t
32,4,2,1.5,0,1.032798585,34.5,4,0,0,W16,em,t
32,5,3,21.5,0,2.087195619,19.7,4,0,0,W15,em,t
32,6,3,2,0,1.111338401,12.8,4.2,0,5,W10,em,t
32,7,11,6,0,0.545851724,19.2,3.8,0,4,W10,em,t
32,8,3,1.5,0,1.03476208,9.3,4.1,0,1,W10,em,t
32,9,4,51.5,0,1.708241005,31.7,4.1,0,4,W10,em,t
32,10,19,44.5,0,0.003926991,24.3,3.9,0,180,OV27,am,o
32,11,10,5,0,0.164933614,11.9,4.7,0,2,W10,em,t
32,12,5,67,0,1.504037483,33.1,3.9,0,2,W10,em,t
32,13,2,1,0,1.914408023,10.2,4.3,0,2,W10,em,t
32,14,4,3,0,1.205586181,11.3,3.8,0,0,W10,em,t
32,15,6,8,0,3.919136835,14.1,4.1,0,1,W10,em,t
32,16,7,4,0,1.602212253,12.3,4.1,31.41592654,1,W10,em,t
33,1,10,86,5,1.021017612,19.4,7.7,251.3274123,3,W13,am,t
33,2,6,9,0,4.594579256,16.5,6.4,329.8672286,2,W10,em,t
33,3,11,24,1,1.348921346,12.9,4.7,188.4955592,12,W21,am,o
33,4,10,15,1,5.228788273,13.8,5,333.7942194,5,W10,em,t
33,5,12,187,3,0.249363917,11.1,6.8,106.0287521,4,OV27,am,o
33,6,14,42,4,0.934623814,21.3,8,121.7367153,4,W21,am,o
33,7,13,105,3,2.59574093,10.3,6.3,365.210146,4,OV27,am,o
33,8,14,95.5,3,1.24878308,13.2,6.9,98.17477042,23,W21,am,o
33,9,11,130,4,1.392118245,13.8,5.7,306.3052837,4,W21,am,o
33,10,10,110,5,3.587306111,10.9,8.8,530.1437603,1,W21,am,o
33,11,5,82,1,3.976078202,20.7,7.8,0,1,W13,am,t
33,12,10,94,8,4.891067063,20.7,7.9,577.2676501,2,W13,am,t
33,13,10,113,3,1.916371519,15.7,8.2,106.0287521,3,W21,am,o
33,14,9,134.5,2,2.022400271,18.8,8.1,161.0066235,6,W13,am,t
33,15,7,91,3,4.031056074,19.4,8.1,345.5751919,5,W13,am,t
33,16,9,99,7,4.050691028,16.9,7.7,380.9181092,3,W13,am,t
34,1,9,6,1,2.583959958,15.99505,7.059,133.5176878,183,W8,am,t
34,2,19,41.5,3,3.110176727,14.087,7.467,94.24777961,165,W21,am,o
34,3,7,108,4,1.543307391,15.04794,7.561,141.3716694,84,W21,am,o
34,4,8,88,4,1.398008731,25.74493,7.569,357.3561643,74,W8,am,t
34,5,13,97.5,0,1.127046364,19.79324,7.877,0,24,W8,am,t
34,6,4,82.5,5,1.94582395,14.34607,8.211,396.6260725,50,W13,am,t
34,7,8,90,2,1.429424657,15.4958,8.37,7.853981634,80,W13,am,t
34,8,4,3,6,0.767726705,14.04964,8.332,718.6393195,162,OV27,am,o
34,9,8,10,8,2.220713307,20.50847,8.333,494.8008429,170,W21,am,o
34,10,9,49,3,0.282743339,13.72561,8.428,82.46680716,33,W21,am,o
34,11,14,24.5,0,2.124502032,13.30041,7.309,39.26990817,121,W21,am,o
34,12,13,10,1,1.56097885,12.71527,8.083,74.61282552,153,W8,am,t
34,13,17,25,4,1.24878308,18.14912,8.018,168.8606051,122,W8,am,t
34,14,6,3.5,4,1.549197877,15.76797,8.074,451.603944,192,W21,am,o
34,15,13,22.5,3,2.205005344,15.44994,8.072,231.6924582,134,W8,am,t
34,16,5,3,2,2.744966581,18.55726,8.194,219.9114858,182,W8,am,t
35,1,5,7,1,0.005890486,7.730561,5.278,7.853981634,181,OV27,am,o
35,2,9,28.5,1,0.259181394,10.44301,6.766,145.2986602,111,W21,am,o
35,3,4,16,2,0.645989989,13.04456,7.268,200.2765317,40,W10,em,t
35,4,6,50.5,0,2.23642127,14.77965,4.268,0,2,W16,em,t
35,5,6,22.5,0,3.233876938,7.584098,4.29,0,2,W10,em,t
35,6,10,97,3,0.740237769,11.69767,4.233,47.1238898,3,W10,em,t
35,7,13,103.5,0,0.869828466,26.6458,4.167,0,11,W10,em,t
35,8,5,22,1,0.392699082,15.39965,6.141,43.19689899,35,W21,am,o
35,9,7,57.5,1,0.512472302,16.11556,6.798,31.41592654,1,W13,am,t
35,10,9,67,1,0.846266521,13.76705,7.175,35.34291735,20,W21,am,o
35,11,14,70,5,3.443970946,12.59343,6.032,314.1592654,1,W21,am,o
35,12,2,45,1,0.402516559,40.16702,6.37,54.97787144,42,W13,am,t
35,13,1,0.5,6,4.072289477,18.48878,6.277,306.3052837,11,W10,em,t
35,14,12,89.5,0,0.824668072,12.62817,4.479,0,3,W10,em,t
35,15,20,105.5,0,0.396626073,30.89651,6.302,0,1,S26,am,o
35,16,3,1.5,5,1.598285263,12.06989,5.411,498.7278338,1,OV27,am,o
36,1,11,31.5,1,0.91106187,13.6634,4.571,149.225651,32,W10,em,t
36,2,9,89,3,2.311034096,9.736308,6.277,341.6482011,8,W10,em,t
36,3,17,59,1,1.629701189,11.54777,4.32,270.9623664,24,W10,em,t
36,4,11,42,0,0.891426915,13.00326,4.9,149.225651,5,W10,em,t
36,5,9,58.5,1,2.466150233,9.822069,4.699,298.4513021,3,OV27,am,o
36,6,8,47.5,0,1.052433539,15.53763,4.418,58.90486225,15,W16,em,t
36,7,9,57.5,2,1.451023107,12.64795,5.698,121.7367153,3,OV27,am,o
36,8,14,63,0,0.891426915,12.69907,4.317,577.2676501,5,W10,em,t
36,9,18,62,0,0.746128255,7.836019,6.473,121.7367153,3,W6,d,w
36,10,13,29.5,1,2.825469893,20.35028,4.02,43.19689899,22,W8,am,t
36,11,17,80.5,3,0.496764338,6.533351,6.54,0,10,W6,d,w
36,12,15,98,3,1.985093858,11.17034,5.071,353.4291735,1,W10,em,t
36,13,13,35,0,0.651880476,10.51414,4.894,7.853981634,7,W16,em,t
36,14,7,12.5,,0.775580686,16.65101,5.858,74.61282552,,W21,am,o
36,15,22,103.5,0,1.822123739,17.13204,4.132,0,3,W6,d,w
36,16,19,108.5,,,11.74247,4.714,,,OV27,am,o
37,1,1,15,0,0.714712329,25.67036,4.156,0,0,W16,em,t
37,2,20,83.5,2,0.153152642,13.83893,5.757,82.46680716,3,W10,em,t
37,3,6,97.5,0,0.463384916,14.11162,4.57,0,2,W16,em,t
37,4,10,133.5,0,0.176714587,15.75524,5.371,0,13,W10,em,t
37,5,10,41.5,0,1.313578428,25.98187,3.775,0,2,W10,em,t
37,6,9,64.5,0,0.508545311,14.20388,4.984,58.90486225,4,OV27,am,o
37,7,7,122,0,0.257217899,17.1958,4.078,0,11,W16,em,t
37,8,12,113,0,0.441786467,15.54399,4.221,0,4,W10,em,t
37,9,6,62.5,1,1.207549676,14.89512,4.618,184.5685684,4,OV27,am,o
37,10,14,88.5,3,1.527599428,24.51788,4.121,98.17477042,6,W10,em,t
37,11,2,1,2,1.537416905,14.56151,4.555,251.3274123,3,OV27,am,o
37,12,5,2.5,4,1.702350519,15.55674,5.28,388.7720909,1,OV27,am,o
37,13,9,88,1,0.500691329,18.23848,4.497,35.34291735,2,W10,em,t
37,14,3,35.5,0,1.63362818,15.77048,4.13,7.853981634,3,W16,em,t
37,15,4,45.5,0,0.891426915,31.11642,3.647,11.78097245,2,W16,em,t
37,16,5,105.5,0,1.17613375,35.54082,3.407,0,1,W16,em,t
38,1,24,63.5,4,0.186532064,5.826601,4.823,82.46680716,4,W10,em,t
38,2,18,17.5,0,1.398008731,11.21756,4.261,0,4,W10,em,t
38,3,13,41,0,6.750497214,5.745115,6.148,212.0575041,1,OV27,am,o
38,4,9,9,1,6.616979527,9.345795,5.272,109.9557429,2,W10,em,t
38,5,17,93.5,2,4.072289477,12.61415,6.575,325.9402378,2,W8,am,t
38,6,9,110,0,3.553926689,8.112747,4.722,35.34291735,1,W10,em,t
38,7,25,107.5,0,1.370519795,4.916574,6.297,7.853981634,4,W10,em,t
38,8,15,103,0,4.457134577,17.06177,5.295,141.3716694,5,W10,em,t
38,10,11,96.5,0,0.699004365,7.226925,4.718,51.05088062,3,W16,em,t
38,11,7,94.5,0,4.172427743,10.13033,4.688,0,3,W16,em,t
38,12,24,109,0,3.634430001,10.07977,4.148,0,4,W10,em,t
38,13,32,96.5,0,2.93346214,23.71812,4.298,0,3,W10,em,t
38,14,26,101,1,1.531526419,4.679197,5.101,204.2035225,14,W6,d,w
38,15,23,65.5,1,1.311614933,10.6479,4.838,561.5596868,5,OV27,am,o
38,16,22,93.5,0,3.60497757,14.62208,4.362,467.3119072,13,W6,d,w
39,1,25,113,0,2.216786316,25.8207,6.211,51.05088062,2,W10,em,t
39,2,22,129,0,0.441786467,21.90573,4.42,0,4,W10,em,t
39,3,25,106.5,,,18.67204,6.285,,,OV27,am,o
39,4,24,87,0,,22.14299,5.279,,1,OV27,am,o
39,5,13,77,0,0.003926991,31.8791,5.041,0,2,W16,em,t
39,6,32,90.5,0,0.001963495,26.75682,5.905,0,2,OV27,am,o
39,7,47,121.5,0,,16.10937,5.496,,51,W10,em,t
39,8,20,122,0,,15.45374,5.554,,0,W16,em,t
39,9,14,107,0,,36.90983,5.369,,10,W16,em,t
39,10,24,96,0,,33.87114,5.936,,1,OV27,am,o
39,11,9,20.5,0,,28.42818,4.264,,0,W16,em,t
39,12,19,119.5,0,,26.68691,4.475,,0,OV27,am,o
39,13,7,98,0,,91.20235,4.373,,0,U2,am,a
39,14,17,99,,,28.76216,5.405,,,MG7,am,o
39,15,18,122.5,,,18.60533,5.31,,,OV27,am,o
39,16,22,97,,,19.7389,6.242,,,MG10,am,o
40,1,15,82,0,0.070685835,32.9,4.552,0,11,W16,em,t
40,2,36,128,0,0.14529866,9.3,5.652,0,2,W10,em,t
40,3,46,60,0,0.308268779,19.6,6.026,90.32078879,3,MG9,am,w
40,4,30,127,0,0.810923604,10.2,5.476,78.53981634,1,MG1,am,o
40,5,47,75.5,0,0.204203522,13.4,6.138,102.1017612,2,W24,am,o
40,6,24,111,,0.363246651,49.3,6.353,0,,W6,d,w
40,7,17,91.5,,0.09817477,9.05,4.597,7.853981634,,OV27,am,o
40,8,34,111.5,1,1.378373777,12.3,5.346,153.1526419,11,W10,em,t
40,9,23,119.5,0,0.180641578,12.9,5.731,0,0,W10,em,t
40,10,26,72.5,0,2.267837197,12.9,6.044,294.5243113,1,W10,em,t
40,11,20,137.5,0,0.977820713,12.3,6.339,0,1,W8,am,t
40,12,24,88,,0.730420292,7.63,5.359,180.6415776,,W10,em,t
40,13,35,93.5,,0.832522053,6.44,6.065,15.70796327,,W6,d,w
40,14,42,83.5,,0.681332907,51.3,6.293,0,,W10,em,t
40,15,21,100,0,1.158462291,10.3,5.449,172.7875959,1,W10,em,t
40,16,23,93,,1.119192383,11.5,5.522,149.225651,,OV27,am,o
41,1,27,51.5,3,0.91498886,26.51878,4.707,164.9336143,1,W6,d,w
41,2,23,72.5,4,0.846266521,19.4921,4.757,310.2322745,1,W21,am,o
41,3,19,51.5,1,0.263108385,13.76538,5.085,15.70796327,0,W6,d,w
41,4,24,106,,0.706858347,13.20814,4.603,51.05088062,,W10,em,t
41,5,19,89.5,,0.215984495,12.65981,5.371,39.26990817,,W6,d,w
41,6,25,64.5,3,2.071487656,19.46282,5.201,290.5973205,1,W21,am,o
41,7,15,79,,3.45967891,12.77382,4.729,0,,OV27,am,o
41,8,21,71,,1.022981108,10.19315,5.665,408.407045,,W6,d,w
41,9,24,58.5,1,4.125303853,7.837352,6.346,176.7145868,0,W6,d,w
41,10,28,98.5,,3.946625771,10.36728,5.533,310.2322745,,W6,d,w
41,11,21,59.5,,1.207549676,12.2294,4.895,0,,W6,d,w
41,12,27,73.5,,1.337140373,12.63833,4.918,549.7787144,,W21,am,o
41,13,30,66,,3.00218448,9.147442,5.249,129.590697,,W6,d,w
41,14,26,89.5,,1.712167996,7.786123,5.761,0,,S7,am,w
41,15,22,84,,1.244856089,13.45135,4.732,141.3716694,,OV27,am,o
41,16,19,86.5,4,1.27430852,10.5696,6.163,184.5685684,1,W6,d,w
42,1,19,37.5,0,,18.2,4.744,,0,M15,am,w
42,2,9,119.5,,0.333794219,14.1,4.403,0,,W25,am,a
42,3,13,65.5,0,0.71863932,59.2,5.035,35.34291735,1,W10,em,t
42,4,19,140.5,0,0.451603944,12.7,4.895,47.1238898,0,W16,em,t
42,5,9,103.5,0,0.373064128,11.6,5.631,19.63495408,1,W10,em,t
42,6,6,77,0,0.325940238,38.5,5.151,31.41592654,1,H2,am,o
42,7,9,24,0,0.712748833,48.7,4.979,0,1,H2,am,o
42,8,11,129,,0.259181394,42.5,5.055,54.97787144,,W10,em,t
42,9,23,101,0,0.541924733,6.27,5.299,0,2,W10,em,t
42,10,17,141.5,0,0.333794219,47.6,7.404,0,0,W10,em,t
42,11,30,108,0,0.070685835,26.9,5.867,219.9114858,1,M6,u,w
42,12,18,49,0,0.64991698,90.5,5.62,0,2,W4,em,t
42,13,10,119.5,,0.681332907,73.2,5.438,0,,W10,em,t
42,14,14,70.5,0,0.019634954,11.6,5.429,0,1,W10,em,t
42,15,18,94,0,2.986476516,8.77,5.755,294.5243113,1,W10,em,t
42,16,26,96,0,1.670934593,91,4.145,3.926990817,0,W10,em,t
43,1,33,114.5,1,1.431388153,12.36321,5.97,106.0287521,0,W4,em,t
43,2,26,115.5,0,,19.44469,6.022,,0,W4,em,t
43,3,14,97.5,1,0.176714587,12.14585,5.4,11.78097245,2,W10,em,t
43,4,12,106,0,,14.31818,6.034,,1,W10,em,t
43,5,20,150,,,17.72998,5.779,,,OV27,am,o
43,6,22,87,0,0.066758844,14.69873,5.8,0,2,W22,am,a
43,7,15,111,2,1.093666943,21.57953,5.752,125.6637061,10,W10,em,t
43,8,24,77,,1.784817326,11.15166,5.61,192.42255,,W10,em,t
43,9,12,100.5,,1.498146997,15.07202,5.882,106.0287521,,OV27,am,o
43,10,9,112,0,,20.03543,4.7,,2,W10,em,t
43,11,25,123,0,,22.10083,4.518,,3,W10,em,t
43,12,9,92.5,0,1.127046364,21.93405,4.687,7.853981634,3,W10,em,t
43,13,17,72.5,0,0.017671459,11.7733,4.767,0,2,W16,em,t
43,14,14,98.5,1,1.197732199,23.68989,4.189,90.32078879,0,OV27,am,o
43,15,23,114,0,0.176714587,69.0574,4.618,0,1,OV27,am,o
43,16,12,79.5,0,1.773036354,85.50829,5.183,0,1,OV27,am,o
44,1,17,94,,,10.58317,4.277,,,OV27,am,o
44,2,5,100,,,7.906697,6.365,,,MG7,am,o
44,3,24,109,0,,10.22922,5.878,,2,MG1,am,o
44,4,8,102,,,6.623051,6.192,,,MG7,am,o
44,5,14,103,,,9.931222,6.168,,,MG7,am,o
44,6,20,105,,,12.89091,6.317,,,MG10,am,o
44,7,16,109,0,,7.138603,6.07,,10,OV27,am,o
44,8,16,99,,0.159043128,15.96135,6.252,0,,MG7,am,o
44,9,20,101.5,,,12.06003,6.437,,,OV27,am,o
44,10,10,68.5,2,1.686642556,7.253565,4.62,164.9336143,22,OV27,am,o
44,11,9,68.5,0,0.117809725,5.501937,3.897,0,3,W10,em,t
44,12,21,102.5,0,2.234457775,6.369366,5.386,314.1592654,3,W14,em,t
44,13,12,89,1,2.120575041,7.541786,3.583,113.8827337,3,OV27,am,o
44,14,20,74.5,1,0.037306413,6.235654,6.621,78.53981634,1,OV27,am,o
44,15,19,69,0,0.322013247,3.57814,7.366,35.34291735,12,W6,d,w
44,16,8,48,2,2.369938958,5.45738,5.995,251.3274123,2,OV27,am,o
45,1,17,104,3,0.137444679,5.628362,6.402,212.0575041,12,W6,d,w
45,2,3,81,0,0.074612826,13.41635,4.527,23.5619449,10,W16,em,t
45,3,8,95.5,2,3.039490892,8.423955,4.985,286.6703296,23,W10,em,t
45,4,14,103.5,5,3.657991946,13.34354,5.7,424.1150082,11,W6,d,w
45,5,9,140,1,2.6939157,7.437221,5.01,349.5021827,50,W10,em,t
45,6,17,130,3,4.32361689,8.816899,5.248,380.9181092,32,W10,em,t
45,7,13,182,,,7.540478,5.13,,,W21,am,o
45,8,10,101,2,1.162389282,22.86546,3.899,35.34291735,10,W10,em,t
45,9,16,93.5,0,0.430005494,23.03143,3.591,15.70796327,60,W6,d,w
45,10,10,115.5,0,2.273727683,9.958764,4.229,164.9336143,20,W10,em,t
45,11,7,97,0,0.274889357,27.25486,3.649,47.1238898,40,W10,em,t
45,12,4,80,0,0.665624943,6.816267,4.104,0,21,W10,em,t
45,13,8,65.5,0,0.09817477,20.73279,3.854,62.83185307,110,W10,em,t
45,14,5,170.5,,0.441786467,36.78288,3.638,117.8097245,,W22,am,a
45,15,17,50.5,1,1.211476667,18.56161,4.932,54.97787144,101,W8,am,t
45,16,12,96.5,0,3.934844799,23.88181,4.445,333.7942194,62,W10,em,t
46,1,12,11,0,1.977239876,11.43962,7.193,384.8451001,1,W12,am,t
46,2,3,70.5,0,,,,,12,W13,am,t
46,3,11,6,4,1.019054117,7.083931,8.184,341.6482011,60,W21,am,o
46,4,12,54,0,1.904590546,12.15479,6.548,39.26990817,32,W8,am,t
46,5,10,41,0,2.014546289,10.18389,6.137,7.853981634,31,W10,em,t
46,6,27,141,0,,6.875825,7.485,,1,MG7,am,o
46,7,4,71.5,0,1.517781951,13.14882,4.848,117.8097245,91,W16,em,t
46,9,15,21,2,1.272345025,12.25209,5.343,274.8893572,132,W8,am,t
46,10,12,12.5,0,1.117228887,9.267349,7.582,392.6990817,140,W21,am,o
46,11,14,91.5,0,0.019634954,12.08975,7.702,0,61,S5,am,w
46,12,25,76,1,0.960149255,11.28489,3.993,54.97787144,61,W8,am,t
46,13,4,67.5,0,1.506000978,12.29058,5.301,7.853981634,71,W10,em,t
46,14,10,26.5,3,0.752018741,13.22605,7.426,125.6637061,142,OV27,am,o
46,15,13,55,2,1.94582395,8.975545,6.187,608.6835766,63,OV27,am,o
46,16,7,22,0,,,,,40,W21,am,o
47,1,26,65,0,0.563523182,75.40134,4.113,0,7,W16,em,t
47,2,29,78.5,0,0.11977322,7.284395,5.727,0,7,W10,em,t
47,3,10,24.5,0,1.702350519,18.31636,4.699,11.78097245,3,W16,em,t
47,4,30,88.5,0,0.325940238,16.58682,5.12,0,3,OV27,am,o
47,5,33,127.5,0,0.229728963,15.727,6.675,0,2,W16,em,t
47,6,37,129,0,0.600829595,6.934498,6.912,0,2,OV27,am,o
47,7,30,68,1,0.11977322,15.48842,5.172,86.39379797,4,W10,em,t
47,8,18,92.5,2,0.106028752,7.418423,5.37,184.5685684,5,W10,em,t
47,9,33,80.5,0,2.672317251,11.99534,5.136,94.24777961,3,W10,em,t
47,10,21,37,0,0.62439154,10.04551,6.324,66.75884389,3,W10,em,t
47,11,19,58.5,0,0.630282026,28.07075,4.632,54.97787144,4,OV27,am,o
47,12,44,126.5,0,0.208130513,36.51211,5.572,0,2,W4,em,t
47,13,41,123,0,0.441786467,19.91793,6.091,0,4,W4,em,t
47,14,42,134,0,,8.627517,6.945,,3,OV27,am,o
47,15,33,125,0,,7.599106,5.732,,1,W10,em,t
47,16,35,116,0,2.328705554,9.169345,5.675,0,0,MG1,am,o
48,1,10,5,0,5.295547117,10.6,5,396.6260725,190,W8,am,t
48,2,11,6,0,2.688025214,10.8,5,90.32078879,175,W8,am,t
48,3,5,4.5,1,1.456913593,49.9,4.1,219.9114858,122,OV27,am,o
48,4,5,3.5,1,1.309651437,19.3,4.2,223.8384766,6,OV27,am,o
48,5,5,3.5,0,0.765763209,27.7,4.2,0,65,W10,em,t
48,6,6,4.5,1,3.440043956,25.2,4.3,161.0066235,194,W10,em,t
48,8,15,26.5,7,1.272345025,9.1,5,463.3849164,135,W6,d,w
48,9,21,54.5,1,1.816233253,15.3,6.8,62.83185307,202,W6,d,w
48,11,9,5,0,0.691150384,10.9,4.3,7.853981634,26,W14,em,t
48,12,13,26.5,0,0.9837112,22.9,4.2,251.3274123,84,W10,em,t
48,13,4,12,0,1.500110492,16.6,4.3,11.78097245,24,W16,em,t
48,14,2,1,0,0.043196899,29.9,4.2,7.853981634,42,OV27,am,o
48,15,21,49.5,5,2.446515279,6.9,6.4,325.9402378,44,W6,d,w
48,16,6,38,0,1.928152491,17.2,4.7,27.48893572,76,W16,em,t
49,1,8,88.5,0,0.323976742,16.2556,4.477,408.407045,4,W10,em,t
49,2,6,98,0,0.561559687,25.11224,3.911,636.1725124,2,OV27,am,o
49,3,5,96,0,1.494220006,32.89272,3.54,373.0641276,3,W10,em,t
49,4,5,98.5,0,1.291979979,22.76719,3.568,98.17477042,4,W10,em,t
49,5,7,88,1,0.074612826,58.80009,4.37,54.97787144,4,OV27,am,o
49,6,6,32.5,1,1.73180295,20.28111,3.955,94.24777961,50,OV27,am,o
49,7,8,57,3,1.668971097,28.88469,3.665,176.7145868,13,OV27,am,o
49,8,9,55.5,0,0.323976742,23.34495,3.58,98.17477042,40,W10,em,t
49,9,12,83,0,1.975276381,29.94608,3.89,54.97787144,30,W10,em,t
49,10,7,73.5,1,0.261144889,27.34154,3.772,168.8606051,42,OV27,am,o
49,11,5,22,3,0.536034247,18.75939,4.224,215.9844949,141,W21,am,o
49,12,8,53,1,0.589048623,49.81292,4.474,109.9557429,30,W21,am,o
49,13,11,38.5,2,1.600248758,27.16504,3.769,133.5176878,163,W6,d,w
49,14,8,25.5,3,0.249363917,14.25429,6.282,133.5176878,160,W6,d,w
49,15,6,28.5,1,0.02552544,33.80174,6.382,66.75884389,82,W21,am,o
49,16,9,97.5,3,1.050470044,53.89515,6.569,239.5464398,2,W6,d,w
50,1,12,33.5,2,2.051852702,12.93345,4.7,62.83185307,13,OV27,am,o
50,2,29,80.5,4,1.786780822,6.198223,5.195,349.5021827,4,W10,em,t
50,3,17,72.5,1,3.139629158,15.04786,5.032,51.05088062,7,W10,em,t
50,4,21,105.5,3,0.909098374,10.94644,4.829,212.0575041,2,W10,em,t
50,5,35,111.5,0,,10.86776,5.78,,1,MG1,am,o
50,6,11,105.5,,,10.51018,6.007,,,MG7,am,o
50,7,21,107,,,12.29325,5.812,,,OV21,am,o
50,8,17,86,2,0.237582944,13.51375,6.064,54.97787144,3,W10,em,t
50,9,8,5.5,1,7.033240553,7.272179,4.991,0,1,W15,em,t
50,10,6,3.5,2,3.133738672,13.46611,4.485,90.32078879,3,W10,em,t
50,11,7,6,1,1.773036354,12.50895,4.763,11.78097245,4,W10,em,t
50,12,37,79,2,1.486366024,16.19554,6.083,15.70796327,1,W6,d,w
50,13,34,65.5,2,1.68075207,14.77493,4.458,39.26990817,5,W10,em,t
50,14,26,47.5,0,2.839214361,15.71377,4.912,7.853981634,15,W10,em,t
50,15,22,18,1,4.031056074,11.36071,5.973,0,5,W10,em,t
50,16,15,97.5,0,2.142173491,16.82526,4.627,0,4,W10,em,t
51,1,4,47.5,0,1.386227758,25.8,4.033,0,24,W15,em,t
51,2,5,93.5,3,0.979784209,11.9,4.97,832.5220532,202,W21,am,o
51,3,9,81.5,5,1.168279768,19.6,4.667,911.0618695,44,W21,am,o
51,4,5,4,6,1.456913593,13.8,4.599,612.6105675,203,W21,am,o
51,5,5,4,7,1.774999849,17.5,4.838,981.7477042,202,OV27,am,o
51,6,11,9,6,1.178097245,18.3,4.405,746.1282552,194,W21,am,o
51,7,4,3.5,5,2.020436775,16.3,4.617,1272.345025,203,OV27,am,o
51,8,4,4,5,1.333213382,15.8,4.702,1217.367153,203,OV27,am,o
51,9,3,3,3,1.374446786,15.9,3.978,416.2610266,204,W21,am,o
51,10,6,4.5,4,2.220713307,16.2,4.834,1138.827337,203,W21,am,o
51,11,3,3,5,1.843722189,14.6,4.718,1311.614933,183,OV27,am,o
51,12,11,7.5,5,1.541343896,13.1,4.707,1091.703447,203,OV27,am,o
51,13,5,4.5,4,1.358738823,11,4.495,565.4866776,202,W8,am,t
51,14,3,17,2,2.038108234,29,3.912,498.7278338,193,W21,am,o
51,15,5,46.5,4,3.310453259,19,4.162,1421.570676,112,OV27,am,o
51,16,6,4.5,5,1.755364895,23.9,4.065,918.9158512,192,W21,am,o
52,1,4,2,0,1.036725576,20.9,3.7,54.97787144,3,W16,em,t
52,2,13,51,1,1.582577299,17,3.9,51.05088062,42,W16,em,t
52,3,3,1.5,0,0.944441291,28.3,3.9,31.41592654,2,W16,em,t
52,4,1,0.5,0,0.606720081,30,3.9,39.26990817,0,W16,em,t
52,5,5,2.5,0,0.526216769,22.7,4,39.26990817,3,W16,em,t
52,6,8,63,0,0.561559687,15.3,3.9,31.41592654,63,W16,em,t
52,7,18,10.5,1,2.6939157,21.6,3.8,15.70796327,52,W10,em,t
52,8,10,34.5,1,0.594939109,13.8,3.9,66.75884389,52,W16,em,t
52,9,12,35.5,0,0.91106187,15.4,4.6,0,123,W10,em,t
52,10,11,100,0,2.228567289,17.2,3.8,39.26990817,10,W16,em,t
52,11,6,42,0,0.563523182,13.7,4.2,23.5619449,51,W16,em,t
52,12,9,73.5,0,0.541924733,14.3,4,0,42,W10,em,t
52,13,6,3,1,0.549778714,16.1,4,23.5619449,42,W16,em,t
52,14,9,64.5,1,0.787361659,16.9,3.7,70.68583471,62,W10,em,t
52,15,5,52.5,1,1.590431281,25.5,3.8,19.63495408,42,W10,em,t
52,16,4,81,0,0.801106127,19.5,4.2,15.70796327,83,W16,em,t
53,1,34,111.5,0,0.331830724,5.8,7.4,0,1,W6,d,w
53,2,31,129.5,,0.001963495,11.4,6.4,0,,W6,d,w
53,3,18,123.5,1,1.077958979,75.2,7.2,15.70796327,3,W6,d,w
53,4,15,111.5,4,1.990984344,42.8,7.4,298.4513021,0,OV27,am,o
53,5,19,105,7,2.334596041,5.8,4.4,306.3052837,12,OV27,am,o
53,6,14,139,7,2.525055095,39.3,7.7,243.4734307,2,OV27,am,o
53,7,16,57.5,5,0.581194641,8.5,6.9,145.2986602,3,OV27,am,o
53,8,20,46.5,4,3.89557489,15.4,4,164.9336143,30,W6,d,w
53,9,20,105,0,,14.1,5.9,,11,S5,am,w
53,10,15,72,3,2.415099352,10.7,6.4,62.83185307,102,W21,am,o
53,11,15,150.5,4,2.536836068,75.2,4,0,12,W6,d,w
53,12,15,140.5,7,1.829977721,33.5,6.8,98.17477042,4,OV27,am,o
53,13,20,140,0,2.448478774,80.4,6.1,0,14,W6,d,w
53,14,29,105,2,0.620464549,56.3,6.6,86.39379797,14,W6,d,w
53,15,19,99.5,4,0.824668072,51.8,6.8,223.8384766,4,W6,d,w
53,16,15,116.5,,1.386227758,16.6,7.4,0,,W6,d,w
54,1,15,127,0,0.600829595,12.1132,4.213,0,1,W10,em,t
54,2,7,96,0,0.001963495,9.14766,6.94,0,1,OV27,am,o
54,3,10,14.5,5,0.214021,10.42625,4.279,0,0,W10,em,t
54,5,9,112,0,0.946404787,14.6933,3.62,0,2,W10,em,t
54,6,6,62,0,0.765763209,12.26003,3.983,94.24777961,1,W10,em,t
54,7,13,116.5,0,0.180641578,71.41005,3.879,51.05088062,1,W10,em,t
54,8,5,66,0,,22.03821,3.457,,1,W22,am,a
54,9,8,68.5,0,0.430005494,17.80148,3.681,51.05088062,2,W10,em,t
54,10,5,47,0,1.806415776,19.56701,4.903,117.8097245,20,W10,em,t
54,11,8,72.5,0,1.733766446,15.74145,4.521,35.34291735,21,W10,em,t
54,12,9,67.5,0,1.246819584,16.2209,4.328,0,2,W10,em,t
54,13,3,45.5,0,2.187333885,16.08807,4.294,400.5530633,1,W10,em,t
54,14,7,77,1,0.846266521,14.06027,4.413,102.1017612,2,W14,em,t
54,15,14,79.5,1,1.309651437,14.65747,4.083,0,2,W10,em,t
54,16,13,64.5,0,0.441786467,15.57276,4.055,58.90486225,5,W10,em,t
55,1,11,29,4,0.361283155,13.42479,5.798,161.0066235,130,W21,am,o
55,2,19,73,5,0.653843971,10.67703,5.398,294.5243113,65,W8,am,t
55,3,16,79.5,5,0.913025365,11.801,5.631,196.3495408,20,W21,am,o
55,4,10,11.5,1,0.070685835,10.56187,6.832,15.70796327,162,MG1,am,o
55,5,8,27,1,0.092284284,76.01305,7.085,62.83185307,54,W21,am,o
55,6,6,23,3,2.214822821,9.321823,6.772,184.5685684,20,W8,am,t
55,8,7,25,5,0.333794219,71.4301,6.952,259.1813939,24,W10,em,t
55,9,9,31.5,5,0.345575192,29.74828,7.083,172.7875959,2,W21,am,o
55,10,18,66.5,3,0.031415927,60.23736,7.256,47.1238898,16,W8,am,t
55,11,12,46.5,5,0.392699082,31.50713,6.539,204.2035225,42,W21,am,o
55,12,12,13.5,3,0.268998871,42.3941,7.317,54.97787144,12,W21,am,o
55,13,11,8.5,2,0.376991118,15.13803,6.417,141.3716694,5,W21,am,o
55,14,12,38.5,7,2.580032967,23.69104,7.267,345.5751919,7,W21,am,o
55,15,6,88,,0.092284284,13.15446,5.467,106.0287521,,W21,am,o
55,16,9,35,1,5.022621255,12.41737,5.848,82.46680716,10,W10,em,t
56,1,5,101.5,3,2.102903582,9.256636,4.928,235.619449,2,W10,em,t
56,2,12,73.5,1,2.352267499,12.50841,4.819,74.61282552,14,W10,em,t
56,3,10,79.5,1,1.663080611,18.26829,4.69,43.19689899,42,W16,em,t
56,4,10,78.5,5,2.036144739,10.81564,4.792,314.1592654,25,OV27,am,o
56,5,11,85,0,2.729258618,9.596329,4.943,0,5,W8,am,t
56,6,12,105.5,8,1.140790832,6.849315,6.139,357.3561643,12,W8,am,t
56,7,10,99.5,1,1.886919088,7.898629,5.741,212.0575041,6,OV27,am,o
56,8,8,78,1,1.366592804,9.213167,6.048,145.2986602,6,OV27,am,o
56,9,4,98,0,1.070104998,15.88832,4.389,62.83185307,5,W16,em,t
56,10,14,97.5,2,0.979784209,16.53166,4.349,109.9557429,23,W10,em,t
56,11,9,20,0,2.42884382,12.68365,4.209,145.2986602,3,W14,em,t
56,12,17,76.5,2,0.860010989,13.04162,4.277,94.24777961,25,W10,em,t
56,13,20,91.5,2,2.452405765,10.83969,4.815,341.6482011,4,W10,em,t
56,14,27,95,5,1.070104998,7.683284,4.344,282.7433388,4,W10,em,t
56,15,16,78.5,1,2.827433388,16.61802,4.119,0,6,W10,em,t
56,16,11,87.5,1,0.606720081,12.58904,4.494,0,5,OV27,am,o
57,1,11,58,5,1.99687483,6.210756,4.471,161.0066235,31,W8,am,t
57,2,14,73.5,0,0.486946861,8.624258,6.177,0,40,W8,am,t
57,3,16,92.5,1,1.812306262,11.71894,6.683,106.0287521,11,W8,am,t
57,4,12,62,1,5.464407722,9.490909,4.421,109.9557429,52,W10,em,t
57,5,10,67,,2.684098223,13.92982,6.042,522.2897787,,W6,d,w
57,6,16,36.5,0,3.259402378,8.655044,5.741,23.5619449,10,W8,am,t
57,7,13,98,,,9.281011,6.417,,,MG7,am,o
57,8,11,38,7,1.10348442,2.666381,6.757,255.2544031,50,W21,am,o
57,9,16,94,0,0.657770962,8.499508,5.857,125.6637061,32,W6,d,w
57,10,19,128.5,2,1.392118245,8.083286,5.7,176.7145868,1,W8,am,t
57,11,7,111,,,7.067977,6.123,,,OV20,am,o
57,13,13,82,,1.690569547,3.326209,6.642,70.68583471,,W6,d,w
57,14,10,81,1,1.34695785,6.265377,5.203,98.17477042,3,W10,em,t
57,15,15,98,2,2.083268628,8.120506,5.694,270.9623664,10,OV27,am,o
57,16,17,103,3,2.269800692,7.774208,4.676,341.6482011,22,W8,am,t
58,1,21,63.5,0,2.293362637,8.500345,5.302,0,3,W6,d,w
58,2,17,65,0,2.424916829,12.74995,6.267,31.41592654,2,W10,em,t
58,3,9,95.5,0,3.151410131,11.92152,4.268,0,1,W10,em,t
58,4,14,57.5,0,0.023561945,15.27134,4.883,11.78097245,4,W4,em,t
58,5,10,78,0,2.206968839,8.955403,5.353,35.34291735,5,W10,em,t
58,6,12,53.5,0,1.317505419,10.25382,4.472,27.48893572,3,W16,em,t
58,7,16,90,5,2.454369261,31.87524,4.118,365.210146,5,W7,am,t
58,8,11,61,0,2.542726554,16.90868,4.562,0,6,W10,em,t
58,9,13,97.5,0,3.375248607,19.82657,4.651,0,2,W16,em,t
58,10,6,29.5,0,3.881830423,50.28635,3.703,58.90486225,1,W16,em,t
58,11,9,103,0,1.405862712,12.57123,4.198,0,0,W10,em,t
58,12,12,77.5,0,3.765984193,18.45561,4.244,0,6,OV27,am,o
58,13,14,26,3,2.464186738,55.35629,5.681,43.19689899,152,W7,am,t
58,14,9,55,0,1.784817326,15.4026,4.196,227.7654674,4,W10,em,t
58,15,24,66,0,0.571377164,16.64604,5.135,0,57,W6,d,w
58,16,14,30.5,0,,9.669903,6.481,,4,OV27,am,o
59,2,24,105.5,,,6.057446,5.617,,,MG10,am,o
59,3,22,79.5,0,0.657770962,4.210273,5.38,0,11,W10,em,t
59,4,19,27.5,0,0.070685835,23.10984,4.9,0,0,W4,em,t
59,5,31,90,0,1.105447915,59.06256,4.762,0,2,W4,em,t
59,6,17,73,4,0.948368282,17.33269,4.812,62.83185307,11,W6,d,w
59,7,28,88,2,1.022981108,17.47364,5.223,31.41592654,15,OV26,am,o
59,9,34,114,0,0.021598449,27.81425,5.216,0,0,S4,am,w
59,10,25,56.5,0,0.801106127,18.9352,5.02,0,1,OV26,am,o
59,11,29,78,,1.411753199,10.45594,4.653,0,,W4,em,t
59,12,22,110.5,0,0.563523182,24.10705,5.376,0,1,S4,am,w
59,13,22,68,0,0.16689711,7.490252,4.957,0,1,S4,am,w
59,14,19,49.5,0,0.447676953,43.57215,4.625,0,1,S4,am,w
59,15,20,73.5,1,2.344413518,41.60937,4.338,133.5176878,4,W2,d,w
59,16,25,81.5,,,10.86412,5.004,,,OV26,am,o
60,1,3,1.5,8,2.833323874,56.9,6.249,486.9468613,4,W21,am,o
60,2,7,5,0,,39.7,6.331,,8,W13,am,t
60,3,2,1,11,3.257438883,35.2,7.04,636.1725124,4,W16,em,t
60,4,10,7,5,1.24878308,74.2,4.541,208.1305133,12,W8,am,t
60,5,5,2.5,5,3.290818305,25.9,6.519,251.3274123,5,W10,em,t
60,6,24,50.5,3,0.206167018,78.4,5.77,133.5176878,17,W10,em,t
60,7,2,1,2,1.146681319,57.4,5.192,164.9336143,5,W8,am,t
60,8,1,0.5,9,1.050470044,35.7,6.484,451.603944,1,OV27,am,o
60,9,13,23,6,1.46673107,14.6,6.693,243.4734307,20,W10,em,t
60,10,14,30.5,5,1.142754328,25.6,5.662,215.9844949,54,W10,em,t
60,11,11,30,3,3.015928947,29.8,6.432,208.1305133,19,W10,em,t
60,12,16,36.5,9,4.488550504,16.3,5.623,541.9247327,9,W8,am,t
60,13,8,13.5,9,1.297870465,28.6,6.339,314.1592654,4,W10,em,t
60,14,18,38,6,1.533489914,55.6,6.892,267.0353756,7,W10,em,t
60,15,15,37.5,0,0.657770962,34,6.902,58.90486225,85,W10,em,t
60,16,9,11.5,7,0.514435797,49.4,6.474,373.0641276,9,W21,am,o
61,1,20,82.5,0,0.614574063,11.75327,4.308,7.853981634,62,W10,em,t
61,2,11,103.5,0,0.003926991,8.103904,4.934,0,2,W4,em,t
61,3,14,36,1,0.074612826,13.13863,5.99,0,40,OV27,am,o
61,4,14,91.5,0,0.009817477,9.376961,4.854,0,83,OV27,am,o
61,5,16,14,0,0.278816348,13.40749,4.484,0,81,W10,em,t
61,6,12,96,0,0.233655954,9.222495,5.235,0,11,W4,em,t
61,7,6,26.5,0,0.712748833,28.14355,4.234,0,3,W10,em,t
61,8,24,57.5,0,1.511891465,14.77562,5.055,353.4291735,4,W10,em,t
61,9,17,72,0,0.877682448,17.5746,4.027,0,23,W10,em,t
61,10,11,39,0,1.105447915,17.92118,3.949,0,81,W10,em,t
61,11,17,122,0,0.007853982,22.91759,4.363,62.83185307,22,W10,em,t
61,12,14,120.5,0,0.09424778,23.70974,4.255,0,21,W10,em,t
61,13,20,44,0,0.822704576,7.709867,4.703,0,3,W10,em,t
61,14,5,12,1,0.009817477,9.725954,4.657,62.83185307,83,W14,em,t
61,15,7,74,0,0.007853982,14.23664,4.717,7.853981634,12,W16,em,t
61,16,18,69,0,0.02552544,19.58325,4.628,0,1,W10,em,t
62,1,7,17,0,1.645409152,15.8161,4.112,353.4291735,0,W10,em,t
62,2,6,151,0,,16.93454,4.07,,1,W10,em,t
62,3,21,116,1,0.918915851,23.317,5.531,51.05088062,13,W10,em,t
62,4,9,72,0,2.026327262,14.36698,4.232,223.8384766,3,W10,em,t
62,5,5,46,2,0.918915851,83.72573,3.303,54.97787144,1,W16,em,t
62,6,12,167.5,,,12.67912,5.446,,,OV27,am,o
62,7,11,107.5,0,0.512472302,18.12749,3.917,0,21,W10,em,t
62,8,13,212,0,0.634209017,18.53968,5.276,0,11,W10,em,t
62,9,7,77,0,0.669551934,19.3151,3.913,51.05088062,3,W16,em,t
62,10,15,88.5,,,10.0293,6.004,,,MG7,am,o
62,11,26,82.5,,,18.86657,4.987,,,OV27,am,o
62,12,12,102.5,,,20.07744,4.69,,,OV27,am,o
62,13,29,106.5,0,0.001963495,14.11306,5.435,15.70796327,1,OV27,am,o
62,14,4,16.5,3,0.873755457,21.55198,4.271,333.7942194,12,OV27,am,o
62,15,15,65,,2.88633825,12.71574,5.402,180.6415776,,W10,em,t
62,16,22,74.5,,0.48301987,21.22186,5.385,78.53981634,,W21,am,o
63,1,29,41.5,2,1.965458904,5.990622,5.688,235.619449,2,W21,am,o
63,2,17,71.5,2,3.628539515,7.618338,5.574,247.4004215,81,W21,am,o
63,3,20,14.5,2,3.381139093,8.855075,5.655,168.8606051,44,W8,am,t
63,4,21,75.5,2,0.536034247,6.707506,5.375,27.48893572,3,W21,am,o
63,5,18,20.5,1,0.398589568,9.9723,5.916,286.6703296,13,W21,am,o
63,6,9,9,3,2.856885819,9.956178,5.227,235.619449,6,OV27,am,o
63,7,16,14,0,0.219911486,1.634257,6.612,117.8097245,32,W6,d,w
63,8,4,42.5,1,0.329867229,10.20172,6.426,251.3274123,3,OV27,am,o
63,9,11,124.5,5,3.041454388,9.47332,6.592,443.7499623,17,OV27,am,o
63,10,4,6.5,0,1.458877089,9.408125,4.824,11.78097245,144,OV27,am,o
63,11,5,7.5,1,1.523672437,9.504067,5.36,82.46680716,81,OV27,am,o
63,12,30,200,0,2.717477645,8.712096,4.757,0,15,W10,em,t
63,13,10,24,1,1.94582395,6.589737,5.761,125.6637061,2,OV27,am,o
63,15,8,79,0,2.953097094,11.01809,5.435,78.53981634,6,W10,em,t
63,16,26,102.5,3,2.894192232,12.3481,6.065,102.1017612,13,W21,am,o
64,1,7,107,,,18.68396,4.916,,,MG7,am,o
64,2,16,79,1,0.021598449,11.89682,4.604,31.41592654,22,OV27,am,o
64,3,15,108.5,,,14.93784,4.952,,,MG7,am,o
64,4,3,50,1,0.592975613,20.31208,3.801,0,0,W10,em,t
64,5,9,9.5,1,1.670934593,15.02829,3.946,121.7367153,3,W10,em,t
64,6,8,120.5,,,11.3066,4.059,,,W10,em,t
64,7,9,86.5,1,1.221294144,45.53871,3.668,0,2,W10,em,t
64,8,2,5.5,,1.317505419,17.75273,4.033,0,,W15,em,t
64,9,5,110,3,1.152571805,16.6608,4.149,188.4955592,2,W10,em,t
64,10,7,91.5,1,0.357356164,12.69681,4.407,54.97787144,11,W21,am,o
64,11,18,81,0,,10.19327,5.397,,1,OV27,am,o
64,12,10,96.5,,1.835868207,10.54266,4.562,7.853981634,,W10,em,t
64,13,5,35.5,0,2.611448893,23.63655,3.762,0,2,W10,em,t
64,14,14,91,3,2.623229866,11.05004,5.91,302.3782929,1,W7,am,t
64,15,4,30.5,0,1.421570676,27.58651,3.995,274.8893572,2,OV27,am,o
64,16,17,70.5,0,2.1382465,19.38334,4.178,0,1,W10,em,t
65,1,4,17,5,0.924806337,14.73743,7.245,479.0928797,200,W21,am,o
65,2,16,68.5,2,2.106830573,21.96252,7.83,149.225651,143,W8,am,t
65,3,2,5.5,4,1.356775327,15.18609,7.066,416.2610266,193,W14,em,t
65,4,15,42,1,3.188716543,14.0303,7.51,31.41592654,180,W10,em,t
65,5,7,52,1,1.030835089,19.78786,7.041,109.9557429,190,OV27,am,o
65,6,9,78.5,5,3.296708791,14.84375,7.009,365.210146,183,W8,am,t
65,7,3,11.5,0,3.275110341,18.74788,7.807,208.1305133,151,W10,em,t
65,8,5,16.5,1,1.87317462,16.9837,6.755,341.6482011,162,OV27,am,o
65,9,13,21,1,2.744966581,18.35581,7.723,640.0995032,363,OV27,am,o
65,11,9,79.5,4,1.735729941,17.5198,7.71,365.210146,152,W21,am,o
65,12,5,28,1,4.054618019,25.13789,7.232,294.5243113,182,OV27,am,o
65,13,4,22,1,2.591813939,17.54498,8.078,239.5464398,34,OV27,am,o
65,14,2,1,2,2.411172362,17.10063,8.087,380.9181092,262,OV27,am,o
65,15,10,36,0,2.784236489,10.70326,7.763,180.6415776,114,W8,am,t
65,16,3,1.5,0,3.1219577,14.39011,7.387,966.039741,230,W10,em,t
66,1,18,26,2,1.207549676,7.99,4.961,86.39379797,201,W6,d,w
66,2,36,117,2,0.989601686,14.4,5.093,86.39379797,44,M23,am,w
66,3,15,88.5,0,0.956222264,11.4,5.339,0,5,MG10,am,o
66,4,21,81.5,0,1.551161373,11.1,5.431,0,24,W10,em,t
66,5,20,53,0,1.119192383,18.3,4.804,0,16,W6,d,w
66,6,15,15.5,1,2.083268628,12,5.443,58.90486225,36,W10,em,t
66,7,20,98.5,4,1.596321767,10.8,4.631,219.9114858,27,W6,d,w
66,8,13,26,0,1.80445228,6.41,4.893,31.41592654,7,W10,em,t
66,9,43,112,3,1.29983396,7.43,5.587,145.2986602,34,W6,d,w
66,10,23,162.5,0,,7.97,5.128,,0,MG7,am,o
66,11,30,129,1,1.908517537,12.6,5.577,66.75884389,2,W1,am,t
66,12,39,104,0,1.276272016,8.78,4.743,35.34291735,6,W6,d,w
66,13,9,8,1,0.007853982,,,19.63495408,200,OV27,am,o
66,14,12,12.5,0,0.005890486,20.1,4.932,70.68583471,201,W4,em,t
66,15,22,39.5,1,4.411974183,8.29,5.155,62.83185307,184,W10,em,t
66,16,25,18,7,1.651299639,9.72,5.282,428.0419991,185,W8,am,t
67,1,3,2,2,1.060287521,10.39636,4.854,70.68583471,1,OV27,am,o
67,3,9,5.5,2,1.136863842,9.147363,5.445,129.590697,11,OV27,am,o
67,4,9,61.5,1,0.388772091,7.564698,5.311,149.225651,60,W14,em,t
67,5,6,12.5,0,0.628318531,5.907206,4.586,78.53981634,2,W14,em,t
67,6,2,45,1,3.133738672,6.740464,4.063,0,1,W16,em,t
67,7,4,6.5,1,0.500691329,4.119277,4.766,90.32078879,20,OV27,am,o
67,8,14,123,1,0.750055246,4.547006,4.276,102.1017612,23,W10,em,t
67,9,8,82.5,0,3.769911184,9.663099,4.108,31.41592654,53,W10,em,t
67,10,15,107,4,1.667007602,6.551514,5.39,742.2012644,11,W12,am,t
67,11,8,126.5,0,0.178678082,5.932701,4.758,27.48893572,20,W10,em,t
67,12,8,143,0,0.049087385,8.37732,5.187,0,10,W10,em,t
67,13,5,121.5,0,0.068722339,9.174773,4.349,19.63495408,10,W10,em,t
67,14,7,156,0,0.237582944,10.36481,4.31,0,0,W16,em,t
67,15,2,75,0,0.019634954,4.293547,5.232,0,0,W16,em,t
67,16,7,118,,1.223257639,5.322592,5.199,47.1238898,,W16,em,t
68,1,24,73.5,3,0.300414797,7.504182,5.911,121.7367153,2,W6,d,w
68,2,13,14.5,1,4.072289477,7.496988,4.828,54.97787144,2,W10,em,t
68,3,26,73,5,1.967422399,10.10395,6.157,137.4446786,2,W6,d,w
68,4,34,86,3,1.132936851,8.619843,6.054,94.24777961,3,W6,d,w
68,5,16,33.5,1,2.405281875,5.466835,4.948,58.90486225,3,W21,am,o
68,6,14,20,2,2.089159115,8.22081,5.091,98.17477042,2,OV27,am,o
68,7,20,18,1,2.805834939,7.407121,5.258,227.7654674,2,W8,am,t
68,8,22,40.5,1,1.376410281,7.775184,5.333,251.3274123,1,W21,am,o
68,9,17,35.5,3,3.349723167,9.243855,4.803,43.19689899,3,OV27,am,o
68,10,15,56.5,1,1.506000978,9.620493,4.791,70.68583471,4,W10,em,t
68,11,22,102,2,3.577488634,9.596944,4.34,43.19689899,5,W10,em,t
68,12,23,46,3,1.199695695,10.42487,6.411,137.4446786,3,W6,d,w
68,13,24,61,0,2.829396884,18.90374,5.974,0,3,W10,em,t
68,14,26,64.5,0,0.991565181,8.000648,4.925,31.41592654,3,W10,em,t
68,15,23,98.5,0,0.887499925,8.71685,6.065,58.90486225,1,W8,am,t
68,16,23,82.5,1,2.012582794,10.43325,6.375,31.41592654,2,W10,em,t
69,1,5,12,2,4.932300466,11.16087,4.075,164.9336143,50,OV27,am,o
69,2,8,14,0,1.046543053,16.93953,3.896,184.5685684,100,W14,em,t
69,3,6,56.5,0,1.790707813,7.192091,4.344,117.8097245,11,W16,em,t
69,4,6,17.5,1,0.164933614,6.19535,4.91,125.6637061,33,OV27,am,o
69,5,3,2.5,1,0.826631567,7.805828,4.932,117.8097245,121,W14,em,t
69,6,4,11.5,4,1.44120563,5.97352,5.006,90.32078879,182,OV27,am,o
69,7,3,41.5,0,3.202461011,15.11103,4.307,0,1,W15,em,t
69,8,13,16.5,0,5.837471849,10.95517,5.324,98.17477042,12,W10,em,t
69,10,11,79.5,2,2.656609288,17.70403,5.928,392.6990817,2,OV27,am,o
69,11,14,75.5,3,0.895353906,9.782405,5.408,274.8893572,13,W14,em,t
69,12,8,78.5,0,2.654645792,11.70612,4.23,106.0287521,11,W16,em,t
69,13,17,123.5,1,1.957604922,11.46016,5.743,290.5973205,1,OV27,am,o
69,14,3,20.5,0,1.195768704,15.98549,3.973,129.590697,2,W16,em,t
69,15,15,23.5,1,2.986476516,17.60674,4.644,15.70796327,51,W8,am,t
69,16,24,55.5,0,,12.85597,5.666,,4,W10,em,t
70,1,13,82,0,0.803069622,10.10836,7.48,259.1813939,80,W21,am,o
70,2,10,92.5,2,2.097013096,9.005829,7.636,644.026494,40,OV27,am,o
70,3,5,26.5,2,1.111338401,7.415287,4.752,204.2035225,60,OV27,am,o
70,4,11,111.5,0,0.019634954,7.30057,5.031,0,40,OV27,am,o
70,5,8,95.5,0,0.003926991,20.24438,4.392,0,51,W10,em,t
70,6,11,48,1,0.280779843,6.161366,5.855,70.68583471,101,OV27,am,o
70,7,16,124.5,,0.261144889,10.58611,6.43,133.5176878,,OV27,am,o
70,8,10,71.5,1,0.734347283,6.987336,5.142,223.8384766,50,OV27,am,o
70,9,7,110,1,3.544109212,10.25032,6.518,357.3561643,30,OV27,am,o
70,10,10,126.5,0,1.843722189,9.198757,5.44,208.1305133,10,OV27,am,o
70,11,6,105.5,0,3.91717334,9.674687,6.098,227.7654674,20,W21,am,o
70,12,11,111.5,1,0.877682448,9.207661,5.444,223.8384766,40,OV27,am,o
70,13,8,121,,1.429424657,8.764614,4.815,0,,W10,em,t
70,14,8,80.5,2,1.344994355,7.06361,6.499,215.9844949,40,OV27,am,o
70,15,7,82,1,0.001963495,12.37815,6.479,7.853981634,40,W21,am,o
70,16,13,88,0,3.958406744,9.376308,7.302,133.5176878,30,W12,am,t
71,1,28,41,4,0.200276532,24,7.3,145.2986602,101,W21,am,o
71,2,18,96.5,4,0.79521564,9.8,4.5,35.34291735,14,W6,d,w
71,3,19,97,2,0.673478925,8.6,5.3,129.590697,6,W8,am,t
71,4,12,55,5,1.344994355,15.6,5.2,200.2765317,13,W21,am,o
71,5,8,65,2,2.002765317,9.5,4.7,274.8893572,14,OV27,am,o
71,6,5,72.5,4,0.512472302,9.8,4.7,298.4513021,15,OV27,am,o
71,7,12,47,5,0.416261027,8.3,5.6,208.1305133,104,W21,am,o
71,8,6,64,2,1.325359401,15.4,4.3,455.5309348,21,OV27,am,o
71,9,21,63,4,2.650718801,5.3,6,90.32078879,17,W8,am,t
71,10,11,51.5,8,1.559015354,6,5,612.6105675,82,OV27,am,o
71,11,5,57.5,5,1.774999849,7.2,4.6,376.9911184,71,OV27,am,o
71,12,9,48.5,6,1.405862712,6.4,5.2,443.7499623,25,OV27,am,o
71,13,14,83,5,0.856083998,17,5.1,251.3274123,73,OV27,am,o
71,14,16,89.5,7,1.541343896,9,4.9,310.2322745,17,OV27,am,o
71,15,7,44,3,0.783434668,9.5,5.2,43.19689899,42,W8,am,t
71,16,21,43,4,1.305724447,8.7,6.1,161.0066235,36,W8,am,t
72,1,30,108,0,2.758711049,13.4,4.347,19.63495408,6,W10,em,t
72,2,13,9.5,0,0.824668072,13.3,4.879,0,2,W10,em,t
72,3,13,56.5,0,2.165735436,24.1,5.03,0,4,W10,em,t
72,4,11,132.5,0,0.263108385,16.3,4.881,31.41592654,4,W10,em,t
72,5,11,60.5,0,1.209513172,14.4,4.584,0,3,W10,em,t
72,6,23,26,2,0.895353906,10.4,5.324,121.7367153,4,W10,em,t
72,7,10,101,1,1.256637061,20.4,4.513,35.34291735,12,W10,em,t
72,8,15,110.5,0,1.040652567,21,4.411,0,5,W10,em,t
72,9,11,99.5,1,2.287472151,19.3,4.451,43.19689899,4,W10,em,t
72,10,11,113.5,0,1.29590697,20.1,4.66,0,3,W10,em,t
72,11,15,98,0,1.313578428,15.7,4.571,0,5,W10,em,t
72,12,12,106.5,0,1.156498796,29.4,4.443,0,5,W10,em,t
72,13,14,94.5,0,1.136863842,15.7,4.544,0,12,W10,em,t
72,14,18,61,0,2.737112599,24.9,4.673,0,3,W10,em,t
72,15,5,37,0,0.559596191,23.1,4.422,0,0,W16,em,t
72,16,8,103.5,0,1.276272016,31.5,3.898,0,1,W10,em,t
73,1,12,92,0,3.025746424,59.3,4.225,0,3,W10,em,t
73,2,17,91,0,1.596321767,34.8,4.506,0,6,W10,em,t
73,3,21,94,0,1.10348442,31.7,4.837,0,1,W10,em,t
73,4,18,85.5,0,1.297870465,49.3,4.233,149.225651,34,W10,em,t
73,5,6,43,0,2.285508655,53.7,4.594,35.34291735,14,W16,em,t
73,6,10,114.5,0,1.150608309,16.6,,0,4,W16,em,t
73,7,9,80.5,0,1.773036354,36.5,4.43,0,1,W15,em,t
73,8,9,65,0,0.9837112,46.5,4.397,0,3,W16,em,t
73,9,19,71,0,,38.8,4.617,,3,W10,em,t
73,10,12,105.5,0,0.005890486,18.8,4.557,0,22,W10,em,t
73,11,12,85,0,1.062251016,44,4.297,0,3,W16,em,t
73,12,9,11.5,0,0.932660319,50.7,4.334,0,1,W10,em,t
73,13,4,11.5,0,0.728456797,50.5,4.582,0,2,W16,em,t
73,14,12,53,0,0.396626073,33.8,4.744,0,3,W10,em,t
73,15,9,89.5,0,0.746128255,25.7,4.539,0,2,W10,em,t
73,16,4,12,0,1.221294144,39.4,4.645,0,1,W16,em,t
74,1,44,108,1,0.168860605,14.9656,5.293,0,3,W10,em,t
74,2,22,68,1,1.040652567,11.60646,4.936,0,2,W10,em,t
74,4,14,20,1,0.559596191,13.88533,4.359,0,5,W16,em,t
74,5,10,64.5,1,0.541924733,38.51475,4.016,0,4,W16,em,t
74,6,21,82.5,0,0.824668072,13.07213,4.9,0,4,W16,em,t
74,7,6,77.5,0,0.541924733,90.2,3.825,0,2,W16,em,t
74,8,14,89,0,0.775580686,48.17335,4.186,0,6,W16,em,t
74,9,20,117,0,0.441786467,95.04332,4.171,0,2,W16,em,t
74,10,7,74.5,1,0.159043128,43.73563,4.44,0,3,W16,em,t
74,11,20,117.5,0,,8.57786,5.563,,0,OV27,am,o
74,12,14,92.5,0,,65.26704,4.243,,6,W16,em,t
74,13,6,99,1,0.844303026,95.80561,3.924,7.853981634,8,W16,em,t
74,14,15,105,0,2.212859325,22.91828,4.719,0,30,W16,em,t
74,15,27,103,0,,95.65968,4.18,,0,M15,am,w
75,1,22,15,1,2.479894701,12.02548,5.116,270.9623664,32,W10,em,t
75,2,14,9.5,2,5.075635631,12.93359,5.496,424.1150082,31,W10,em,t
75,3,10,6,3,1.829977721,16.78079,5.44,750.055246,61,W8,am,t
75,4,19,74.5,1,0.298451302,6.503258,5.526,125.6637061,0,OV27,am,o
75,5,13,69.5,1,0.02552544,28.15276,5.225,149.225651,4,W21,am,o
75,6,12,77,2,1.378373777,18.7856,3.74,141.3716694,0,W16,em,t
75,7,16,103.5,2,1.41568019,16.68302,3.885,172.7875959,0,W10,em,t
75,8,11,101,4,1.776963345,24.22599,4.022,176.7145868,2,W10,em,t
75,9,8,89,,1.509927969,14.49582,4.936,255.2544031,,W10,em,t
75,10,2,1.5,,2.212859325,16.90551,5.131,15.70796327,,W16,em,t
75,11,16,62,1,1.10741141,15.16639,4.069,23.5619449,22,W10,em,t
75,12,24,62,1,0.007853982,35.25842,5.492,70.68583471,70,W21,am,o
75,13,26,35.5,1,0.916952356,6.42104,5.664,667.5884389,4,W8,am,t
75,14,19,18,1,1.531526419,13.10553,5.304,129.590697,2,W10,em,t
75,15,22,23.5,3,3.591233102,8.490957,5.045,274.8893572,52,W8,am,t
75,16,8,15.5,,1.093666943,16.66239,5.658,184.5685684,,W21,am,o
76,1,13,80.5,0,,9.124621,5.491,,1,M15,am,w
76,2,18,74.5,0,,6.416057,5.354,,0,M15,am,w
76,3,10,104.5,0,0.005890486,74.71497,4.966,0,1,W4,em,t
76,4,6,13,0,0.021598449,21.12616,4.191,23.5619449,2,H2,am,o
76,5,7,68,0,,45.75163,4.613,,2,M16,er,o
76,6,12,55.5,0,,92.87396,4.423,,3,M16,er,o
76,7,14,71,0,0.001963495,88.78103,5.013,0,0,M15,am,w
76,8,12,31.5,1,0.005890486,22.65664,4.112,0,11,W16,em,t
76,9,11,67,1,0.865901475,95.53541,4.174,0,10,W4,em,t
76,10,12,107,0,0.398589568,95.01275,4.404,0,2,W4,em,t
76,11,18,104.5,1,0.441786467,93.57356,4.157,0,3,W16,em,t
76,12,15,58,0,1.670934593,75.08974,4.201,0,10,W16,em,t
76,13,9,93.5,0,,80.7949,4.199,,1,M16,er,o
76,14,11,87.5,0,1.670934593,94.77132,3.961,0,3,W4,em,t
76,15,25,101,0,0.159043128,12.71092,4.619,0,2,U16,er,o
76,16,23,141.5,0,,10.67801,4.501,,2,W16,em,t
77,2,16,36,0,0.039269908,8.467209,4.735,0,33,W16,em,t
77,3,20,106.5,0,1.1545353,3.308675,5.304,35.34291735,4,W16,em,t
77,4,29,44,0,2.601631416,7.587283,4.663,0,5,W10,em,t
77,6,23,88.5,0,1.097593933,53.77546,3.878,23.5619449,1,W10,em,t
77,7,11,34,0,0.536034247,14.68004,3.823,0,1,W16,em,t
77,8,17,104.5,1,0.826631567,6.420317,4.6,0,1,W16,em,t
77,9,12,61.5,0,0.327903733,7.848297,5.065,0,0,W16,em,t
77,10,13,46.5,1,0.096211275,8.295856,4.167,0,0,U16,er,o
77,11,16,44,1,1.050470044,5.899352,4.787,0,1,H12,er,o
77,12,30,74,0,0.23954644,7.983272,5.315,0,6,W10,em,t
77,13,9,39.5,1,1.288052988,90.1007,3.533,0,1,W10,em,t
77,14,16,14.5,0,0.200276532,74.83952,4.7,0,2,W10,em,t
77,15,17,15.5,0,0.074612826,83.28445,4.88,0,5,W4,em,t
78,4,2,6,0,0.253290908,17.76229,4.822,23.5619449,0,W15,em,t
78,5,2,1.5,0,0.828595062,24.3383,4.719,7.853981634,0,W16,em,t
78,6,1,1,0,0.636172512,25.20214,4.637,0,0,W16,em,t
78,7,1,20,0,0.559596191,19.10909,4.765,0,0,W16,em,t
78,8,5,23,0,1.333213382,27.10795,4.107,0,50,W16,em,t
78,9,5,9,0,4.30201844,27.96465,3.983,0,140,W16,em,t
78,10,2,2,0,1.900663555,14.01664,4.639,0,150,W16,em,t
78,11,2,26,0,0.559596191,19.56059,4.675,0,50,W16,em,t
78,13,1,0.5,0,0.752018741,18.07886,4.654,0,0,W15,em,t
78,14,1,25,0,0.162970119,42.6377,4.528,35.34291735,0,W16,em,t
78,15,5,27.5,0,1.333213382,16.13466,4.098,0,0,W16,em,t
78,16,1,10,0,0.559596191,28.83199,4.131,0,0,W16,em,t
79,1,2,10.5,0,8.961393044,18.9,4.7,0,4,W15,em,t
79,4,7,58,2,1.861393647,18.1,4.3,70.68583471,14,W10,em,t
79,5,14,97.5,1,0.02552544,5.9,4.7,23.5619449,6,W10,em,t
79,6,10,70,1,0.5988661,11.7,4.2,11.78097245,6,W10,em,t
79,7,7,78,2,3.39095657,12.5,4.4,0,51,W10,em,t
79,8,6,38,2,0.068722339,5.4,4.7,0,22,W10,em,t
79,9,12,30.5,1,0.078539816,9.4,4.5,35.34291735,21,W10,em,t
79,10,14,101.5,0,1.721985473,4.6,4.7,0,52,W10,em,t
79,11,7,68,4,4.333434367,28.9,4.1,0,1,W16,em,t
79,12,20,94.5,0,0.170824101,10.9,5,7.853981634,2,W10,em,t
79,13,10,41.5,2,2.366011967,4.7,4.3,0,14,W15,em,t
79,14,28,83.5,4,4.527820412,9.9,4.6,0,14,W6,d,w
79,15,24,87,0,0.168860605,8.9,5.3,0,44,OV27,am,o
79,16,6,87.5,0,0.920879347,24.3,4.1,0,31,W10,em,t
80,1,4,96,0,0.561559687,9.2,4,98.17477042,24,W10,em,t
80,2,4,56,0,0.424115008,8.7,4,0,43,W10,em,t
80,3,12,145,0,0.325940238,10.6,4.1,0,32,W10,em,t
80,4,10,65,5,2.051852702,9.6,4.2,365.210146,14,W14,em,t
80,5,7,42,0,0.257217899,6.4,4.2,78.53981634,77,W16,em,t
80,6,4,46,0,3.905392367,6.5,4.5,11.78097245,44,W10,em,t
80,7,3,90,0,2.552544031,8.7,4.1,54.97787144,1,W10,em,t
80,8,4,61.5,0,2.580032967,11.8,4.3,23.5619449,3,W10,em,t
80,9,20,102.5,0,0.019634954,7.2,5.3,0,20,OV27,am,o
80,10,10,74.5,3,0.81681409,6.5,4.3,0,2,W10,em,t
80,11,25,111,0,,5.9,5.2,,12,OV27,am,o
80,12,21,76,0,0.017671459,10.1,4,0,22,OV27,am,o
80,13,5,77.5,0,0.528180265,9.5,5.2,23.5619449,64,W16,em,t
80,14,27,61.5,0,0.021598449,6.3,5.1,0,146,OV27,am,o
80,15,7,27,0,1.305724447,8.6,4,11.78097245,4,W15,em,t
80,16,12,42,0,2.654645792,7.9,5.1,0,33,W10,em,t
81,1,10,38.5,2,3.840597019,23.88868,5.939,15.70796327,21,W21,am,o
81,2,5,15,0,7.25707903,19.66418,4.388,0,32,W14,em,t
81,3,5,4,0,4.194026193,25.19203,4.148,0,23,W15,em,t
81,4,8,4,0,1.452986602,29.11447,4.612,0,121,W14,em,t
81,5,8,49.5,0,1.580613804,24.9651,4.568,7.853981634,182,W10,em,t
81,6,13,60,3,0.589048623,19.53817,4.561,51.05088062,120,OV27,am,o
81,7,20,47.5,4,1.716094987,12.31707,6.357,141.3716694,102,W21,am,o
81,8,29,113,0,0.824668072,13.10844,4.99,0,51,OV27,am,o
81,9,16,8,0,4.726133448,61.52189,4.222,0,202,OV27,am,o
81,10,25,18.5,1,1.871211124,11.02139,5.23,7.853981634,6,W10,em,t
81,11,25,132,1,1.859430152,14.64856,6.016,117.8097245,5,M27,am,w
81,12,22,42.5,3,0.636172512,14.62548,5.025,109.9557429,85,W21,am,o
81,13,20,20.5,1,0.879645943,16.40909,5,54.97787144,141,W10,em,t
81,14,11,24.5,0,1.050470044,16.61052,5.22,23.5619449,103,W8,am,t
81,15,17,86,3,1.582577299,27.06911,5.122,223.8384766,62,W21,am,o
81,16,19,101,1,0.161006623,8.294704,4.881,7.853981634,3,W10,em,t
82,1,18,39.5,0,1.170243263,19.5,4.4,0,55,W10,em,t
82,2,14,96.5,0,1.172206759,5.8,4.6,0,31,W10,em,t
82,3,10,95,0,2.254092729,8,4.5,0,34,W10,em,t
82,4,13,10,0,3.051271865,13.2,5.6,0,4,W15,em,t
82,5,8,26,0,3.12588469,11.4,4.5,0,1,W15,em,t
82,6,7,14,0,1.741620427,14.8,4.7,0,11,W10,em,t
82,8,9,40.5,0,2.760674544,21.7,4.2,0,3,W15,em,t
82,9,6,143,0,1.60810274,8,4.4,0,3,W10,em,t
82,10,7,142.5,0,1.663080611,7.7,4.4,66.75884389,6,W10,em,t
82,11,21,121,0,1.574723318,9.7,4.5,0,12,W10,em,t
82,12,17,41,0,3.689407873,8.7,4.3,0,25,W10,em,t
82,13,19,17.5,0,2.472040719,11,4,0,34,W10,em,t
82,14,11,18.5,0,1.343030859,9.4,4.8,0,56,W10,em,t
82,15,4,2,0,2.495602664,11.6,4.4,0,3,W14,em,t
82,16,9,40.5,0,1.519745446,9.6,4,0,55,W10,em,t
83,1,26,54,1,0.115846229,19.79811,3.846,137.4446786,15,W10,em,t
83,2,32,107,4,1.578650308,15.62977,5.101,219.9114858,5,OV27,am,o
83,3,25,66,1,0.23954644,16.31083,4.039,106.0287521,43,OV27,am,o
83,4,33,69.5,0,,20.6641,3.902,,63,OV27,am,o
83,5,65,186,3,0.249363917,10.90118,5.113,219.9114858,19,W10,em,t
83,6,41,135,0,0.068722339,20.89654,4.815,86.39379797,2,OV27,am,o
83,7,37,75,0,0.019634954,16.80277,4.293,70.68583471,31,OV27,am,o
83,8,20,100,,,10.54362,5.18,,,OV27,am,o
83,9,19,109.5,,,11.82014,5.675,,,MG7,am,o
83,10,14,100,,,12.50554,5.183,,,MG7,am,o
83,11,21,113.5,,,8.646189,5.144,,,MG7,am,o
83,12,31,90.5,1,1.926188996,5.578477,4.926,15.70796327,25,OV27,am,o
83,13,36,102.5,0,0.940514301,9.846967,6.063,0,3,W6,d,w
83,14,24,121,0,,10.07028,5.28,,1,OV21,am,o
83,15,48,102,3,2.114684555,17.61018,5.893,90.32078879,3,OV27,am,o
84,1,2,76,0,4.184208715,10.98198,3.796,117.8097245,2,W16,em,t
84,2,1,50,0,2.307107105,16.13536,3.696,31.41592654,21,W16,em,t
84,3,8,86,1,1.507964474,10.81615,4.283,137.4446786,22,W10,em,t
84,4,4,41,1,2.756747554,27.42562,3.687,227.7654674,10,W16,em,t
84,5,5,40.5,0,2.401354885,19.8264,3.416,0,10,W15,em,t
84,6,6,34,1,2.360121481,5.918505,5.276,15.70796327,24,OV27,am,o
84,7,5,66,0,2.640901324,10.11435,3.414,74.61282552,20,W16,em,t
84,8,8,92,1,2.087195619,15.39674,3.934,35.34291735,21,W10,em,t
84,9,6,85,1,0.569413668,10.15102,4.149,0,10,W16,em,t
84,10,2,90,0,3.683517386,11.31328,3.612,54.97787144,41,W16,em,t
84,11,3,85.5,0,3.854341487,15.2608,3.991,192.42255,120,W10,em,t
84,12,9,52,2,3.813108083,14.62006,3.979,113.8827337,30,W10,em,t
84,13,8,97,1,,71.98654,2.929,,4,W16,em,t
84,14,10,43,1,0.498727834,13.35296,3.3,7.853981634,31,W16,em,t
84,15,7,15,2,0.734347283,4.968632,4.74,0,4,W10,em,t
84,16,7,40,1,1.60810274,40.80146,3.289,0,122,W10,em,t
85,1,9,83,0,1.456913593,43.11177,4.515,0,2,W10,em,t
85,2,13,144.5,1,1.553124868,22.50328,4.171,74.61282552,10,W10,em,t
85,3,12,98,,2.144136986,35.87699,3.666,0,,W10,em,t
85,4,10,78,0,2.01847328,19.04165,4.21,15.70796327,1,W16,em,t
85,5,9,148.5,0,2.159844949,16.45369,4.161,0,1,W10,em,t
85,6,8,89,0,2.042035225,27.45354,4.604,7.853981634,2,W16,em,t
85,7,11,118.5,,1.786780822,10.27066,4.295,19.63495408,,W10,em,t
85,8,11,72,,1.433351648,15.00967,4.366,0,,OV27,am,o
85,9,12,113,1,0.490873852,27.59241,4.207,0,4,W16,em,t
85,10,10,58.5,1,0.400553063,21.05583,4.515,0,3,W10,em,t
85,11,13,79.5,1,2.167698931,17.75308,4.364,15.70796327,3,W21,am,o
85,12,14,30,4,2.424916829,66.22662,4.255,133.5176878,20,W21,am,o
85,13,22,74.5,1,1.61202973,58.97935,5.331,15.70796327,1,W4,em,t
85,14,6,28.5,0,1.833904712,25.96144,4.479,11.78097245,1,W16,em,t
85,15,18,134,,,12.86918,5.046,,,OV27,am,o
85,16,14,57.5,0,0.907134879,16.48015,4.191,15.70796327,3,W10,em,t
86,1,11,114,0,1.613993226,23.44066,4.023,54.97787144,12,W16,em,t
86,2,14,47,4,3.840597019,18.46862,4.273,184.5685684,3,W16,em,t
86,3,6,71,0,0.887499925,18.33002,4.461,94.24777961,0,W16,em,t
86,4,6,33,0,1.519745446,39.31693,4.371,0,2,W16,em,t
86,5,15,67.5,0,0.23954644,20.8172,4.478,98.17477042,1,W16,em,t
86,6,4,7.5,0,0.748091751,12.42845,4.589,0,1,W16,em,t
86,7,24,159.5,0,1.500110492,18.46233,3.987,0,84,W10,em,t
86,8,6,64,0,0.135481183,14.28174,4.509,11.78097245,10,W16,em,t
86,9,8,53.5,0,0.001963495,16.6933,4.274,0,10,W16,em,t
86,10,9,25.5,0,1.150608309,63.84535,3.906,0,3,W16,em,t
86,11,17,95,0,1.932079482,29.87387,4.473,0,2,W16,em,t
86,12,11,59.5,0,2.181443399,24.36314,4.345,0,2,W16,em,t
86,13,8,44,0,1.327322896,34.36298,4.429,11.78097245,3,W16,em,t
86,14,8,88.5,0,1.437278639,24.50392,4.09,0,3,W10,em,t
86,15,9,104,0,1.875138115,22.61078,4.054,0,2,W16,em,t
86,16,12,44.5,0,1.264491043,15.16094,4.278,19.63495408,91,W16,em,t
87,1,8,55,0,2.521128105,15.18415,4.508,0,1,W10,em,t
87,2,9,75.5,,1.246819584,20.60328,4.124,0,,W10,em,t
87,3,6,84,0,1.197732199,16.38381,4.378,0,0,W10,em,t
87,4,12,104.5,,1.733766446,28.06814,4.616,35.34291735,,W10,em,t
87,5,15,99.5,,1.233075117,24.09946,4.706,0,,MG7,am,o
87,6,8,90,0,0.730420292,15.80102,4.317,62.83185307,2,W16,em,t
87,7,19,80,0,1.928152491,21.32345,5.01,0,22,W10,em,t
87,8,9,45,,1.011200135,15.45523,4.521,0,,W10,em,t
87,9,13,96.5,,3.015928947,12.07273,5.824,62.83185307,,W10,em,t
87,10,7,89,,2.212859325,40.5821,4.463,0,,W16,em,t
87,11,9,97,0,2.682134728,28.42939,4.517,0,0,W10,em,t
87,12,11,90.5,,3.738495258,10.91821,4.223,0,,W10,em,t
87,13,8,50.5,0,1.955641427,22.17472,4.493,0,0,W16,em,t
87,14,6,92.5,,1.600248758,67.88963,4.342,54.97787144,,W16,em,t
87,15,4,95.5,,1.00923664,13.8415,4.467,0,,W16,em,t
87,16,10,89.5,0,1.651299639,11.08892,5.093,0,0,W10,em,t
88,1,30,67.5,1,0.184568568,13.5,4,35.34291735,6,W10,em,t
88,2,24,82.5,1,1.348921346,8,5.2,808.9601083,17,W8,am,t
88,3,15,77.5,1,0.500691329,11.4,4,11.78097245,20,W10,em,t
88,4,16,134.5,0,0.636172512,9.3,4,11.78097245,12,W10,em,t
88,5,9,103.5,0,2.216786316,15.6,3.9,102.1017612,5,W16,em,t
88,6,17,34.5,1,0.569413668,5.1,4.3,298.4513021,22,W10,em,t
88,7,15,98,2,0.575304155,14.9,3.8,0,5,W10,em,t
88,8,26,58,2,1.651299639,9.3,5.2,121.7367153,7,W10,em,t
88,9,8,147.5,0,1.979203372,12.4,3.9,0,2,W10,em,t
88,10,5,26.5,0,5.401575869,12.3,4.1,0,4,W15,em,t
88,11,7,122,0,2.495602664,14.9,4,0,10,W10,em,t
88,12,20,108.5,1,0.592975613,13.5,3.9,11.78097245,3,W10,em,t
88,13,8,58.5,1,0.111919238,8.3,4.3,0,11,W10,em,t
88,14,5,132.5,0,1.755364895,13.6,3.9,0,3,W10,em,t
88,15,2,70.5,0,0.840376035,20.9,4.1,0,1,W16,em,t
88,16,31,124.5,7,2.397427894,18,4.1,164.9336143,17,W10,em,t
89,1,2,1.5,0,1.048506548,69.3,4,215.9844949,10,W16,em,t
89,2,4,2.5,0,1.032798585,21.5,3.7,102.1017612,11,W16,em,t
89,3,4,2,0,0.860010989,31.2,4.3,153.1526419,4,W16,em,t
89,4,2,1,0,0.310232275,24.3,4.2,7.853981634,2,W16,em,t
89,5,10,7,0,0.750055246,71.6,4.3,7.853981634,50,W16,em,t
89,6,3,41.5,0,3.418445506,23.8,4.1,0,4,W15,em,t
89,7,7,23,0,1.431388153,9.9,4.4,0,23,W16,em,t
89,8,5,12,0,0.514435797,13.3,4.3,0,72,W15,em,t
89,9,7,11.5,1,2.295326133,22.4,3.9,58.90486225,141,W10,em,t
89,10,3,51,0,0.893390411,19.2,4.3,47.1238898,33,W16,em,t
89,11,6,23,0,2.18929738,27,3.9,15.70796327,81,W16,em,t
89,12,10,24.5,2,0.133517688,16.4,4.1,51.05088062,102,W10,em,t
89,13,8,9.5,1,2.746930076,15.6,4.6,90.32078879,142,OV27,am,o
89,14,4,31.5,0,0.753982237,67.5,3.7,113.8827337,3,W16,em,t
89,15,8,14,0,2.758711049,20.8,4.4,31.41592654,102,W16,em,t
89,16,6,12.5,0,1.211476667,25.6,4,47.1238898,103,W16,em,t
90,1,19,59,1,1.011200135,27.45509,5.311,94.24777961,32,W10,em,t
90,3,5,37,1,2.375829444,10.31416,4.495,113.8827337,7,W10,em,t
90,4,15,47,3,1.667007602,18.45923,6.075,157.0796327,76,W6,d,w
90,5,2,40.5,0,1.074031988,12.13449,4.03,231.6924582,14,W16,em,t
90,6,15,43.5,4,2.367975463,24.81672,4.625,161.0066235,36,W10,em,t
90,7,8,53,4,1.354811832,13.47308,4.17,145.2986602,52,W10,em,t
90,8,10,16.5,5,2.299253123,27.28158,4.319,463.3849164,106,OV27,am,o
90,9,12,86,0,0.946404787,13.88052,3.786,0,81,W10,em,t
90,10,10,40,1,1.070104998,13.91529,3.822,117.8097245,70,W10,em,t
90,11,16,45,4,0.803069622,40.92294,5.02,286.6703296,12,OV27,am,o
90,12,4,66,0,1.270381529,16.68357,4.526,15.70796327,5,W16,em,t
90,13,2,60,0,1.829977721,15.49363,3.731,47.1238898,14,W16,em,t
90,14,2,115,0,3.469496387,9.421426,3.888,23.5619449,14,W16,em,t
90,15,4,86.5,0,2.444551784,14.46389,4.134,47.1238898,6,W16,em,t
90,16,2,90,0,1.615956721,25.65336,3.534,62.83185307,6,W10,em,t
91,2,20,93.5,2,0.805033117,5.4,5,0,16,W10,em,t
91,3,37,66,7,1.985093858,7,5.2,310.2322745,25,W8,am,t
91,4,37,89,1,2.957024085,7.2,4.5,141.3716694,6,W6,d,w
91,5,37,73.5,7,2.88241126,5.8,5.7,270.9623664,16,W6,d,w
91,6,26,103.5,2,0.669551934,6.1,4.6,0,21,W10,em,t
91,7,25,83.5,2,0.021598449,9,4.4,0,10,W10,em,t
91,8,35,113.5,2,0.820741081,7.5,4.8,54.97787144,33,W6,d,w
91,9,39,119,0,0.940514301,6.6,6.1,0,11,W6,d,w
91,11,4,2.5,4,3.19853402,47.6,4.2,7.853981634,3,W10,em,t
91,12,11,85.5,3,0.180641578,2.4,4.9,35.34291735,12,W10,em,t
91,13,1,35,2,0.494800843,75.7,4.7,0,5,W14,em,t
91,14,1,0.5,1,1.05636053,5.5,5.2,0,0,W10,em,t
91,16,17,44,7,1.527599428,9.6,5.3,793.252145,10,OV27,am,o
92,1,4,6.5,1,0.581194641,13.70963,4.909,54.97787144,4,W15,em,t
92,2,7,10.5,4,0.416261027,14.63873,4.78,109.9557429,102,W10,em,t
92,3,10,71.5,1,1.189878218,52.69997,6.333,78.53981634,12,OV27,am,o
92,4,6,6,1,1.398008731,9.405067,5.509,15.70796327,73,W10,em,t
92,5,5,16,1,0.93658731,11.46617,4.313,7.853981634,126,W10,em,t
92,6,11,27.5,4,2.316924582,12.141,5.547,298.4513021,24,W10,em,t
92,7,7,10,0,0.565486678,16.52382,4.377,7.853981634,164,W16,em,t
92,8,14,26,6,1.884955592,33.06545,5.945,223.8384766,62,OV27,am,o
92,9,4,27.5,0,1.233075117,25.58788,4.039,15.70796327,54,W16,em,t
92,10,2,50,0,0.948368282,20.34349,4.105,54.97787144,54,W16,em,t
92,11,6,83,0,1.525635932,37.09213,4.071,7.853981634,42,W16,em,t
92,12,15,80.5,3,1.413716694,13.6475,5.445,145.2986602,43,W10,em,t
92,13,6,29,0,0.585121632,15.23494,4.189,7.853981634,134,W10,em,t
92,14,19,20,2,1.547234382,10.66794,5.392,62.83185307,42,W10,em,t
92,15,13,38.5,4,0.712748833,14.15681,4.494,129.590697,45,W10,em,t
92,16,12,47.5,2,2.120575041,9.429906,4.891,294.5243113,45,W8,am,t
93,1,4,22,0,2.503456646,6.876894,5.184,0,56,W15,em,t
93,2,3,6.5,2,1.617920217,6.208851,4.478,62.83185307,42,OV27,am,o
93,3,2,2,0,0.659734457,14.1778,4.474,137.4446786,14,W15,em,t
93,4,4,7,0,4.005530633,21.60231,4.405,133.5176878,23,W16,em,t
93,5,2,1,0,1.65915362,8.790148,4.033,19.63495408,60,W16,em,t
93,6,3,7,5,2.155917959,11.8246,5.116,274.8893572,82,OV27,am,o
93,7,5,36.5,,0.345575192,9.444993,5.901,82.46680716,,W13,am,t
93,8,9,74,3,3.157300617,15.18543,4.451,247.4004215,2,OV27,am,o
93,9,8,4.5,3,1.5393804,12.13069,5.712,200.2765317,142,W8,am,t
93,10,15,71.5,2,3.063052837,7.07864,4.994,223.8384766,54,OV27,am,o
93,11,9,31.5,2,4.724169953,12.1791,5.565,62.83185307,82,W6,d,w
93,12,4,7,2,1.884955592,10.14851,4.606,66.75884389,52,W13,am,t
93,13,7,44,1,1.44120563,7.361182,5.355,161.0066235,21,W13,am,t
93,14,7,78.5,,0.184568568,9.339633,5.168,384.8451001,,OV27,am,o
93,15,3,71,2,0.227765467,14.27037,4.23,498.7278338,12,OV27,am,o
93,16,6,18,5,4.20777066,11.33466,4.343,243.4734307,3,W10,em,t
94,1,10,6,0,3.950552762,18.2,4.2,129.590697,5,W12,am,t
94,2,21,98,0,3.575525139,10.8,4.8,19.63495408,103,W10,em,t
94,3,16,74.5,0,2.028290757,13.1,4.3,82.46680716,6,W10,em,t
94,5,21,20.5,0,0.355392669,7,4.5,0,1,W14,em,t
94,9,29,44,0,0.21794799,8.2,5.3,54.97787144,162,W10,em,t
94,10,17,42,0,1.99294784,10.4,4.4,11.78097245,15,W10,em,t
94,11,21,21,0,0.852157007,5.2,4.6,62.83185307,2,W10,em,t
94,12,45,55.5,0,0.021598449,8.6,5.8,15.70796327,3,OV27,am,o
94,13,25,15,3,0.416261027,6.9,5.7,204.2035225,100,W10,em,t
94,14,1,0.5,0,1.578650308,18.4,3.8,0,1,W15,em,t
94,15,11,6,0,0.16689711,5.6,4.1,0,151,W14,em,t
94,16,2,1,0,3.231913442,7.5,4.2,0,0,W15,em,t
95,1,14,42.5,0,0.645989989,12.4,4.525,243.4734307,136,W10,em,t
95,2,22,64.5,5,0.547815219,24.5,4.798,263.1083847,4,W10,em,t
95,3,16,128.5,2,0.750055246,10.1,4.345,212.0575041,13,W10,em,t
95,4,24,117.5,1,0.502654825,10.28,4.093,212.0575041,7,W10,em,t
95,5,18,58,0,0.278816348,12.28,4.435,286.6703296,173,W10,em,t
95,6,9,54,0,0.565486678,14.62,4.528,133.5176878,4,W10,em,t
95,7,9,24.5,1,2.399391389,17.72,4.388,353.4291735,4,W10,em,t
95,8,10,16,0,0.653843971,11.2,4.149,106.0287521,5,W10,em,t
95,9,12,56.5,1,0.787361659,9.07,4.079,164.9336143,6,W10,em,t
95,10,7,24,0,0.375027623,12.57,,94.24777961,34,W10,em,t
95,11,15,48,2,1.341067364,10.59,4.266,168.8606051,7,W10,em,t
95,12,4,11.5,0,1.896736565,12.65,4.527,133.5176878,2,W16,em,t
95,13,8,10,0,1.537416905,5.92,4.084,106.0287521,5,W10,em,t
95,14,13,9,0,4.569053816,18.11,3.986,62.83185307,6,W10,em,t
95,15,6,8,0,5.059927668,9.87,4.365,27.48893572,13,W14,em,t
95,16,4,11.5,0,2.177516408,10.93,4.203,106.0287521,5,W16,em,t
96,1,8,9.5,3,4.955862411,20.9542,4.571,278.816348,4,W21,am,o
96,2,6,9,1,3.553926689,12.42433,4.688,302.3782929,2,W15,em,t
96,3,10,11,2,3.544109212,15.52539,4.319,172.7875959,3,W10,em,t
96,4,12,14,3,1.054397034,20.5429,4.775,396.6260725,14,OV27,am,o
96,5,18,33.5,1,2.581996462,19.37162,5.143,11.78097245,11,W10,em,t
96,6,7,9,5,3.312416754,10.3257,4.362,376.9911184,0,OV27,am,o
96,7,10,21.5,4,2.422953334,11.51515,4.463,443.7499623,13,W10,em,t
96,8,13,70,4,2.794053966,8.687342,5.291,329.8672286,11,W8,am,t
96,9,7,10,2,2.053816197,14.58366,4.661,109.9557429,11,W14,em,t
96,10,6,66.5,0,2.120575041,19.32648,4.115,0,0,W10,em,t
96,11,18,30.5,2,3.500912313,11.68913,5.058,490.8738521,4,W8,am,t
96,12,20,46.5,3,1.985093858,23.88031,5.975,94.24777961,6,W10,em,t
96,13,14,34,0,2.118611546,21.88791,4.847,0,3,W10,em,t
96,14,5,8,1,1.973312886,14.02467,4.201,113.8827337,12,W16,em,t
96,15,9,16,1,3.999640147,13.18784,4.329,7.853981634,10,W10,em,t
96,16,5,27.5,0,0.398589568,10.41684,4.39,0,2,W16,em,t
97,1,18,18.5,1,0.903207888,11.52668,4.602,94.24777961,3,W6,d,w
97,2,17,112,0,,12.8625,5.356,,2,W10,em,t
97,3,13,56.5,5,1.462804079,15.09726,5.736,302.3782929,21,OV27,am,o
97,4,15,69.5,3,1.741620427,9.615072,5.298,223.8384766,4,W6,d,w
97,5,18,30,0,,16.15075,6.2,,5,W6,d,w
97,6,11,34,0,0.206167018,23.31346,3.904,39.26990817,2,W10,em,t
97,7,5,17,0,1.967422399,41.12704,4.161,7.853981634,133,W10,em,t
97,8,5,2.5,3,2.743003086,33.3544,4.211,239.5464398,2,W10,em,t
97,9,8,6.5,2,0.245436926,48.00804,4.004,47.1238898,4,W10,em,t
97,10,10,5.5,0,0.484983366,50.44297,3.79,47.1238898,100,W10,em,t
97,11,7,14,1,0.115846229,21.81818,3.818,27.48893572,3,OV27,am,o
97,12,12,74.5,0,0.068722339,20.43949,3.962,0,2,W10,em,t
97,13,4,2,0,0.875718952,25.13921,3.75,94.24777961,0,W16,em,t
97,14,12,12,1,0.086393798,24.69398,4.253,23.5619449,4,W10,em,t
97,15,20,34.5,1,0.043196899,17.04872,4.598,31.41592654,3,W21,am,o
97,16,6,7.5,0,0.021598449,19.99127,4.024,11.78097245,1,W16,em,t
98,1,31,168,0,0.021598449,9.762846,4.547,0,4,W10,em,t
98,2,34,122,0,0.007853982,13.37629,5.4,7.853981634,1,W10,em,t
98,3,28,94,0,0.023561945,12.59484,5.903,0,1,W10,em,t
98,4,8,110,0,1.443169125,56.7606,3.369,0,3,W10,em,t
98,5,27,88.5,0,0.424115008,2.138531,5.541,47.1238898,3,W10,em,t
98,6,21,104.5,0,0.728456797,7.070232,4.569,145.2986602,3,W10,em,t
98,7,21,97.5,0,0.231692458,5.430802,4.887,58.90486225,1,W10,em,t
98,8,20,100.5,0,,4.893443,6.232,,11,W10,em,t
98,9,19,100.5,0,2.197151362,8.385846,5.375,0,3,W10,em,t
98,10,31,73.5,0,1.026908099,9.911472,5.5,290.5973205,2,W10,em,t
98,13,26,87,0,0.212057504,4.094146,6.4,74.61282552,2,W10,em,t
98,14,42,97,0,0.043196899,,,0,2,OV27,am,o
98,15,38,108.5,0,0.400553063,5.273027,5.353,0,2,OV27,am,o
98,16,35,78,0,0.591012118,37.00259,3.864,0,1,OV21,am,o
99,1,2,2,1,4.822344723,24.6,4.2,62.83185307,180,W10,em,t
99,2,5,18.5,3,3.489131341,25.6,4.6,145.2986602,114,W10,em,t
99,3,2,1.5,2,4.144938807,22,5.6,23.5619449,162,W8,am,t
99,4,6,4,2,1.89870006,14.5,5.7,129.590697,73,W10,em,t
99,5,3,2,0,2.858849315,23.6,5.3,494.8008429,93,W10,em,t
99,6,6,9,2,0.594939109,23.2,4.1,70.68583471,75,W14,em,t
99,7,9,28.5,3,1.458877089,23.7,6.9,188.4955592,111,W8,am,t
99,8,3,21.5,4,1.174170254,34.3,4.3,27.48893572,126,OV27,am,o
99,9,5,17.5,4,2.552544031,29.7,4.8,47.1238898,165,W14,em,t
99,11,2,6,2,1.191841713,31.6,4.5,117.8097245,170,W16,em,t
99,15,4,2,4,2.534872572,22.7,5.3,145.2986602,184,W10,em,t
99,16,1,1,3,2.114684555,34.2,4.4,43.19689899,71,W10,em,t
100,1,2,5.5,0,0.973893723,11.8,4,0,3,W15,em,t
100,2,1,0.5,0,0.604756586,8.5,4,74.61282552,32,W15,em,t
100,3,6,3.5,0,1.193805208,13.4,4.1,0,30,W15,em,t
100,5,7,3.5,0,3.373285112,10,4.1,0,2,W14,em,t
100,6,2,1,0,1.720021978,74,4,0,1,W15,em,t
100,7,9,19,0,1.231111621,13.1,5.4,0,60,W10,em,t
100,8,4,6.5,0,3.665845928,7.6,4.7,0,64,W10,em,t
100,9,3,1.5,0,1.61202973,7.4,4.4,0,121,W15,em,t
100,10,6,3.5,0,1.939933464,13.8,4.6,0,2,W15,em,t
100,11,2,1,0,3.184789553,5.8,4.6,0,0,W15,em,t
100,12,1,0.5,0,2.477931206,9.9,4.4,0,1,W15,em,t
100,16,3,2,0,1.627737694,38.4,4.2,51.05088062,2,W10,em,t
101,1,2,10,0,1.733766446,10.3,3.996,0,140,W16,em,t
101,2,3,2,0,1.447096116,60.8,4.228,0,13,W10,em,t
101,3,1,0.5,0,1.115265392,11.6,4.7,0,2,W16,em,t
101,4,2,1,0,1.553124868,6.01,4.209,0,6,W16,em,t
101,5,5,4.5,1,1.947787445,8.36,4.124,11.78097245,82,W21,am,o
101,6,6,8.5,2,3.551963194,10.2,5.293,86.39379797,66,W10,em,t
101,7,6,9.5,4,0.871791961,6.91,4.208,196.3495408,25,W21,am,o
101,8,6,19.5,0,0.117809725,3.12,4.016,0,92,W10,em,t
101,9,16,15.5,4,0.706858347,5.47,5.492,223.8384766,62,W21,am,o
101,10,14,11,2,0.325940238,5.68,5.167,62.83185307,34,W21,am,o
101,11,4,17,0,0.659734457,23.66,4.516,0,4,W16,em,t
101,12,16,19.5,5,1.555088364,8.27,5.483,392.6990817,73,W8,am,t
101,13,8,16,1,2.026327262,9.91,5.277,35.34291735,84,W10,em,t
101,14,12,26.5,2,5.682355712,10.8,5.806,121.7367153,19,W10,em,t
101,15,8,11,5,0.995492172,6.05,5.472,353.4291735,164,W10,em,t
101,16,18,48,5,0.903207888,9.72,5.468,408.407045,66,W10,em,t
102,1,1,5,,3.656028451,17.9,4,286.6703296,,W16,em,t
102,2,1,0.5,0,3.041454388,80.2,3.7,113.8827337,2,W16,em,t
102,3,2,8.5,0,2.100940087,27,3.7,200.2765317,25,W16,em,t
102,4,5,2.5,0,2.74103959,24.9,4,0,10,W16,em,t
102,6,15,32.5,0,0.728456797,92.1,5.7,0,0,W4,em,t
102,7,35,63,1,0.746128255,89.8,5.1,0,1,W1,am,t
102,8,12,33,2,3.233876938,68.9,5.4,51.05088062,1,W6,d,w
102,9,4,6.5,0,2.976659039,9.7,5.2,0,2,W15,em,t
102,13,2,1.5,1,3.962333734,33.1,3.6,23.5619449,11,W10,em,t
102,14,2,1,0,3.481277359,11.8,4.3,0,2,W16,em,t
102,15,3,6,0,2.682134728,9.5,5.1,215.9844949,2,W16,em,t
102,16,1,0.5,0,4.443390109,31.8,3.5,0,1,W10,em,t
103,1,11,109.5,,0.964076246,23.5,8.7,0,,W21,am,o
103,2,15,88.5,0,1.953677931,15.8,8.7,0,10,W21,am,o
103,3,10,191.5,0,0.461421421,24.3,8.5,0,0,W21,am,o
103,4,11,109,0,0.296487807,23.3,8.6,0,90,W21,am,o
103,5,16,106.5,1,0.003926991,15.6,8.7,62.83185307,10,OV24,am,o
103,6,12,129,2,0.088357293,15.4,8.5,0,2,W13,am,t
103,7,16,193,3,5.28965663,18.2,8.8,15.70796327,3,W21,am,o
103,8,38,139.5,2,0.001963495,15.8,8.7,31.41592654,1,MG1,am,o
103,9,11,118,1,0.151189146,15,8.7,0,31,W21,am,o
103,10,28,122,2,0.068722339,18,8.6,117.8097245,0,W21,am,o
103,11,13,121,,0.182605073,22.9,8.6,23.5619449,,W21,am,o
103,12,5,102.5,,0.881609438,18,8.5,0,,W13,am,t
103,13,15,118.5,1,0.276852853,14.1,8.8,0,62,W21,am,o
103,14,6,116.5,,0.184568568,15.3,8.6,0,,W21,am,o
103,15,10,109.5,0,0.323976742,15.4,8.8,0,1,W21,am,o
103,16,6,116,0,0.783434668,17.2,8.7,0,40,W21,am,o
